name,short_code,type,region,district,latitude,longitude,zone
Momella,105282-8,public,Arusha,Meru DC,-3.213285,36.861852,northern
2001 GEM PLUS,113310-7,private,Mwanza,Nyamagana MC,-2.56352,32.91265,lake
23KJ,108548-9,public,Kagera,Biharamulo DC,-2.63157,31.33744,lake
24KJ,110967-7,public,Kigoma,Kigoma Ujiji MC,-4.841438,29.643383,central
2D,124115-7,private,Mbeya,Mbeya DC,-8.94805,33.22692,shighland
361 KJ,111824-9,public,Dar Es Salaam,Kinondoni MC,,,coastal
3D,124953-1,private,Dar Es Salaam,Ilala MC,-6.90509,39.21507,coastal
3LN,124920-0,private,Dar Es Salaam,Ilala MC,-6.93857,39.13599,coastal
43KJ,124627-1,public,Ruvuma,Tunduru DC,-11.06869,37.34556,shighland
4REVERSHINE,121016-0,private,Dar Es Salaam,Ubungo MC,,,coastal
511KJ GONGO LA MBOTO,100019-9,public,Dar Es Salaam,Ilala MC,-6.88878,39.15133,coastal
512KJ,100020-7,public,Mwanza,Nyamagana MC,-2.58227,32.91911,lake
514KJ,100021-5,public,Njombe,Makambako TC,-8.83274,34.839154,shighland
692KJ-RADA,122733-9,public,Tabora,Tabora MC,,32.82896,central
821KJ,100542-0,public,Kigoma,Kigoma DC,-5.034967,29.789642,central
830KJKIBITI,121505-2,public,Pwani,Kibiti DC,-7.84931,38.97116,coastal
909 Dental Centre,110841-4,private,Dar Es Salaam,Ilala MC,-6.809073,39.27917,coastal
A AND A,100024-9,private,Mbeya,Mbarali DC,-8.67632,34.304,shighland
A TO Z,121333-9,private,Arusha,Arusha CC,-3.38333,36.59226,northern
A1 EYE SOLUTIONS,113180-4,private,Dar Es Salaam,Ubungo MC,-6.78826,39.10833,coastal
A2Z HEALTHCARE,112328-0,private,Kilimanjaro,Moshi MC,-3.35422,37.34398,northern
AABY-GILLAH,125036-4,private,Dar Es Salaam,Temeke MC,-6.16141,39.31971,coastal
Abbas Medical Centre,109828-4,private,Dar Es Salaam,Ilala MC,-6.81513,39.27406,coastal
ABBYS,112493-2,private,Katavi,Mpanda MC,-6.34429,31.07279,shighland
ABC,123785-8,private,Dar Es Salaam,Kinondoni MC,-6.76333,39.25668,coastal
ABDON MAABARA,123865-8,private,Morogoro,Mlimba DC,-8.10061,36.50966,coastal
ABDUELRAZAQ MOHAMED SALEH,112327-2,private,Kigoma,Kigoma Ujiji MC,-4.85826,29.65142,central
ABEL,122243-9,private,Mara,Tarime TC,-1.338827,34.37536,lake
ABEL,124875-6,private,Mara,Tarime TC,-1.33883,34.37539,lake
ABEMS,114519-2,private,Morogoro,Morogoro MC,-6.73021,37.647713,coastal
ABI,122920-2,private,Dar Es Salaam,Ilala MC,-6.91789,39.17616,coastal
ABIGA,113780-1,private,Mwanza,Misungwi DC,-2.83797,33.0891,lake
ABIKO,123301-4,private,Tanga,Tanga CC,-5.12439,39.05696,coastal
ABILINDA,123833-6,private,Pwani,Mkuranga DC,-6.98318,39.30021,coastal
ABM,113248-9,private,Dar Es Salaam,Ubungo MC,,,coastal
ABM Mwasonga Laboratory,122112-6,private,Dar Es Salaam,Kigamboni MC,,,coastal
ABUU ASMAA,124110-8,private,Dodoma,Dodoma CC,-6.04849,35.62433,central
ACCESS MEDICAL & DIAGNOSTIC,112702-6,private,Dar Es Salaam,Ilala MC,-6.80312,39.27877,coastal
ACDK,111629-2,private,Manyara,Kiteto DC,-5.32693,36.5677,northern
ACLANE,113997-1,private,Morogoro,Mlimba DC,-8.77998,35.81071,coastal
ACLANE USALAMA,123668-6,private,Morogoro,Mlimba DC,-8.76035,35.82938,coastal
ACN,124109-0,private,Morogoro,Mvomero DC,-6.13746,37.63842,coastal
ADE MEDICAL LABORATORY,120658-0,private,Kilimanjaro,Moshi DC,,,northern
ADEFA OPTICAL CENTRE,112995-6,private,Mtwara,Mtwara MC,-10.27169,40.18213,southern
ADELGUNDA,122019-3,private,Mbeya,Mbarali DC,,34.311497,shighland
Aden,123652-0,private,Tabora,Tabora MC,,,central
ADMO,120571-5,private,Dar Es Salaam,Ilala MC,-6.81724,39.26523,coastal
ADN CARE,123643-9,private,Arusha,Arusha CC,-3.37589,36.70298,northern
ADO,122799-0,private,Mbeya,Kyela DC,,,shighland
ADON,113178-8,private,Shinyanga,Kahama MC,-3.80252,32.60134,lake
ADONAI,113095-4,private,Ruvuma,Nyasa DC,-11.28934,34.80098,shighland
ADONAI,114082-1,private,Mwanza,Ilemela MC,-2.50454,32.92468,lake
ADONAI,121471-7,private,Manyara,Mbulu TC,-3.85521,35.54817,northern
ADONAI,122135-7,private,Mbeya,Mbeya CC,,,shighland
ADONAI,122870-9,private,Mbeya,Chunya DC,,,shighland
ADONIRAM,114781-8,private,Kagera,Ngara DC,-2.50993,30.65352,lake
ADRIKALO,111902-3,private,Dar Es Salaam,Ilala MC,-6.80516,39.27842,coastal
ADVANCE DENTAL & IMPLANT CENTER,124383-1,private,Dar Es Salaam,Kinondoni MC,-6.76724,39.28339,coastal
ADVERT,112008-8,private,Katavi,Mpanda MC,-6.34682,31.07613,shighland
AEROSPACE,120282-9,private,Dar Es Salaam,Ilala MC,,,coastal
AFANA EYE CARE,110995-8,private,Mbeya,Mbeya CC,-8.89592,33.44146,shighland
AFK,122364-3,private,Dar Es Salaam,Ubungo MC,-6.45062,39.05535,coastal
AFRANA,123647-0,private,Tabora,Nzega DC,,,central
AFRANN,113203-4,private,Tabora,Nzega DC,-4.03072,33.13375,central
Afranna,122257-9,private,Tabora,Nzega DC,,,central
AFRI SALASALA,114318-9,private,Dar Es Salaam,Kinondoni MC,-6.70152,39.19769,coastal
AFRICA AMINI,121320-6,private,Arusha,Meru DC,-3.21182,36.85576,northern
AFRICA HEALTHCARE NETWORK HEALTH CENTER,123798-1,private,Dar Es Salaam,Kinondoni MC,,,coastal
AFRICANA,112096-3,private,Dar Es Salaam,Temeke MC,-6.86653,39.27168,coastal
AFRITURKIYE,123732-0,private,Dar Es Salaam,Kinondoni MC,-6.77559,39.24407,coastal
Afya,122313-0,private,Mbeya,Mbeya CC,,33.471954,shighland
Afya,123665-2,private,Morogoro,Morogoro MC,,,coastal
AFYA,100035-5,private,Katavi,Mpanda MC,-6.34013,31.06891,shighland
AFYA BORA,121185-3,private,Dar Es Salaam,Kinondoni MC,-6.77631,39.26013,coastal
AFYA CARE,113460-0,private,Dar Es Salaam,Ilala MC,,,coastal
AFYA CARE,122139-9,private,Mbeya,Mbeya CC,,33.46226,shighland
AFYA CARE CHARITABLE,100039-7,private,Dar Es Salaam,Ilala MC,-6.827736,39.19782,coastal
AFYA CARE CHARITABLE,111888-4,private,Dar Es Salaam,Ubungo MC,-6.79672,39.12846,coastal
AFYA CARE SINZA,110612-9,private,Dar Es Salaam,Ubungo MC,-6.78639,39.22538,coastal
AFYA CHECK,114234-8,private,Dodoma,Dodoma CC,-6.16277,35.74578,central
AFYA HEALTHCARE,124333-6,private,Mwanza,Nyamagana MC,-2.53704,32.90763,lake
AFYA JAMII,124435-9,private,Dar Es Salaam,Ilala MC,-6.81827,39.21953,coastal
AFYA JAMII,122576-2,private,Dar Es Salaam,Ilala MC,-6.90825,39.17826,coastal
AFYA JAMII MSONGOLA,122902-0,private,Dar Es Salaam,Ilala MC,-6.97879,39.18595,coastal
AFYA KWANZA,121204-2,private,Mwanza,Ilemela MC,-2.50484,32.93147,lake
AFYA KWANZA,113084-8,private,Ruvuma,Songea MC,,,shighland
AFYA MAX,111552-6,private,Arusha,Arusha CC,-3.365947,36.675616,northern
AFYA MAX,120915-4,private,Arusha,Arusha CC,,,northern
AFYA MEDICAL CARE LABORATORY,121423-8,private,Pwani,Mkuranga DC,-7.009281,39.314161,coastal
AFYA MEDICARE,111873-6,private,Njombe,Makambako TC,-8.84159,34.83342,shighland
AFYA NJEMA,124103-3,private,Geita,Chato DC,-3.03038,31.76134,lake
AFYA PLAZA,123747-8,private,Morogoro,Kilosa DC,-6.82792,36.98862,coastal
AFYA YETU,113078-0,private,Ruvuma,Songea MC,,,shighland
AFYA ZONE,123699-1,private,Dodoma,Dodoma CC,-6.13771,35.82649,central
AfyaBora,122767-7,private,Dar Es Salaam,Ilala MC,,,coastal
AFYACHECK,112054-2,private,Mbeya,Mbeya CC,-8.91691,33.46545,shighland
AFYACHECK,121017-8,private,Mbeya,Mbeya CC,,33.46541,shighland
AFYACHECK,123300-6,private,Kilimanjaro,Hai DC,-3.19887,37.23325,northern
AFYAPLUS,123302-2,private,Tanga,Korogwe TC,-5.08272,38.41921,coastal
AFYARISE,124406-0,private,Arusha,Arusha CC,-6.45679,38.21149,northern
Afyatime,112141-7,private,Dar Es Salaam,Ilala MC,-6.82666,39.26424,coastal
AGA KHAN,113429-5,private,Kagera,Bukoba MC,-1.33075,31.81224,lake
AGA KHAN,112974-1,private,Tabora,Tabora MC,-5.01862,32.81113,central
AGA KHAN,100046-2,private,Dodoma,Dodoma CC,-6.18001,35.74636,central
AGA KHAN,108577-8,private,Arusha,Arusha CC,-3.37077,36.68944,northern
AGA KHAN,100045-4,private,Iringa,Iringa MC,-7.78328,35.69643,shighland
AGA KHAN,100044-7,private,Morogoro,Morogoro MC,-6.82926,37.66494,coastal
AGA KHAN,100047-0,private,Dar Es Salaam,Ilala MC,-6.84264,39.18546,coastal
AGA KHAN,111532-8,private,Dar Es Salaam,Kinondoni MC,-6.74966,39.24036,coastal
AGA KHAN,110621-0,private,Dar Es Salaam,Kinondoni MC,-6.72554,39.21402,coastal
AGA KHAN,113635-7,private,Mara,Bunda TC,-2.02327,33.87325,lake
AGA KHAN,111907-2,private,Dar Es Salaam,Kigamboni MC,-6.87673,39.34119,coastal
AGA KHAN,112162-3,private,Shinyanga,Kahama MC,-3.82464,32.59013,lake
AGA KHAN,110808-3,private,Dar Es Salaam,Ilala MC,-6.81974,39.28424,coastal
AGA KHAN,100053-8,private,Mbeya,Mbeya CC,-8.89312,33.44157,shighland
AGA KHAN,120416-3,private,Dar Es Salaam,Ilala MC,-6.82893,39.28424,coastal
AGA KHAN,120417-1,private,Dar Es Salaam,Ilala MC,-6.93022,39.21839,coastal
AGA KHAN,123471-5,private,Arusha,Arusha CC,-3.37077,36.68944,northern
AGA KHAN KIBAHA,114837-8,private,Pwani,Kibaha TC,-6.75287,38.93428,coastal
AGA KHAN MASAKI,120284-5,private,Dar Es Salaam,Kinondoni MC,-6.7468,39.27632,coastal
AGA KHAN MEDICAL MASAKI,111928-8,private,Dar Es Salaam,Kinondoni MC,,,coastal
AGA KHAN SINZA,114463-3,private,Dar Es Salaam,Ubungo MC,-6.788601,39.218807,coastal
AGA KHAN UKONGA,112229-0,private,Dar Es Salaam,Ilala MC,-6.86637,39.19892,coastal
AGA KHAN YOMBO VITUKA,114022-7,private,Dar Es Salaam,Temeke MC,-6.89173,39.22363,coastal
AGA SON,124424-3,private,Pwani,Mkuranga DC,-7.01658,39.30324,coastal
AGANYIRA,121234-9,private,Dar Es Salaam,Ilala MC,,,coastal
AGAPE,112674-7,private,Morogoro,Morogoro MC,-6.81366,37.66942,coastal
AGAPE,100050-4,private,Lindi,Liwale DC,-9.802,37.93013,southern
AGAPE,123852-6,private,Mara,Musoma MC,-1.53488,33.78663,lake
AGAPE,113082-2,private,Ruvuma,Songea MC,,,shighland
AGAPE,113321-4,private,Mwanza,Ilemela MC,-2.49175,32.49175,lake
AGAPE,111982-5,private,Arusha,Arusha CC,-3.396758,36.658008,northern
AGAPE,111570-8,private,Pwani,Kisarawe DC,-6.80108,39.02182,coastal
AGAPE,112276-1,private,Arusha,Karatu DC,-3.32022,35.40452,northern
AGAPE HEALTH  SERVICES,122671-1,private,Mbeya,Kyela DC,-9.62376,33.87758,shighland
AGAPE HEALTH LABORATORY,122628-1,private,Dodoma,Chemba DC,-5.18113,36.29479,central
AGHAKI,111833-0,private,Iringa,Mufindi DC,,,shighland
AGHANKIKO,121258-8,private,Dar Es Salaam,Kinondoni MC,,,coastal
AGKI,121409-7,private,Pwani,Kibaha DC,-6.7834034,38.859116,coastal
AGM,112683-8,private,Dar Es Salaam,Temeke MC,-6.86391,39.26955,coastal
AGUSTINO,121052-5,private,Shinyanga,Kahama MC,-3.83125,32.62121,lake
AHMADIYYA,100056-1,private,Morogoro,Morogoro MC,-6.82734,37.66318,coastal
AHN DAREDA,124480-5,private,Manyara,Babati DC,-4.24021,35.49297,northern
AHP HEALTHCARE MBAGALA,120745-5,private,Dar Es Salaam,Temeke MC,,,coastal
Ahsante,121172-1,private,Manyara,Kiteto DC,-5.31297,36.56237,northern
AIC BWERI,100058-7,private,Mara,Musoma MC,-1.53519,33.84328,lake
AICC,109601-5,public,Arusha,Arusha CC,-3.37481,36.69946,northern
AICHO,122511-9,public,Manyara,Mbulu TC,-3.70513,35.53367,northern
AICT BUNDA,100061-1,private,Mara,Bunda TC,-2.01881,33.872,lake
AICT IGAGANULWA,101046-1,private,Simiyu,Bariadi DC,-2.517561,33.971206,lake
AICT MAGAMBUA,103903-1,private,Dodoma,Chemba DC,-5.16193,35.29838,central
AICT MUSOMA,100059-5,private,Mara,Musoma MC,-1.51269,33.80245,lake
AIRMED ADVANCED FERTILITY CENTRE,120909-7,private,Dar Es Salaam,Kinondoni MC,-6.75076,39.28094,coastal
AIRPORT M6,113443-6,private,Dar Es Salaam,Ilala MC,-6.85836,39.20401,coastal
AIRPORT POLICE,100069-4,public,Dar Es Salaam,Ilala MC,-6.87122,39.20314,coastal
AIRPORT TANZANIA,110667-3,public,Dar Es Salaam,Ilala MC,-6.862977,39.206299,coastal
AIRWING 603 ATS,100070-2,public,Dar Es Salaam,Ilala MC,-6.868095,39.19808,coastal
AISON,123716-3,private,Dar Es Salaam,Ubungo MC,-6.74024,39.16528,coastal
AIZAR,122685-1,private,Dar Es Salaam,Ilala MC,-6.48535,39.17115,coastal
AJ,123578-7,private,Dar Es Salaam,Kinondoni MC,-6.76234,39.23195,coastal
AJIM,122057-3,private,Dar Es Salaam,Temeke MC,-6.89288,39.23547,coastal
AK,124379-9,private,Dar Es Salaam,Ubungo MC,-6.70882,39.16963,coastal
AKIM DENTAL SERVICES,100072-8,private,Dar Es Salaam,Ilala MC,-6.81857,39.28699,coastal
AL - AMAL,100079-3,private,Iringa,Iringa MC,-7.77564,35.70213,shighland
AL ABBAS DENTAL,114349-4,private,Kagera,Bukoba MC,-1.32539,31.81136,lake
AL JAZEERA,125067-9,private,Morogoro,Morogoro MC,-6.79165,37.75534,coastal
AL JUMAA,100086-8,private,Dar Es Salaam,Ilala MC,-6.818188,39.275753,coastal
Al Karimu,100078-5,private,Dar Es Salaam,Ilala MC,-6.840399,39.237449,coastal
AL KIPONZA,120589-7,private,Dar Es Salaam,Temeke MC,-6.97628,39.21686,coastal
AL-EHSAA,100082-7,private,Kilimanjaro,Moshi MC,-3.36883,37.34578,northern
AL-IJUMAA,100085-0,private,Mwanza,Nyamagana MC,-2.520509,32.902825,lake
AL-MANSOOR,112065-8,private,Singida,Singida DC,-4.63479,34.65291,central
AL-MOHLEM,100092-6,private,Tanga,Tanga CC,-5.08303,39.11682,coastal
AL-RAHMAH,121819-7,private,Pwani,Mkuranga DC,-7.12159,39.17275,coastal
AL-SHIFA,112346-2,private,Dar Es Salaam,Kinondoni MC,-6.76203,39.25064,coastal
AL-TABIBU,112983-2,private,Mtwara,Mtwara MC,-10.36506,40.16107,southern
ALABAMA,124250-2,public,Morogoro,Malinyi DC,-8.64884,36.40456,coastal
ALAILELAI,111227-5,public,Arusha,Ngorongoro DC,-2.95672,35.69837,northern
ALAMANO,100080-1,private,Iringa,Iringa MC,-7.77281,35.70111,shighland
ALARA,110613-7,private,Dar Es Salaam,Kigamboni MC,-6.92845,39.26354,coastal
ALBINA,120570-7,private,Kilimanjaro,Moshi MC,-3.3440361,37.3406468,northern
ALBU SAID HEALTH,120875-0,private,Dar Es Salaam,Kinondoni MC,-6.81914,39.24596,coastal
ALEGA,122661-2,private,Geita,Geita TC,-2.91492,32.24505,lake
ALEP,112947-7,private,Kilimanjaro,Moshi DC,-3.40753,37.36253,northern
ALEPH,122562-2,private,Dar Es Salaam,Kinondoni MC,-6.65782,39.23947,coastal
ALEX,121973-2,private,Dar Es Salaam,Ubungo MC,,,coastal
ALEXIA,110629-3,private,Dar Es Salaam,Temeke MC,-6.94335,39.30899,coastal
ALFA,113555-7,private,Katavi,Mpanda MC,-6.3442,31.07046,shighland
ALFA,111435-4,private,Dar Es Salaam,Ilala MC,-6.79789,39.27839,coastal
ALFA,123815-3,private,Dar Es Salaam,Kinondoni MC,-6.16245,39.46278,coastal
ALFA,123958-1,private,Geita,Geita DC,-2.81039,32.03877,lake
ALFA AND OMEGA,121351-1,private,Dar Es Salaam,Ubungo MC,,,coastal
ALFA-PROLIFE,111703-5,private,Morogoro,Morogoro MC,-6.796398,37.676988,coastal
ALFADENT,122552-3,private,Dar Es Salaam,Kinondoni MC,,,coastal
ALFIRDAUS,114441-9,private,Kigoma,Kigoma Ujiji MC,-4.907127,29.66985,central
ALHAS,122563-0,private,Dar Es Salaam,Kinondoni MC,-6.56123,39.71536,coastal
ALIMAUA,121417-0,public,Dar Es Salaam,Kinondoni MC,-6.47099,39.24203,coastal
ALINDA,113047-5,private,Kagera,Bukoba MC,-1.32175,31.793918,lake
ALIRA,112626-7,private,Dar Es Salaam,Ilala MC,-6.8092,39.28655,coastal
ALISHIA,122217-3,private,Arusha,Meru DC,,,northern
ALISIA,121037-6,private,Shinyanga,Kishapu DC,-3.61968,33.8076,lake
ALJAMIH,110303-5,private,Morogoro,Morogoro MC,-6.80408,37.66922,coastal
ALKARIA,100087-6,public,Arusha,Monduli DC,-3.32432,36.30118,northern
ALL SMILES,111900-7,private,Dar Es Salaam,Ilala MC,-6.81161,39.28679,coastal
ALLAMANO MAKIUNGU,104105-2,private,Singida,Ikungi DC,-4.96856,34.85934,central
ALLCARE HEALTH,125139-6,private,Mara,Musoma MC,-1.49747,33.80788,lake
ALLIANCE,123624-9,private,Pwani,Bagamoyo DC,-6.76758,35.06836,coastal
ALLIANCE ONE,100090-0,private,Morogoro,Morogoro DC,-6.77842,37.76137,coastal
ALPHA,100093-4,private,Mara,Tarime DC,-1.25212,34.4751,lake
ALPHA,114233-0,private,Dodoma,Dodoma CC,,,central
ALPHA,112826-3,private,Geita,Geita TC,-2.87762,32.26384,lake
ALPHA,113307-3,private,Mwanza,Ilemela MC,-2.49398,32.91263,lake
ALPHA,112651-5,private,Morogoro,Morogoro MC,-6.786597,37.659471,coastal
ALPHA,112337-1,private,Iringa,Kilolo DC,-7.46623,36.50618,shighland
Alpha,121712-4,private,Morogoro,Morogoro DC,,,coastal
ALPHA,122219-9,private,Manyara,Babati TC,-3.66011,35.84213,northern
ALPHA,123702-3,private,Dodoma,Dodoma CC,-6.16831,35.73403,central
ALPHA and OMEGA,122065-6,private,Dar Es Salaam,Ilala MC,,,coastal
ALPHA CARE,120372-8,private,Dodoma,Dodoma CC,-6.38971,35.74487,central
ALSA MEDICARE,123657-9,private,Pwani,Bagamoyo DC,-6.58373,39.03821,coastal
ALSHEIKH,109507-4,private,Iringa,Kilolo DC,,,shighland
ALTO,123519-1,private,Ruvuma,Mbinga DC,-10.67607,35.13291,shighland
ALTO,121474-1,private,Njombe,Njombe TC,-9.33751,37.76852,shighland
ALTUS MEDICAL CARE,123739-5,private,Dar Es Salaam,Kigamboni MC,-6.86661,39.37137,coastal
ALUTA CLINICA,120615-0,private,Dodoma,Dodoma CC,,,central
ALVES,122983-0,private,Dar Es Salaam,Temeke MC,-6.00081,38.90907,coastal
ALVES,122230-6,private,Manyara,Babati TC,,,northern
ALWIDAD,123233-9,private,Tanga,Tanga CC,-5.73665,38.58326,coastal
ALYSSA HEALTH LABORATORY,121948-4,private,Kagera,Bukoba MC,-1.33804,31.80776,lake
AM,123845-0,private,Dar Es Salaam,Ilala MC,-6.90657,39.14254,coastal
AMAGAMBO NI BHUKE BHUKE MEDICAL,124437-5,private,Rukwa,Kalambo DC,-8.14414,31.43413,shighland
AMAN,114461-7,private,Tabora,Urambo DC,-5.207059,32.082485,central
AMAN,123465-7,private,Mwanza,Ilemela MC,-2.90484,33.76147,lake
AMANA EYE CENTRE,112749-7,private,Dar Es Salaam,Ilala MC,-6.82798,39.25867,coastal
AMANDA,113064-0,private,Njombe,Njombe TC,-9.37339,34.80482,shighland
Amanda,122809-7,private,Ruvuma,Madaba DC,,,shighland
AMANI,100108-0,private,Dodoma,Dodoma CC,-6.16039,35.76065,central
AMANI,100109-8,private,Manyara,Babati TC,-4.20857,35.75193,northern
AMANI,114470-8,private,Mwanza,Ilemela MC,-2.52967,32.96195,lake
AMANI,102572-5,public,Dar Es Salaam,Ubungo MC,-6.80665,39.07537,coastal
AMANI,114689-3,private,Morogoro,Morogoro MC,-6.79604,37.65021,coastal
Amani,121374-3,private,Pwani,Kibaha TC,-6.77012,39.01594,coastal
AMANI,122114-2,private,Simiyu,Bariadi TC,,,lake
Amani,122255-3,private,Tabora,Nzega TC,-4.2212,33.1857,central
AMANI,122841-0,private,Dar Es Salaam,Ubungo MC,,,coastal
AMANI,123736-1,private,Dar Es Salaam,Ilala MC,-6.80097,39.27453,coastal
AMANI,120292-8,private,Mara,Bunda TC,-2.01451,33.86136,lake
AMANI,113069-9,private,Ruvuma,Songea MC,,,shighland
AMANI,100107-2,public,Tanga,Muheza DC,-5.10012,38.63348,coastal
AMANI,111694-6,public,Tanga,Handeni DC,-5.71533,38.23912,coastal
AMANI,113304-0,private,Pwani,Kibaha TC,-6.74867,38.90404,coastal
AMANI,111948-6,private,Mtwara,Tandahimba DC,-10.76401,39.64431,southern
Amani,100100-7,public,Njombe,Ludewa DC,-9.94648,34.89538,shighland
AMANI,113390-9,private,Mwanza,Ilemela MC,-2.48335,32.90711,lake
AMANI,100105-6,public,Ruvuma,Namtumbo DC,-11.47111,36.65333,shighland
AMANI,100106-4,public,Ruvuma,Tunduru DC,-11.21349,37.45284,shighland
AMANI,114696-8,public,Mtwara,Newala TC,-10.98106,39.39657,southern
AMANI,108988-7,private,Tanga,Handeni TC,-5.42361,38.02162,coastal
AMANI,100111-4,private,Mwanza,Nyamagana MC,-2.54768,32.97922,lake
Amani,121427-9,private,Kagera,Bukoba DC,-1.45828,31.75201,lake
Amani,121795-9,private,Singida,Singida MC,,,central
AMANI,122537-4,private,Kilimanjaro,Moshi DC,-3.40138,37.52521,northern
AMANI,125219-6,private,Arusha,Karatu DC,-3.34658,35.67261,northern
AMANI,124531-5,private,Dar Es Salaam,Kinondoni MC,-6.19327,39.82046,coastal
AMANI GE,111966-8,private,Arusha,Arusha CC,-3.36825,36.68539,northern
AMANI INTERNATIONAL OPTICAL CENTRE,114211-6,private,Njombe,Njombe TC,,,shighland
AMANI MAKOLO,100112-2,public,Ruvuma,Mbinga DC,-10.674759,35.135415,shighland
AMANI MEDICS,112221-7,private,Dodoma,Dodoma CC,-6.15357,35.73833,central
AMANI RD,120530-1,private,Dar Es Salaam,Ubungo MC,,,coastal
AMANI SEIF MEMORIAL,111908-0,private,Dar Es Salaam,Ilala MC,-7.033906,39.070953,coastal
AMANICHIRORO,122165-4,public,Mtwara,Masasi DC,-10.79424,38.62296,southern
AMANIKA,125146-1,private,Arusha,Meru DC,-3.55471,36.91304,northern
AMANIRAU,124038-1,private,Kilimanjaro,Moshi MC,-3.19222,37.20597,northern
AMANUA,124335-1,private,Dar Es Salaam,Temeke MC,-6.00123,29.00234,coastal
AMAROUNA,122596-0,private,Pwani,Bagamoyo DC,-6.44439,38.90461,coastal
Amati,122246-2,private,Tanga,Tanga CC,-5.09048,39.12449,coastal
AMAZING GRACE HEALTH,123879-9,private,Morogoro,Morogoro MC,-6.04305,37.03857,coastal
AMBRENI,112097-1,public,Arusha,Meru DC,-3.36819,36.75618,northern
AMCARE MEDICAL,125129-7,private,Dar Es Salaam,Kigamboni MC,-6.86493,39.32828,coastal
AMEC,107961-5,private,Tabora,Sikonge DC,-5.48138,32.6768,central
AMECK,115078-8,private,Kilimanjaro,Moshi DC,-3.279712,37.581608,northern
AMEDCARE,124573-7,private,Arusha,Meru DC,-3.36917,36.88142,northern
AMEKI,111640-9,private,Mbeya,Kyela DC,-9.60517,33.85842,shighland
AMEN,112037-7,private,Manyara,Babati TC,-4.2082,35.74563,northern
AMEN,113184-6,private,Tabora,Tabora MC,-5.02836,32.80176,central
AMEN,113333-9,private,Mwanza,Ilemela MC,-2.53197,32.94011,lake
AMEN,111681-3,private,Kagera,Ngara DC,-2.51155,30.6538,lake
AMENAH'S,124027-4,private,Arusha,Arusha CC,-3.37603,36.66193,northern
AMENI,100120-5,private,Mbeya,Kyela DC,-9.59996,33.86665,shighland
AMENI,100121-3,private,Dar Es Salaam,Ubungo MC,-6.78339,39.22297,coastal
AMENYE,124956-4,private,Mbeya,Mbeya CC,-8.92561,33.45851,shighland
AMERICAN,122897-2,private,Dar Es Salaam,Kinondoni MC,-6.77059,39.27378,coastal
AMIGO,113194-5,private,Tabora,Urambo DC,-5.06947,32.07248,central
AMIGO,120720-8,private,Dar Es Salaam,Ubungo MC,,,coastal
AMINA,114225-6,private,Singida,Iramba DC,,,central
AMINA,111942-9,private,Tanga,Tanga CC,-5.09369,39.0977,coastal
AMIR,122995-4,private,Lindi,Liwale DC,-9.80757,37.92237,southern
AMO,124892-1,private,Tabora,Tabora MC,-5.03545,32.80188,central
AMODO MORDEN,114310-6,private,Dar Es Salaam,Ilala MC,,,coastal
AMOREK HEALTH CLINIC,121231-5,private,Kagera,Muleba DC,-1.60168,31.72182,lake
AMRED,120575-6,private,Dar Es Salaam,Kinondoni MC,,,coastal
AMREF HEALTH AFRICA,113403-0,private,Dar Es Salaam,Ilala MC,-6.80899,39.28654,coastal
AMRI,121267-9,private,Singida,Singida MC,-4.80951,34.7376,central
Amsterdam,107732-0,private,Tanga,Tanga CC,-5.088497,39.110085,coastal
AMUCTA,109829-2,private,Tabora,Tabora MC,-5.02433,32.81594,central
ANDREW,123868-2,private,Dar Es Salaam,Ubungo MC,-6.51102,39.52015,coastal
ANE AFYA CARE,110610-3,private,Dar Es Salaam,Ilala MC,-6.863498,39.167459,coastal
ANGALIA,121179-6,public,Ruvuma,Tunduru DC,-11.31341,37.38501,shighland
ANGAZA,112967-5,private,Lindi,Nachingwea DC,-10.36904,38.76445,southern
ANGAZA,123513-4,private,Dar Es Salaam,Temeke MC,-6.01234,39.00234,coastal
ANGAZA VCT,111292-9,public,Ruvuma,Songea MC,-10.67188,35.64617,shighland
ANGELISTA,124907-7,private,Arusha,Arusha DC,-3.44149,36.73905,northern
ANGEL`S,114418-7,private,Pwani,Kisarawe DC,-7.272215,38.768936,coastal
ANGESCENCIA,124385-6,private,Arusha,Arusha DC,-3.33867,36.69987,northern
ANIRA,124096-9,private,Morogoro,Mvomero DC,-6.91982,37.42873,coastal
ANIVONA,114753-7,private,Pwani,Kibaha TC,-6.72633,38.87484,coastal
ANKO J(MICO),113485-7,private,Dar Es Salaam,Kinondoni MC,-6.79686,39.2482,coastal
ANNABEL MUGOMA,114784-2,public,Kagera,Ngara DC,-2.53516,30.61664,lake
ANNE,100133-8,private,Mbeya,Kyela DC,-9.483319,33.8795,shighland
ANNE HILLARY,120721-6,private,Pwani,Chalinze DC,-6.331885,38.390144,coastal
ANNE KIILU,100134-6,public,Kilimanjaro,Moshi DC,-3.31783,37.41059,northern
ANNOINTING MEDICAL,122847-7,private,Arusha,Arusha CC,-3.40767,36.67525,northern
ANSA,110515-4,private,Dar Es Salaam,Temeke MC,-6.97732,39.21285,coastal
ANTONIA,122832-9,private,Mtwara,Newala TC,-10.95185,39.27407,southern
ANTONIA VERNA,122314-8,private,Dar Es Salaam,Kinondoni MC,-6.69268,39.16328,coastal
ANTONIO VERNA,108704-8,private,Dar Es Salaam,Kinondoni MC,-6.73669,39.22851,coastal
APALA,111927-0,private,Dar Es Salaam,Kinondoni MC,-6.8124,39.26,coastal
APAN,113222-4,private,Tanga,Tanga CC,-5.071397,39.093468,coastal
APEX,121526-8,private,Dodoma,Dodoma CC,-6.95432,37.12259,central
APEX,121716-5,private,Mwanza,Nyamagana MC,-2.54439,32.97963,lake
APOLLO  TANDIKA,124876-4,private,Dar Es Salaam,Temeke MC,-6.86474,39.26196,coastal
APOLLO MEDICAL CENTRE,100136-1,private,Dar Es Salaam,Ilala MC,-6.81857,39.28314,coastal
APOSTLES OF JESUS NJIA,100026-4,private,Dar Es Salaam,Ilala MC,-6.83799,39.19058,coastal
APPLE,112755-4,private,Morogoro,Morogoro MC,,,coastal
APPLE VALLEY,120583-0,private,Dar Es Salaam,Kigamboni MC,-6.870913,39.34663,coastal
APPLEDENT,122327-0,private,Dar Es Salaam,Kinondoni MC,-6.80629,39.25724,coastal
ARAFA,110833-1,private,Morogoro,Kilosa DC,-7.65657,36.98372,coastal
ARAFA,121533-4,private,Rukwa,Kalambo DC,-8.72421,31.7272,shighland
ARAFA AIRPORT,123173-7,private,Dar Es Salaam,Ilala MC,-6.85836,39.20401,coastal
ARAFA AMANI,100142-9,private,Dar Es Salaam,Ilala MC,-6.888277,39.118159,coastal
ARAFA ANABA,110593-1,private,Dar Es Salaam,Temeke MC,-6.92228,39.23557,coastal
Arafa Anne,111791-0,private,Dar Es Salaam,Ilala MC,-6.84382,39.21831,coastal
ARAFA AZIMIO,110602-0,private,Dar Es Salaam,Temeke MC,-6.87562,39.26611,coastal
ARAFA BUGURUNI GHANA,111441-2,private,Dar Es Salaam,Ilala MC,-6.83224,39.24198,coastal
ARAFA CHANIKA,110525-3,private,Dar Es Salaam,Ilala MC,-7.00401,39.07818,coastal
ARAFA CHARAMBE,120401-5,private,Dar Es Salaam,Temeke MC,,,coastal
ARAFA CHARITABLE KIPUNGUNI,110615-2,private,Dar Es Salaam,Ilala MC,-6.887388,39.18879,coastal
ARAFA CM,113522-7,private,Dar Es Salaam,Temeke MC,-6.92328,39.25856,coastal
ARAFA CORNER,100154-4,private,Dar Es Salaam,Ubungo MC,-6.78898,39.19297,coastal
ARAFA DAIMA,114018-5,private,Dar Es Salaam,Temeke MC,-6.93785,39.26202,coastal
ARAFA FURAHA,111202-8,private,Tabora,Nzega DC,-4.77345,33.23407,central
ARAFA HIGHLAND,111837-1,private,Dar Es Salaam,Ilala MC,-6.88777,39.16945,coastal
ARAFA HURUMA,100147-8,private,Dar Es Salaam,Kinondoni MC,-6.66753,39.18776,coastal
ARAFA IKWIRIRI,100148-6,private,Pwani,Rufiji DC,-7.954202,38.982116,coastal
ARAFA JARIBU,100149-4,private,Pwani,Kibiti DC,-7.546859,39.131019,coastal
ARAFA KIBEREGE,111666-4,private,Morogoro,Ifakara TC,-7.95188,36.861361,coastal
ARAFA KIBUTA,125008-3,private,Pwani,Kisarawe DC,-7.08597,38.55779,coastal
Arafa Kigogo,111089-9,private,Dar Es Salaam,Kinondoni MC,-6.8161,39.2538,coastal
ARAFA KILAKALA,110523-8,private,Dar Es Salaam,Temeke MC,-6.868475,39.241608,coastal
ARAFA KILUNGULE,123589-4,private,Dar Es Salaam,Temeke MC,-6.91015,39.24093,coastal
ARAFA KISIWANI,100153-6,private,Dar Es Salaam,Kigamboni MC,-6.843464,39.32206,coastal
Arafa Kisukuru,111658-1,private,Dar Es Salaam,Ilala MC,-6.826768,39.179626,coastal
ARAFA LULU,100139-5,private,Dar Es Salaam,Ilala MC,-6.90797,39.20252,coastal
ARAFA MAJUMBA SITA,100156-9,private,Dar Es Salaam,Ilala MC,-6.86596,39.19964,coastal
ARAFA MANGARO,111577-3,private,Morogoro,Kilosa DC,-7.407138,36.978115,coastal
ARAFA MAPINDUZI,100157-7,private,Dar Es Salaam,Temeke MC,-6.92709,39.26505,coastal
ARAFA MBEZI,100159-3,private,Dar Es Salaam,Ubungo MC,-6.7828,39.11346,coastal
ARAFA MWEMBE YANGA  CENTER,123639-7,private,Dar Es Salaam,Temeke MC,-6.32321,38.90089,coastal
ARAFA MWENDAPOLE,100267-4,private,Pwani,Kibaha TC,-6.75084,38.90674,coastal
ARAFA NEEMA,100163-5,private,Dar Es Salaam,Ilala MC,-6.91551,39.12282,coastal
ARAFA NHC,100162-7,private,Dar Es Salaam,Ubungo MC,-6.79208,39.21271,coastal
ARAFA SAMEER,112633-3,private,Dar Es Salaam,Ilala MC,-6.856517,39.239522,coastal
ARAFA SEGEREA,121754-6,private,Dar Es Salaam,Ilala MC,-6.3085,38.3055,coastal
ARAFA SES CHARITABLE,100166-8,private,Dar Es Salaam,Ilala MC,-6.84449,39.19694,coastal
ARAFA SINZA,110786-1,private,Dar Es Salaam,Ubungo MC,-6.78857,39.22475,coastal
ARAFA UGWENO,100168-4,private,Dar Es Salaam,Temeke MC,-6.86719,39.25908,coastal
ARAFA UMOJA,110521-2,private,Dar Es Salaam,Temeke MC,-6.87362,39.26928,coastal
ARAFA UPENDO,100169-2,private,Dar Es Salaam,Temeke MC,-6.85673,39.26251,coastal
ARAFA UZURI,108639-6,private,Dar Es Salaam,Ubungo MC,-6.79392,39.23314,coastal
ARAFA VIGAENI,110639-2,private,Dar Es Salaam,Kinondoni MC,-6.62014,39.11132,coastal
ARAFA YOMBO RELINI,107081-2,private,Dar Es Salaam,Temeke MC,-6.87034,39.230881,coastal
ARAFA ZAKHEM,110618-6,private,Dar Es Salaam,Temeke MC,-6.91362,39.27055,coastal
ARAFA-KIPARANG'ANDA,100171-8,private,Pwani,Mkuranga DC,-7.14991,39.1803,coastal
ARAFA-UPENDO,122248-8,private,Tabora,Uyui DC,-5.14131,33.4946,central
ARAFAH,123750-2,private,Singida,Singida MC,-4.72771,34.71342,central
ARAFAT BASNA,110778-8,private,Dar Es Salaam,Ubungo MC,-6.76083,39.07319,coastal
ARARAT,122990-5,private,Dar Es Salaam,Kigamboni MC,-6.84521,39.31543,coastal
ARARAT,124134-8,private,Shinyanga,Kahama MC,-3.82741,32.59801,lake
ARASH,100173-4,private,Arusha,Ngorongoro DC,-2.3769,35.50596,northern
ARCANE,124439-1,private,Mwanza,Nyamagana MC,-2.50609,32.90354,lake
ARCS,111594-8,private,Njombe,Njombe TC,-9.35286,34.78817,shighland
ARDHI INSTITUTE,100176-7,private,Morogoro,Morogoro MC,-6.82639,37.67594,coastal
ARDHI UNIVERSITY,108661-0,public,Dar Es Salaam,Kinondoni MC,-6.76674,39.213,coastal
AREA A,121188-7,private,Dodoma,Dodoma CC,,,central
ARH,124421-9,private,Pwani,Mkuranga DC,-7.43578,39.31919,coastal
ARISE,121180-4,private,Dar Es Salaam,Ilala MC,-6.82187,39.27838,coastal
ARISE & SHINE,123594-4,private,Mbeya,Mbeya DC,,,shighland
ARIZONA MEDICAL,124423-5,private,Pwani,Mkuranga DC,-6.95384,39.28469,coastal
ARKATAN,100179-1,public,Arusha,Monduli DC,-3.41991,36.39205,northern
ARMI,120468-4,private,Dar Es Salaam,Kinondoni MC,,,coastal
ARRI,100182-5,public,Manyara,Mbulu DC,-4.0125,35.428779,northern
ARRI TSAAYO,100183-3,public,Manyara,Babati DC,-4.24142,35.58945,northern
Arusha CC,124641-2,public,Arusha,Arusha CC,,,northern
ARUSHA CENTRE,111993-2,private,Arusha,Arusha CC,,,northern
ARUSHA CHINI,110719-2,public,Mtwara,Nanyamba TC,-10.60603,40.14393,southern
Arusha DC,124642-0,public,Arusha,Arusha DC,,,northern
ARUSHA HEALTH CENTRE FOR WOMEN,100187-4,private,Arusha,Arusha CC,-3.36106,36.68535,northern
ARUSHA JUNIOR,111965-0,private,Arusha,Arusha CC,-3.368606,36.681106,northern
ARUSHA LIFECARE MEDICAL  CENTRE,124407-8,private,Arusha,Arusha CC,-3.37721,36.67611,northern
ARUSHA LUTHERAN MEDICAL CENTRE CENTER,100188-2,private,Arusha,Arusha CC,-3.36626,36.68231,northern
ARUSHA PROSTHETICS AND ORTHOTICS,125163-6,private,Arusha,Arusha DC,-3.32391,36.65191,northern
ARUSHA SCHOOL,100190-8,public,Arusha,Arusha CC,-3.3742,36.69426,northern
ARUSHA SDA,121377-6,private,Arusha,Arusha CC,,,northern
ARUSHA X-RAY CENTRE,100192-4,private,Arusha,Arusha CC,-3.36579,36.699,northern
AS-SADIQ HEALTH SERVICES,112433-8,private,Dar Es Salaam,Ilala MC,-6.49011,39.17124,coastal
ASAMATWA,100193-2,public,Manyara,Kiteto DC,-5.67291,37.03888,northern
Asanje,100194-0,public,Dodoma,Bahi DC,-5.734873,35.72171,central
ASANTE,122740-4,private,Dar Es Salaam,Ilala MC,-6.88293,39.15523,coastal
ASANTE,123278-4,private,Kigoma,Kasulu TC,-4.56847,30.09847,central
ASANTE NYERERE,100195-7,public,Kigoma,Kasulu DC,-4.866151,30.348197,central
ASANTE OPTICAL CENTRE,112851-1,private,Dodoma,Dodoma CC,-6.17814,35.74485,central
ASANTEAFYA,122749-5,private,Pwani,Bagamoyo DC,-6.48067,39.00125,coastal
ASC,114326-2,private,Morogoro,Kilosa DC,-6.69461,37.12259,coastal
ASCHA MEDICS,122334-6,private,Mwanza,Magu DC,-2.556722,33.0474213,lake
ASES,122635-6,private,Dodoma,Dodoma CC,,,central
ASH,122207-4,private,Arusha,Arusha DC,,,northern
ASHE ENGAI,102374-6,private,Kilimanjaro,Siha DC,-3.18129,37.01931,northern
ASHENGAI,113656-3,private,Arusha,Arusha DC,-3.38493,36.58884,northern
ASHOK,112946-9,private,Kilimanjaro,Moshi MC,-3.33476,37.22134,northern
ASKOFU HHANDO,104256-3,private,Arusha,Karatu DC,-3.52903,35.33227,northern
ASSEY,112267-0,private,Morogoro,Mvomero DC,-6.14271,37.61627,coastal
ASSISI,120321-5,private,Dar Es Salaam,Ilala MC,,,coastal
ASTRON,123860-9,private,Dar Es Salaam,Ilala MC,-6.82755,39.22171,coastal
Atta,100197-3,public,Dodoma,Kondoa DC,-4.527112,35.903687,central
ATTENTIVE,122325-4,private,Dar Es Salaam,Kinondoni MC,-6.75465,39.23771,coastal
ATUKUZWE JUU,105003-8,private,Dar Es Salaam,Temeke MC,-6.92112,39.27518,coastal
ATWENDA,122311-4,private,Kagera,Muleba DC,-2.02246,31.57416,lake
AUDENTIA,124516-6,private,Dar Es Salaam,Ubungo MC,-6.78621,39.23001,coastal
AUMA,114357-7,private,Geita,Geita DC,-2.988325,31.940804,lake
AUMA,123160-4,private,Geita,Geita DC,-2.98831,31.94076,lake
AURELIA RURAL MEDICS,120744-8,private,Mbeya,Chunya DC,,33.268356,shighland
AUSIA,121329-7,public,Dodoma,Kondoa TC,-4.97584,35.78755,central
AVENUES,115210-7,private,Dodoma,Dodoma CC,,,central
AVETI,110873-7,private,Arusha,Arusha CC,-3.36314,36.69035,northern
AVIANNA,123941-7,private,Dar Es Salaam,Kinondoni MC,-6.71951,39.23161,coastal
AVIATION,120999-8,private,Dar Es Salaam,Ilala MC,,,coastal
AVICEENA,110813-3,private,Dar Es Salaam,Ilala MC,-6.809568,39.276521,coastal
AVIELA,125090-1,private,Morogoro,Kilosa DC,-6.45647,36.42713,coastal
AVINTA CARE,113552-4,private,Arusha,Arusha CC,-3.37622,36.7024,northern
AVINTA CARE,121376-8,private,Arusha,Arusha CC,,,northern
AVINTACARE MEDICAL CENTRE,120339-7,private,Arusha,Arusha CC,-3.375,36.7025,northern
AVISON,125101-6,private,Dar Es Salaam,Ilala MC,-6.49502,39.15012,coastal
AXIA,123744-5,private,Mbeya,Mbeya CC,-8.54023,33.84363,shighland
AYALABE,100202-1,public,Arusha,Karatu DC,-3.35739,35.689692,northern
AYAMANGO,120969-1,public,Manyara,Babati DC,-4.23855,35.89246,northern
AYASANDA,122531-7,public,Manyara,Babati DC,-4.12432,35.69874,northern
AZANIA,100204-7,private,Dar Es Salaam,Kinondoni MC,-6.81368,39.29261,coastal
AZIMIO,100205-4,public,Tabora,Uyui DC,-4.85505,32.4751,central
AZIMIO,100207-0,public,Ruvuma,Tunduru DC,-11.17379,37.26271,shighland
AZIMIO MSWISWI,111719-1,public,Mbeya,Mbarali DC,-8.77455,33.79121,shighland
B&B,111938-7,private,Dar Es Salaam,Ubungo MC,-6.74133,39.16882,coastal
B&B OPTICAL SUPPLIERS,125245-1,private,Mwanza,Nyamagana MC,-2.52072,32.90723,lake
B.J. SISO-MMASI,110777-0,private,Dar Es Salaam,Ubungo MC,-6.77046,39.07188,coastal
B.M.A,113326-3,private,Mwanza,Ilemela MC,-2.532512,32.947494,lake
Babati DC,124715-4,public,Manyara,Babati DC,,,northern
BABATI DISTRICT COUNCIL,120367-8,public,Manyara,Babati DC,-3.90419,35.81258,northern
BABATI ROMAN CATHOLIC,107067-1,private,Manyara,Babati TC,-4.21125,35.74022,northern
Babati TC,124716-2,public,Manyara,Babati TC,,,northern
BABATI TOWN,100211-2,public,Manyara,Babati TC,-4.2093,35.75929,northern
Babayu,100215-3,public,Dodoma,Bahi DC,-5.638693,35.703269,central
BABAYU,100214-6,public,Dodoma,Chemba DC,-5.626108,35.703579,central
BABEL,114230-6,private,Dodoma,Dodoma CC,,,central
BABYLON,120491-6,private,Kigoma,Kigoma Ujiji MC,-4.86901,29.66408,central
BADI,105650-6,public,Simiyu,Maswa DC,-3.23001,33.51909,lake
BADI,109245-1,public,Shinyanga,Kishapu DC,-3.60581,33.99642,lake
BADOSELE MEDICAL,112815-6,private,Mwanza,Nyamagana MC,-2.54364,32.95646,lake
BADUGU,100218-7,public,Simiyu,Busega DC,-2.48009,33.67876,lake
BAGA,111419-8,public,Morogoro,Morogoro DC,,,coastal
BAGA,100220-3,public,Tanga,Bumbuli DC,-4.7721,38.42585,coastal
BAGAMOYO,122116-7,private,Tanga,Korogwe DC,,,coastal
Bagamoyo DC,124777-4,public,Pwani,Bagamoyo DC,,,coastal
BAGAMOYO MENTAL HEALTH,111372-9,private,Tanga,Korogwe TC,-5.17943,38.44303,coastal
BAGAMOYO SUGAR,125284-0,private,Pwani,Bagamoyo DC,-6.88766,38.77443,coastal
BAGHAI,111914-8,public,Tanga,Lushoto DC,-4.83439,38.32823,coastal
BAGO,100225-2,private,Tanga,Muheza DC,-5.33036,39.03235,coastal
BAGO,124232-0,public,Pwani,Chalinze DC,-6.38049,38.57155,coastal
BAHAMA,113309-9,private,Mwanza,Nyamagana MC,-2.51405,32.8998,lake
BAHAMME,121965-8,private,Morogoro,Morogoro MC,,,coastal
BAHARI,113493-1,private,Dar Es Salaam,Kinondoni MC,-6.80206,39.24745,coastal
Bahari Dental Clinic,121085-5,private,Dar Es Salaam,Ilala MC,-6.88091,39.15963,coastal
BAHARI GONGO LA MBOTO,108530-7,private,Dar Es Salaam,Ilala MC,-6.88091,39.15963,coastal
BAHEBE HEALTH LABORATORY,122023-5,private,Geita,Chato DC,-2.53297,31.69503,lake
Bahi,100227-8,public,Dodoma,Bahi DC,-5.96258,35.312075,central
Bahi DC,124654-5,public,Dodoma,Bahi DC,,,central
Bahi Makulu,100228-6,public,Dodoma,Bahi DC,-6.049775,35.350335,central
BAHI RC,100229-4,private,Dodoma,Bahi DC,-5.94521,35.312127,central
BAKE RAKIDO,122577-0,private,Pwani,Kibaha TC,-6.74799,38.96796,coastal
BAKIA MEDICAL,123308-9,private,Dodoma,Kongwa DC,-6.08062,36.64461,central
BAKWATA,111208-5,private,Tabora,Igunga DC,-4.28703,33.880255,central
BAKWATA,103316-6,private,Tanga,Korogwe TC,-5.15512,38.44872,coastal
BAKWATA,100280-7,private,Tanga,Tanga CC,-5.07968,39.10202,coastal
BAKWATA,100276-5,private,Shinyanga,Shinyanga MC,-3.6715,33.4251,lake
BAKWATA B NYASUBI,110129-4,private,Shinyanga,Kahama MC,-3.8391666,32.602608,lake
BAKWATA CHANG'OMBE,100282-3,private,Dar Es Salaam,Ilala MC,-6.91818,39.18647,coastal
BAKWATA FNJ,124561-2,private,Pwani,Mkuranga DC,-7.00338,39.31672,coastal
BAKWATA JOMU,110065-0,private,Shinyanga,Shinyanga DC,-3.82703,33.0733,lake
BAKWATA KAKOLA,112138-3,private,Shinyanga,Msalala DC,-3.2454314,32.459324,lake
BAKWATA KICHEMCHEM,112260-5,private,Dar Es Salaam,Temeke MC,-6.91374,39.28494,coastal
BAKWATA KINDI,114847-7,private,Kilimanjaro,Moshi DC,-3.27853,37.27838,northern
BAKWATA MAJENGO,100232-8,private,Shinyanga,Kahama MC,-3.82569,32.60182,lake
BAKWATA MBIKA,100272-4,private,Shinyanga,Ushetu DC,-4.18819,32.2451,lake
BAKWATA MIANZINI,111530-2,private,Dar Es Salaam,Temeke MC,-6.93278,39.25713,coastal
BAKWATA MSASANI,100275-7,private,Dar Es Salaam,Kinondoni MC,-6.76973,39.26565,coastal
BAKWATA NJIA PANDA,100236-9,private,Kilimanjaro,Moshi DC,-3.40915,37.51853,northern
BAKWATA NK,109777-3,private,Geita,Bukombe DC,-3.46712,31.89536,lake
BAKWATA SADALA,100278-1,private,Kilimanjaro,Hai DC,-3.30762,37.19968,northern
BAKWATA SHAMSIYA,100248-4,private,Geita,Chato DC,-3.00282,31.92115,lake
Bakwata Tandale,123794-0,private,Dar Es Salaam,Kinondoni MC,,,coastal
BAKWATA TUNGI,111883-5,private,Dar Es Salaam,Kigamboni MC,-6.83703,39.31889,coastal
BAKWATA VIJIBWENI,112245-6,private,Dar Es Salaam,Kigamboni MC,-6.86995,39.30967,coastal
BAKWATA YOMBO DARAJANI,110516-2,private,Dar Es Salaam,Temeke MC,-6.86846,39.24673,coastal
BALANG'A,100287-2,public,Tanga,Kilindi DC,-5.31329,37.57582,coastal
BALANGDALALU,100288-0,private,Manyara,Hanang DC,-4.64209,35.27561,northern
BALATOGWA,100289-8,public,Mwanza,Sengerema DC,-2.70638,32.64912,lake
Baleni,100290-6,public,Pwani,Mafia DC,-7.87303,39.80657,coastal
BALOZI,121949-2,private,Kagera,Bukoba MC,-1.30088,31.85286,lake
BAMA HEALTH,122631-5,private,Kilimanjaro,Moshi DC,-3.453757,37.335037,northern
BAMA-TUNZA MTOTO,112402-3,private,Geita,Geita DC,-3.11726,32.04456,lake
BAMBA,113407-1,public,Morogoro,Morogoro DC,-6.8363,37.78152,coastal
BAMBA MAVENGERO,100295-5,public,Tanga,Mkinga DC,-4.97254,38.7966,coastal
BAMBA MEDICAL,123056-4,private,Dar Es Salaam,Kigamboni MC,-6.88603,39.43691,coastal
BAMBARE,122433-6,public,Dodoma,Kondoa DC,-4.58131,35.74621,central
BAMITA,100301-1,private,Pwani,Kibiti DC,-7.631368,39.059732,coastal
BAMITA  KISARAWE,124350-0,private,Pwani,Kisarawe DC,-6.54586,39.04229,coastal
BAMUKAYA,125218-8,private,Simiyu,Bariadi DC,-2.63881,34.16535,lake
BANANZENGO,122169-6,private,Katavi,Tanganyika DC,-6.30419,30.609995,shighland
Banawanu,100302-9,public,Njombe,Wanging'ombe DC,-8.950625,34.715227,shighland
BANDARI,100304-5,public,Tanga,Tanga CC,-5.07008,39.10501,coastal
Bandari,100305-2,public,Dar Es Salaam,Temeke MC,-6.832175,39.28889,coastal
BANDUKA,120865-1,public,Lindi,Lindi MC,-9.97116,39.70263,southern
BANE,114374-2,private,Geita,Geita TC,-2.88257,32.26272,lake
BANEMHI,100306-0,public,Simiyu,Bariadi DC,-2.62339,34.0455,lake
BANGALALA,100307-8,public,Kilimanjaro,Same DC,-4.23113,37.8482,northern
BANGATA,100308-6,public,Arusha,Arusha DC,-3.35845,36.74753,northern
BANGATA LUTHERAN,100309-4,private,Arusha,Arusha DC,-3.33582,36.74476,northern
BANGU,122769-3,public,Tanga,Handeni TC,-5.48883,38.07895,coastal
BANGULO,113897-3,public,Dar Es Salaam,Ilala MC,-6.86854,39.12851,coastal
BANGWE,100310-2,public,Kigoma,Kigoma Ujiji MC,-4.90682,29.61364,central
Banja,100312-8,public,Pwani,Mafia DC,-7.76307,39.82258,coastal
BANK OF TANZANIA,100210-4,private,Dar Es Salaam,Ilala MC,-6.81464,39.29298,coastal
BANK OF TANZANIA,120888-3,private,Mbeya,Mbeya CC,-8.90667,33.44552,shighland
BANK OF TANZANIA,112918-8,private,Arusha,Arusha CC,-3.36951,36.69325,northern
BANK OF TANZANIA,100313-6,private,Mwanza,Nyamagana MC,-2.51775,32.9066,lake
BANK OF TANZANIA STAFF,123597-7,public,Dodoma,Dodoma CC,-6.18161,35.76312,central
Bankolo,100315-1,public,Dodoma,Bahi DC,-5.838545,35.451914,central
BANTU,121492-3,public,Tanga,Mkinga DC,-4.93246,38.84604,coastal
BANYIBANYI,100316-9,public,Dodoma,Kongwa DC,-5.884558,36.339643,central
BAOBAB,122598-6,private,Pwani,Bagamoyo DC,-6.60669,39.06831,coastal
BAPTIST,100318-5,private,Kigoma,Kigoma Ujiji MC,-4.885428,29.658572,central
BARA,100319-3,private,Songwe,Mbozi DC,-8.80282,32.8031,shighland
BARA B,109973-8,public,Songwe,Mbozi DC,-8.80888,32.79915,shighland
BARAA,113551-6,private,Arusha,Arusha CC,-3.37256,36.7378,northern
BARAA,121157-2,public,Arusha,Arusha CC,-3.37944,36.73552,northern
BARAA RC,100320-1,private,Arusha,Arusha CC,-3.38882,36.73671,northern
BARABARA,124219-7,public,Ruvuma,Mbinga DC,-10.73856,34.74243,shighland
BARAKA,114498-9,private,Arusha,Arusha CC,-3.403896,36.6787,northern
BARAKA,100321-9,private,Tabora,Igunga DC,-4.01875,33.35924,central
BARAKA,120634-1,private,Morogoro,Morogoro MC,,,coastal
BARAKA,112583-0,private,Dar Es Salaam,Kinondoni MC,-6.12678,39.16395,coastal
BARAKA,112771-1,private,Dodoma,Dodoma CC,-6.17782,35.74774,central
BARAKA,112600-2,private,Mbeya,Mbarali DC,-8.86125,34.03347,shighland
BARAKA,100322-7,private,Arusha,Karatu DC,-3.34389,35.67626,northern
BARAKA,121101-0,private,Kilimanjaro,Rombo DC,-3.0915,37.58294,northern
BARAKA,121975-7,private,Kigoma,Kigoma Ujiji MC,-4.86321,29.63629,central
BARAKA,122047-4,private,Morogoro,Mlimba DC,-8.41267,36.01063,coastal
BARAKA,122365-0,private,Dar Es Salaam,Ubungo MC,-6.77957,39.03545,coastal
BARAKA DIALYSIS CENTRE,120335-5,private,Dar Es Salaam,Kinondoni MC,,,coastal
BARAKA MBEZI,110772-1,private,Dar Es Salaam,Ubungo MC,-6.78107,39.12778,coastal
BARAKA MEDICAL,123330-3,private,Dodoma,Chemba DC,,,central
BARAKA-N LABORATORY,122632-3,private,Morogoro,Morogoro MC,-6.81659,37.71089,coastal
BARAKI,100324-3,private,Mara,Rorya DC,-1.36842,33.968,lake
BARAKI,100323-5,public,Mara,Rorya DC,-1.38045,33.9261,lake
BARANGA,100325-0,public,Mara,Butiama DC,-1.68392,34.22873,lake
BARGISH,100326-8,public,Manyara,Mbulu TC,-3.797502,35.552058,northern
BARGISH UWA,122512-7,public,Manyara,Mbulu TC,-3.51111,35.32711,northern
Bariadi DC,124808-7,public,Simiyu,Bariadi DC,,,lake
Bariadi Medical,121859-3,private,Simiyu,Bariadi TC,-2.80048,33.98706,lake
Bariadi TC,124809-5,public,Simiyu,Bariadi TC,,,lake
BARIADI TOWN COUNCIL,100327-6,public,Simiyu,Bariadi TC,-2.7757,33.99557,lake
BARIADI-MAGEREZA,100328-4,public,Simiyu,Bariadi TC,-2.75329,34.0046,lake
BARIKI,113016-0,private,Kigoma,Kasulu TC,-4.57352,30.09875,central
BARIKIWA,100330-0,public,Lindi,Liwale DC,-9.53135,37.83734,southern
BARIKIWA,121078-0,private,Kilimanjaro,Hai DC,-3.43216,37.98765,northern
BARIKIWA,121300-8,private,Simiyu,Maswa DC,-3.17485,33.77359,lake
BARJOMOT,100331-8,public,Manyara,Hanang DC,-4.38374,35.40241,northern
BASANZA,100332-6,public,Kigoma,Uvinza DC,-4.978927,30.292741,central
BASHANG,109560-3,public,Manyara,Hanang DC,-4.56207,35.48509,northern
BASHAY,100334-2,private,Manyara,Mbulu DC,-4.00878,35.31457,northern
BASHAY,114794-1,public,Arusha,Karatu DC,-3.356376,35.625486,northern
BASHI,122869-1,private,Katavi,Mpanda MC,-6.30624,30.54138,shighland
BASHNET,120972-5,public,Manyara,Babati DC,-4.16038,35.43446,northern
BASHNET,109512-4,public,Manyara,Babati DC,-4.23058,35.42924,northern
BASHNET,100336-7,private,Manyara,Babati DC,-4.21978,35.42097,northern
BASODAWISH,100339-1,public,Arusha,Karatu DC,-3.4409,35.67453,northern
BASSODESH,100338-3,public,Manyara,Hanang DC,-4.29842,35.1299,northern
BASSOTU ZIWANI,100340-9,public,Manyara,Hanang DC,-4.36285,35.07112,northern
BAURA,100342-5,public,Dodoma,Kondoa DC,-4.832222,35.889613,central
BAYLOR,110825-7,private,Mwanza,Nyamagana MC,-2.52874,32.9054,lake
BAYLOR PEDIATRIC,110738-2,private,Mbeya,Mbeya CC,-8.89072,33.43823,shighland
BAYOPHORD,122903-8,private,Dar Es Salaam,Ilala MC,-6.91713,39.20216,coastal
BBM OPTICAL,112993-1,private,Ruvuma,Songea MC,,,shighland
BCV,112721-6,private,Morogoro,Ifakara TC,,,coastal
BEANA MEDICAL,123876-5,private,Dodoma,Dodoma CC,-6.52377,35.37032,central
BEATRICE,100343-3,private,Tabora,Tabora MC,-5.0202,32.80632,central
BEBACARO,121527-6,private,Dodoma,Dodoma CC,-6.15715,35.73907,central
BEDA,113206-7,private,Tabora,Tabora MC,-5.03914,32.80455,central
BEKESA,121092-1,private,Arusha,Arusha CC,,,northern
BELEDI,100344-1,public,Shinyanga,Kishapu DC,-3.91533,33.87831,lake
BELENCE'S,123539-9,private,Shinyanga,Shinyanga MC,-3.40451,33.25431,lake
Belladona,121701-7,private,Tanga,Tanga CC,-5.11465,39.09228,coastal
BELLAVITA,122328-8,private,Dar Es Salaam,Kinondoni MC,-6.762887,39.255718,coastal
BELTESHAZA HEALTH,122626-5,private,Dar Es Salaam,Ubungo MC,-6.48297,39.13244,coastal
BELTRAMINO,113881-7,private,Iringa,Iringa DC,-7.79801,35.73843,shighland
BEMBEZA,100345-8,public,Pwani,Kisarawe DC,-7.26653,38.79718,coastal
BEN,124321-1,private,Dar Es Salaam,Kigamboni MC,-6.83088,39.31662,coastal
BENBELA,110860-4,private,Kilimanjaro,Moshi MC,-3.35636,37.32174,northern
BENDERA,100348-2,public,Kilimanjaro,Same DC,-4.59303,38.0581,northern
BENEDICTO,120717-4,private,Lindi,Kilwa DC,,,southern
BENEDICTO,121106-9,private,Mwanza,Nyamagana MC,-2.54479,32.97945,lake
Benjamini Mkapa,111841-3,public,Dodoma,Dodoma CC,-6.23047,35.84784,central
BENNEDICT,121565-6,private,Mbeya,Chunya DC,-8.42186,33.16386,shighland
BENNY,112541-8,private,Mara,Tarime TC,-1.34158,34.37913,lake
BENNY,112822-2,private,Geita,Geita TC,-2.87032,32.23412,lake
BERACAH,112816-4,private,Arusha,Karatu DC,-3.33948,35.6694,northern
BEREGA,100350-8,private,Morogoro,Kilosa DC,-6.17856,37.14512,coastal
Berege,100351-6,public,Dodoma,Mpwapwa DC,-6.46832,36.28938,central
Bereko,100352-4,public,Dodoma,Kondoa DC,-4.449232,35.74066,central
BERNICARE,123579-5,private,Dar Es Salaam,Kinondoni MC,-6.12836,39.71456,coastal
BERNICE,121086-3,private,Dar Es Salaam,Ilala MC,-6.62982,39.92718,coastal
BEROYA,121625-8,private,Ruvuma,Songea MC,-10.66,35.65,shighland
BESA,113369-3,private,Mwanza,Nyamagana MC,-2.55955,32.91413,lake
BESA,123733-8,private,Kagera,Karagwe DC,-1.68029,30.97967,lake
BESHA,100354-0,private,Tanga,Tanga CC,-5.10182,39.109,coastal
BEST,122743-8,private,Dar Es Salaam,Kinondoni MC,-6.62149,39.11063,coastal
BEST CHOICE,112617-6,private,Dar Es Salaam,Ilala MC,-6.82123,39.28579,coastal
BEST CHOICE FOR YOU,122856-8,private,Dar Es Salaam,Ubungo MC,-6.78542,39.16831,coastal
BEST HEALTH SERVICES,109259-2,private,Mtwara,Masasi TC,-10.73871,38.80667,southern
BEST VISION EYE CARE,123629-8,private,Mwanza,Nyamagana MC,-2.521267,32.907331,lake
BESTA,121674-6,private,Dar Es Salaam,Kinondoni MC,-6.79001,39.27151,coastal
BESTA,122556-4,private,Dar Es Salaam,Kinondoni MC,-6.79001,39.27151,coastal
BETHANIA -MBOPO,121150-7,private,Dar Es Salaam,Kinondoni MC,,,coastal
BETHEL,113581-3,private,Pwani,Kibaha TC,-6.754419,38.913505,coastal
BETHEL,112028-6,private,Dar Es Salaam,Ubungo MC,-6.78313,39.2221,coastal
BETHEL DIAGNOSTIC,112688-7,private,Morogoro,Ifakara TC,-8.0886,36.68564,coastal
BETHEL HEALTH LABORATORY,121424-6,private,Pwani,Mkuranga DC,-7.00959,39.30669,coastal
BETHEL MAJOHE,114672-9,private,Dar Es Salaam,Ilala MC,,,coastal
BETHELI,113136-6,private,Singida,Singida DC,-4.66185,34.86924,central
BETHELI,113627-4,private,Arusha,Arusha CC,-3.386244,36.726143,northern
BETHLEHEM,114532-5,private,Tanga,Tanga CC,-5.08288,39.10148,coastal
BETHSAIDA,100356-5,private,Mara,Musoma MC,-1.535599,33.793888,lake
BETHZATHA,123900-3,private,Manyara,Babati TC,-4.14201,35.24151,northern
Bhoke,109869-8,private,Mara,Bunda TC,-2.02272,33.87372,lake
Bi Maria,121368-5,private,Mwanza,Ilemela MC,-2.45857,32.91378,lake
BICHENYERI,123530-8,private,Geita,Bukombe DC,-3.33838,31.52251,lake
BIGABIRO,100359-9,private,Kigoma,Kigoma DC,-4.80716,29.65511,central
BIHARAMULO,100361-5,private,Kagera,Biharamulo DC,-2.63359,31.31463,lake
Biharamulo DC,124676-8,public,Kagera,Biharamulo DC,,,lake
BIHARAMULO DISTRICT,114841-0,public,Kagera,Biharamulo DC,-2.63338,31.3082,lake
BIHARU,100362-3,private,Kigoma,Buhigwe DC,-4.32506,30.01874,central
BIHARU,114464-1,private,Tabora,Urambo DC,-5.079482,32.06879,central
BIHAWANA,100363-1,private,Dodoma,Dodoma CC,-6.272681,35.639873,central
BIKINGWE,124180-1,private,Tabora,Uyui DC,-4.73594,33.17336,central
BIKIRA MARIA AFYA YA WAGONJWA,114591-1,private,Tanga,Muheza DC,-5.16691,38.78149,coastal
BIKIRA MARIA EMAKULATA,104322-3,private,Manyara,Babati DC,-4.20498,35.57598,northern
BIKIRA MARIA MAMA WA HURUMA,100364-9,private,Arusha,Arusha CC,-3.36571,36.68761,northern
BIKIRA MARIA MAMA WA MATESO,125108-1,private,Shinyanga,Ushetu DC,-3.90713,32.40572,lake
BIKIRA MARIA MAMA WA TUMAINI,104378-5,private,Mara,Tarime DC,-1.44744,34.69874,lake
BIKIRA MARIA WA MIUJIZA,100365-6,private,Mara,Tarime TC,-1.356191,34.344441,lake
BILULUMO,100368-0,public,Mwanza,Buchosa DC,-2.47443,32.22141,lake
BINETE HEALTH,125074-5,private,Mara,Bunda TC,-2.23929,33.85142,lake
BINGA,100370-6,public,Pwani,Mkuranga DC,-7.26814,39.2333,coastal
BINGI,100371-4,private,Dar Es Salaam,Ilala MC,-6.82863,39.23197,coastal
BIO LAB,113438-6,private,Dar Es Salaam,Ilala MC,,,coastal
BIOHEALTH,100372-2,private,Mwanza,Nyamagana MC,-2.51848,32.90155,lake
BIOMED,114608-3,private,Mwanza,Nyamagana MC,-2.59255,32.92365,lake
BIRA,121013-7,private,Dar Es Salaam,Ilala MC,-6.90085,39.12219,coastal
BIRO,100374-8,private,Morogoro,Malinyi DC,-8.88045,36.05455,coastal
BIRO GVT,121539-1,public,Morogoro,Malinyi DC,-8.88228,36.05531,coastal
BIRUTA,121155-6,private,Mwanza,Ilemela MC,-2.53658,32.95774,lake
BISARWI,120820-6,public,Mara,Tarime DC,,,lake
BISHEKE,109040-6,public,Kagera,Muleba DC,-1.995967,31.523732,lake
BISHESHE,109004-2,public,Kagera,Karagwe DC,-1.67774,31.11907,lake
BISHOP JAMES,113766-0,private,Ruvuma,Tunduru DC,-11.060065,37.343533,shighland
BISIBO,121044-2,public,Kagera,Biharamulo DC,-2.68617,31.29776,lake
BISOU BAILEY  MEDICAL DISPENSARY,120340-5,private,Mwanza,Ilemela MC,-2.51413,32.94876,lake
BISUMWA,100375-5,public,Mara,Butiama DC,-1.60304,33.81003,lake
BISWAMO,121154-9,private,Kigoma,Kigoma DC,-4.745345,29.69525,central
BITARAGURU,109615-5,public,Mara,Bunda TC,-1.93991,33.85009,lake
BITARE,100378-9,public,Kigoma,Kibondo DC,-3.5579,30.70785,central
BITIMANYANGA,109185-9,public,Mbeya,Chunya DC,-7.460726,33.427728,shighland
BITIRYO,100380-5,public,Mara,Rorya DC,-1.39548,33.88448,lake
BITOTO,100381-3,public,Mwanza,Sengerema DC,-2.77137,32.78429,lake
BITUNTU,124282-5,public,Kagera,Bukoba DC,-1.62239,31.47536,lake
BITURANA,100382-1,public,Kigoma,Kibondo DC,-3.62574,30.72354,central
BIVO HEALTHCARE,124154-6,private,Mwanza,Nyamagana MC,-2.61552,32.88247,lake
BLACA,113651-4,private,Arusha,Arusha DC,-3.35597,36.69614,northern
BLC,123016-8,private,Kagera,Bukoba MC,-1.16314,31.48334,lake
BLESS,111004-8,private,Dar Es Salaam,Temeke MC,-6.91529,39.26328,coastal
BLESS,125080-2,private,Morogoro,Kilosa DC,-6.95432,36.24374,coastal
BLESSED,115290-9,private,Dodoma,Dodoma CC,,,central
BLESSED LAVAL,124597-6,private,Kigoma,Kasulu DC,-4.57321,30.12079,central
BLESSED PIER GIORGIO FRASSAT,102561-8,private,Mara,Butiama DC,-1.76487,33.8598,lake
BLESSING,113272-9,private,Dar Es Salaam,Ubungo MC,,,coastal
BLESSING,100386-2,private,Dar Es Salaam,Ilala MC,-6.99477,39.08451,coastal
BLIDA,124164-5,private,Pwani,Kibaha DC,-6.71935,38.74354,coastal
BLISSPALS,123222-2,private,Dar Es Salaam,Ilala MC,-6.80394,39.27769,coastal
BLOCKFARM,109675-9,public,Tabora,Tabora MC,-4.92187,32.65226,central
BLUESKY SF,122978-0,private,Dar Es Salaam,Kigamboni MC,-6.86197,39.30781,coastal
BM,121584-7,private,Iringa,Kilolo DC,-7.67896,36.03944,shighland
BMK,111391-9,private,Dar Es Salaam,Ilala MC,-6.83697,39.24564,coastal
BMS,113370-1,private,Mwanza,Nyamagana MC,-2.62575,32.94829,lake
BN MEDICAL,124433-4,private,Katavi,Mpanda MC,-6.32648,31.08912,shighland
BOAY,100387-0,public,Manyara,Babati DC,-4.394491,35.760601,northern
BOCHI,100388-8,private,Dar Es Salaam,Ubungo MC,-6.789444,39.13008,coastal
BODY BY DESIGN,124194-2,private,Dar Es Salaam,Kinondoni MC,-6.76614,39.24974,coastal
BOGA,123453-3,public,Pwani,Kisarawe DC,-7.13311,38.47357,coastal
BOGOHE MEDICAL HEALTH,123684-3,private,Simiyu,Bariadi DC,-2.64287,34.15771,lake
BOGOLWA,108608-1,public,Tanga,Handeni DC,-5.597537,38.116767,coastal
BOHELOI,111013-9,public,Tanga,Lushoto DC,-4.7972,38.3619,coastal
BOIMANDA,110295-3,public,Njombe,Njombe TC,-9.64211,34.718396,shighland
BOKA,113562-3,private,Pwani,Mkuranga DC,-7.00287,39.30926,coastal
Boko,100390-4,public,Dar Es Salaam,Kinondoni MC,-6.63118,39.15227,coastal
BOKO MNEMELA,100391-2,public,Pwani,Kibaha DC,-6.84198,38.9146,coastal
BOKORE,123406-1,public,Mara,Serengeti DC,-1.90828,34.62124,lake
BOKOTIMIZA,120692-9,public,Pwani,Kibaha TC,-6.81645,38.951363,coastal
Bolisa,100392-0,public,Dodoma,Kondoa TC,-4.816344,35.813142,central
BOMA,100394-6,public,Tanga,Mkinga DC,-4.85865,39.19406,coastal
BOMA,100393-8,public,Mara,Bunda TC,-2.02401,33.8627,lake
BOMA HEALTH CARE,100398-7,private,Kilimanjaro,Hai DC,-3.333,37.15134,northern
BOMALANG'OMBE,100399-5,public,Iringa,Kilolo DC,-8.22937,35.88238,shighland
BOMANG'OMBE,100400-1,public,Kilimanjaro,Hai DC,-3.32833,37.1623,northern
BOMANI,113116-8,private,Singida,Iramba DC,,,central
BOMANI,100401-9,public,Singida,Iramba DC,-4.27944,34.41082,central
BOMBAMBILI,124485-4,public,Geita,Geita TC,-2.86849,32.28608,lake
BOMBAMBILI,100402-7,public,Ruvuma,Songea MC,-10.65667,35.65211,shighland
BOMBAMBILI,121827-0,private,Dar Es Salaam,Ilala MC,-4.3399,31.8234,coastal
BOMBANI,123216-4,private,Tanga,Muheza DC,,,coastal
BOMBOMAJIMOTO,115331-1,public,Tanga,Korogwe DC,-5.01456,38.53408,coastal
BONCHUGU,100406-8,public,Mara,Serengeti DC,-1.874362,34.783327,lake
BONDE LA MPUNGA,100407-6,private,Dar Es Salaam,Kinondoni MC,-6.77051,39.26595,coastal
BONDENI,100409-2,public,Kilimanjaro,Moshi MC,-3.36007,37.33994,northern
BONDO,100410-0,public,Tanga,Handeni DC,-5.384218,38.579226,coastal
BONGA,100411-8,public,Manyara,Babati TC,-4.349211,35.738041,northern
BONGI,115346-9,public,Tanga,Handeni DC,-5.37008,38.29675,coastal
BONITAS HEALTHCARE,124284-1,private,Dar Es Salaam,Ubungo MC,-6.78515,39.15968,coastal
BONNE SANTE,122031-8,private,Dar Es Salaam,Ubungo MC,,,coastal
BONNY,112593-9,private,Mbeya,Mbeya CC,-8.90165,33.54175,shighland
BONYOKWA,100413-4,public,Dar Es Salaam,Ilala MC,-6.8344,39.15959,coastal
Borega,122536-6,private,Mara,Tarime TC,,,lake
BOREGA A,113797-5,public,Mara,Tarime DC,-1.32048,34.58718,lake
BOT MTWARA,120396-7,private,Mtwara,Mtwara MC,-10.27903,40.18595,southern
BOZA,111189-7,public,Pwani,Mkuranga DC,-7.23449,39.42242,coastal
BOZA,100417-5,public,Tanga,Pangani DC,-5.405136,38.988709,coastal
BRASONITY,121676-1,private,Geita,Chato DC,-2.63421,31.78095,lake
BRAVO,124885-5,private,Lindi,Lindi MC,-9.99719,39.71345,southern
BREMA,125023-2,private,Dar Es Salaam,Ubungo MC,-6.13263,39.43042,coastal
BRICKLINE,114296-7,private,Dar Es Salaam,Kinondoni MC,-6.820581,39.239456,coastal
BRICLINE,122572-1,private,Dar Es Salaam,Ilala MC,-6.86237,39.65383,coastal
BRICLINE-KINYEREZI,122980-6,private,Dar Es Salaam,Ilala MC,-6.84891,39.16715,coastal
BRIGHT S24,121820-5,private,Morogoro,Morogoro MC,,,coastal
BRIGHT VISION EYE CARE,124969-7,private,Mwanza,Nyamagana MC,-2.52289,32.91121,lake
BRIGHTON,114429-4,private,Mwanza,Ilemela MC,-2.50483,32.9314,lake
BRIGITA,100373-0,private,Lindi,Lindi MC,-9.99601,39.71382,southern
BRIGTHT,114279-3,private,Dar Es Salaam,Ilala MC,,,coastal
BRILLIANT,115371-7,private,Dar Es Salaam,Ubungo MC,-6.782274,39.222294,coastal
BRING HOPE BACK,120649-9,private,Dar Es Salaam,Ubungo MC,-6.00001,39.00001,coastal
BRINONE,120412-2,private,Dar Es Salaam,Kigamboni MC,,,coastal
BRISAAH,124610-7,private,Morogoro,Ulanga DC,-8.68117,36.71691,coastal
BRITISH,122168-8,private,Dar Es Salaam,Temeke MC,,,coastal
BRYFREM,122136-5,private,Mbeya,Rungwe DC,,33.541206,shighland
BUBALE,100422-5,public,Shinyanga,Shinyanga DC,-3.77644,33.42644,lake
BUBALE,100421-7,public,Kagera,Missenyi DC,-1.15617,31.2339,lake
BUBANGO,100423-3,public,Kigoma,Kigoma DC,-4.71996,29.66945,central
BUBIKI,100424-1,public,Shinyanga,Kishapu DC,-3.39514,33.43208,lake
BUBINZA,100427-4,public,Shinyanga,Kishapu DC,-3.79123,33.90234,lake
BUBINZA,100426-6,public,Mwanza,Magu DC,-2.54388,33.49942,lake
BUBOMBI,100428-2,public,Mara,Rorya DC,-1.08231,34.07561,lake
BUCHAMBAGA,114780-0,public,Shinyanga,Msalala DC,-3.342,32.3449,lake
BUCHENJEGELE,100430-8,public,Tabora,Igunga DC,-4.37166,33.50116,central
Buchosa DC,124761-8,public,Mwanza,Buchosa DC,,,lake
BUCHURAGO,110207-8,public,Kagera,Missenyi DC,-1.32269,31.56656,lake
BUDEKWA,100431-6,public,Simiyu,Maswa DC,-3.43811,33.81575,lake
BUDODA,100432-4,public,Geita,Mbogwe DC,-3.75712,32.19302,lake
BUDUSHI,121713-2,public,Mwanza,Kwimba DC,-2.96078,33.32985,lake
BUDUSHI,100433-2,public,Tabora,Nzega DC,-4.79388,33.33,central
BUFANKA,109809-4,public,Geita,Bukombe DC,-3.60492,31.98492,lake
BUGABU,110394-4,public,Mwanza,Magu DC,-2.53255,33.3884,lake
BUGAGA,100434-0,public,Kigoma,Kasulu DC,-4.664482,30.065691,central
BUGALAGALA,121621-7,public,Geita,Mbogwe DC,-3.29945,31.99674,lake
BUGALAMA,122441-9,public,Geita,Geita DC,-2.67283,32.24635,lake
BUGAMBA,100435-7,public,Kigoma,Kigoma DC,-4.598631,29.651119,central
BUGANDA,111911-4,public,Mwanza,Ilemela MC,-2.420739,32.92965,lake
BUGANDANDO,109450-7,public,Mwanza,Kwimba DC,-2.73419,33.55029,lake
BUGANDIKA,100436-5,public,Kagera,Missenyi DC,-1.25709,31.65784,lake
BUGANDO,123421-0,public,Mwanza,Magu DC,-2.50079,33.17484,lake
BUGANDO,100437-3,public,Geita,Bukombe DC,-3.59509,31.95286,lake
BUGANDO,122323-9,private,Mwanza,Nyamagana MC,-2.508325,32.900532,lake
BUGANDO MEDICAL CENTRE (BMC),100438-1,private,Mwanza,Nyamagana MC,-2.52789,32.90665,lake
BUGANGO,100439-9,private,Kagera,Missenyi DC,-1.00132,31.01005,lake
BUGANGUZI,100440-7,public,Kagera,Muleba DC,-1.6881,31.57471,lake
BUGANIKA,100441-5,public,Shinyanga,Kishapu DC,-3.45763,33.54521,lake
BUGANJO,100442-3,public,Mara,Rorya DC,-1.356855,34.302778,lake
BUGANZO,100444-9,public,Shinyanga,Msalala DC,-3.62251,32.42562,lake
BUGARA,108716-2,public,Kagera,Kyerwa DC,-1.17923,30.98608,lake
BUGARA,120937-8,public,Kagera,Muleba DC,-1.94167,31.58528,lake
BUGARAMA,100447-2,public,Simiyu,Maswa DC,-3.29805,33.72516,lake
BUGARAMA,100446-4,public,Shinyanga,Msalala DC,-3.27083,32.42476,lake
Bugarama,109761-7,public,Kagera,Ngara DC,-2.86689,30.53115,lake
BUGARIKA,100448-0,public,Mwanza,Nyamagana MC,-2.53533,32.91783,lake
Bugasha,114383-3,public,Kagera,Muleba DC,-1.569963,31.743893,lake
BUGELA,120799-2,public,Shinyanga,Ushetu DC,-4.1415,32.136,lake
BUGELENGA,100449-8,public,Geita,Bukombe DC,-3.64663,32.0124,lake
BUGEMBE,100450-6,public,Mwanza,Kwimba DC,-3.10303,33.39585,lake
BUGER,100451-4,public,Arusha,Karatu DC,-3.725942,35.638136,northern
BUGIRE,100453-0,public,Mara,Rorya DC,-1.19868,34.2605,lake
Bugisha,100454-8,public,Mwanza,Misungwi DC,-2.85514,32.88467,lake
BUGISI,100455-5,private,Shinyanga,Shinyanga DC,-3.82599,33.07312,lake
BUGOGO,100456-3,public,Shinyanga,Shinyanga DC,-3.77168,33.30901,lake
BUGOJI,100457-1,public,Mara,Musoma DC,-1.89834,33.7386,lake
BUGOMBA A,120853-7,public,Shinyanga,Ushetu DC,-4.0356,32.07833,lake
BUGORO,115156-2,public,Mwanza,Buchosa DC,-2.33657,32.42797,lake
BUGOROLA,100459-7,public,Mwanza,Ukerewe DC,-1.98515,33.01855,lake
BUGORORA,100458-9,public,Kagera,Missenyi DC,-1.2082,31.58522,lake
BUGULA,100460-5,public,Mwanza,Ukerewe DC,-2.01431,32.88144,lake
BUGULULA,100461-3,public,Geita,Geita DC,-2.763512,32.167774,lake
BUGUNDA,100462-1,public,Mara,Musoma DC,-1.82463,33.3571,lake
BUGURUKA,114795-8,public,Kagera,Bukoba DC,-1.45831,31.80251,lake
BUGURUNI,100463-9,public,Dar Es Salaam,Ilala MC,-6.83742,39.2445,coastal
BUGURUNI ANGLICAN,100464-7,private,Dar Es Salaam,Ilala MC,-6.83882,39.23907,coastal
BUGURUNI MNYAMANI,121991-4,private,Dar Es Salaam,Ilala MC,-6.83907,39.23915,coastal
BUGURUNI SOKONI TIEGSAMI,107823-7,private,Dar Es Salaam,Ilala MC,-6.83641,39.24712,coastal
BUGWEIGO,123994-6,public,Geita,Chato DC,-2.34288,31.72526,lake
BUHAMA,100466-2,public,Mwanza,Buchosa DC,-2.344635,32.519715,lake
BUHAMIRA,100468-8,public,Kagera,Karagwe DC,-1.562588,31.246498,lake
BUHANDA,120883-4,public,Kigoma,Kigoma Ujiji MC,-4.84355,29.64828,central
BUHANDA,100469-6,public,Kigoma,Kigoma Ujiji MC,-4.86629,29.66678,central
BUHANGIJA,100470-4,private,Shinyanga,Shinyanga MC,-3.68658,33.41269,lake
BUHANGIJA KITUO CHA WALEMAVU,111878-5,public,Shinyanga,Shinyanga MC,-3.68557,33.41304,lake
BUHARE,100471-2,public,Mara,Musoma MC,-1.516481,33.785273,lake
BUHEKELA,100472-0,public,Tabora,Igunga DC,-4.778634,33.712492,central
BUHEMBA,100473-8,public,Mara,Butiama DC,-1.76362,34.0789,lake
BUHEMBE,100474-6,public,Kagera,Bukoba MC,-1.286881,31.807694,lake
BUHIGWE,100475-3,public,Kigoma,Buhigwe DC,-4.45099,29.92598,central
BUHIGWE,123709-8,private,Shinyanga,Kahama MC,-3.85509,32.61449,lake
Buhigwe DC,124691-7,public,Kigoma,Buhigwe DC,,,central
BUHINDI,100476-1,public,Mwanza,Buchosa DC,-2.4114,32.18441,lake
BUHINGO,100477-9,private,Mwanza,Misungwi DC,-3.06333,33.02207,lake
BUHINGU,100479-5,public,Kigoma,Uvinza DC,-5.97985,29.84029,central
BUHONDO,100480-3,public,Tabora,Nzega DC,-3.99812,32.94585,central
BUHONGWA,100481-1,public,Mwanza,Nyamagana MC,-2.62592,32.9464,lake
BUHORO,100482-9,public,Kigoma,Kasulu DC,-4.39914,30.18316,central
BUHORO,121992-2,private,Dar Es Salaam,Temeke MC,-6.971145,39.219936,coastal
BUHORORO,100483-7,private,Kagera,Ngara DC,-2.53633,30.61705,lake
BUHORORO KATI,123295-8,public,Kagera,Ngara DC,,,lake
BUHULYU,100484-5,public,Tabora,Nzega DC,-4.43766,32.97881,central
BUHUMBI,100485-2,public,Mwanza,Magu DC,-2.67179,33.47696,lake
BUHUNDA,100486-0,public,Mwanza,Misungwi DC,-3.03411,32.88011,lake
Buigiri,100487-8,public,Dodoma,Chamwino DC,-6.140224,36.022642,central
BUIKO,100659-2,public,Tanga,Korogwe DC,-4.650334,38.052355,coastal
BUJASHI,100488-6,public,Mwanza,Magu DC,-2.48544,33.0519,lake
BUJELA,100489-4,public,Mbeya,Rungwe DC,-9.340129,33.691675,shighland
BUJIJI MODERN,111177-2,private,Kigoma,Kasulu TC,-4.57017,30.09899,central
BUJIKA,122881-6,public,Shinyanga,Kahama MC,-3.85674,32.86547,lake
BUJINGWA,100490-2,public,Mwanza,Kwimba DC,-2.82698,33.29626,lake
Bujombe,114728-9,public,Katavi,Tanganyika DC,-6.38344,30.419558,shighland
BUJONDE,100491-0,public,Mbeya,Kyela DC,-9.61227,33.91692,shighland
BUJORA,120722-4,private,Mwanza,Magu DC,-2.56007,33.0495,lake
BUJUGO,108671-9,public,Kagera,Bukoba DC,-1.40037,31.71574,lake
BUJURUGA,100493-6,public,Kagera,Karagwe DC,-1.592144,31.17456,lake
BUKADWE,100494-4,public,Geita,Mbogwe DC,-3.65546,32.2876,lake
BUKAMA,100495-1,public,Tabora,Igunga DC,-4.178988,33.83003,central
BUKAMA,113915-3,public,Mara,Bunda DC,-1.91944,34.06152,lake
BUKAMA SDA,100496-9,private,Mara,Bunda DC,-1.917562,34.053974,lake
BUKANGARA,100497-7,public,Kagera,Karagwe DC,-1.719344,31.024048,lake
Bukede Specialized,112030-2,private,Dar Es Salaam,Ubungo MC,-6.78079,39.11471,coastal
BUKEMBA,100498-5,public,Tabora,Kaliua DC,-4.67141,32.1037,central
BUKENE,114444-3,private,Tabora,Nzega DC,-4.22514,32.8868,central
BUKENE,100499-3,public,Shinyanga,Shinyanga DC,-3.70594,33.17531,lake
BUKENE,100500-8,public,Tabora,Nzega DC,-4.22514,32.8868,central
BUKEREBE,120991-5,private,Mwanza,Magu DC,-2.55269,33.02586,lake
BUKHARI,115264-4,private,Mtwara,Mtwara MC,-10.27342,40.17245,southern
BUKIKO,100501-6,public,Mwanza,Ukerewe DC,-1.8366,33.0941,lake
BUKILIRO,108474-8,public,Kigoma,Kakonko DC,-3.36958,30.74748,central
BUKILIRO,121269-5,private,Mwanza,Nyamagana MC,-2.54503,32.96999,lake
BUKIMA,100503-2,public,Mara,Musoma DC,-1.81012,33.4079,lake
Bukiriro,100504-0,public,Kagera,Ngara DC,-2.78007,30.54794,lake
BUKOBA,113430-3,private,Kagera,Bukoba MC,-1.33431,31.81224,lake
BUKOBA,121826-2,private,Kagera,Bukoba MC,,,lake
Bukoba DC,124677-6,public,Kagera,Bukoba DC,,,lake
BUKOBA DISTRICT,114500-2,public,Kagera,Bukoba DC,-1.44538,31.72268,lake
BUKOBA EYE CENTRE,121640-7,private,Kagera,Bukoba MC,-1.33181,31.80626,lake
Bukoba MC,124678-4,public,Kagera,Bukoba MC,,,lake
BUKOBA MUNICIPAL,111167-3,public,Kagera,Bukoba MC,-1.30951,31.79622,lake
BUKOBA SEC. SCHOOL,100506-5,public,Kagera,Bukoba MC,-1.3326,31.812464,lake
BUKOBA TOWN,108903-6,private,Kagera,Bukoba MC,-1.33057,31.81303,lake
BUKOKO,100507-3,public,Tabora,Igunga DC,-4.319526,33.417804,central
BUKOKWA,112111-0,private,Mwanza,Buchosa DC,-2.495568,32.437126,lake
BUKOKWA,125024-0,public,Mwanza,Buchosa DC,-2.52121,32.43291,lake
BUKOKWA,100508-1,public,Mwanza,Buchosa DC,-2.49416,32.43948,lake
BUKOLI,100509-9,public,Geita,Geita DC,-3.19623,32.32703,lake
Bukombe DC,124663-6,public,Geita,Bukombe DC,,,lake
BUKOMELA,100512-3,public,Shinyanga,Ushetu DC,-4.09783,32.33351,lake
BUKONDAMOYO,121520-1,private,Shinyanga,Kahama MC,-3.8385167,32.587296,lake
BUKONDO,100514-9,public,Mwanza,Ukerewe DC,-2.07837,32.90004,lake
BUKONDO,100513-1,public,Geita,Geita DC,-2.68208,31.92444,lake
BUKONYO,100515-6,public,Mwanza,Ukerewe DC,-1.96565,32.9306,lake
BUKOOBA,122882-4,public,Shinyanga,Kahama MC,-3.78456,32.89863,lake
BUKORE,109684-1,public,Mara,Bunda TC,-1.97879,33.96073,lake
BUKUBA,120612-7,public,Kigoma,Buhigwe DC,-4.56025,29.91515,central
Bukulu,100516-4,public,Dodoma,Kondoa DC,-4.61066,35.76392,central
BUKULU,122354-4,public,Geita,Nyang'hwale DC,-3.18289,32.48942,lake
BUKUMBI,100520-6,private,Mwanza,Misungwi DC,-2.71405,32.92137,lake
BUKUMBI,100517-2,public,Tabora,Uyui DC,-4.418971,32.577091,central
BUKUMBI CAMP,100519-8,public,Mwanza,Misungwi DC,-2.70619,32.91026,lake
BUKUNDI,100521-4,public,Simiyu,Meatu DC,-3.90207,34.52032,lake
BUKWALI,100522-2,private,Kagera,Missenyi DC,-1.00783,31.75429,lake
BUKWANGU,110851-3,public,Shinyanga,Msalala DC,-3.67424,32.44091,lake
BUKWIMBA,100524-8,public,Geita,Nyang'hwale DC,-3.199345,32.657698,lake
Bulamata,100525-5,public,Katavi,Tanganyika DC,-5.72824,30.56213,shighland
BULAMBA,100526-3,public,Mara,Bunda DC,-2.13702,33.6273,lake
BULAMBA,100527-1,public,Mwanza,Ukerewe DC,-2.05496,33.08659,lake
BULANGA,100528-9,private,Songwe,Ileje DC,-9.589163,33.470914,shighland
BULANGAMILWA,100529-7,private,Tabora,Igunga DC,-4.11856,33.374,central
BULANGWA,114503-6,public,Geita,Bukombe DC,-3.43079,31.91382,lake
BULATI,100530-5,public,Arusha,Ngorongoro DC,-2.984482,35.802677,northern
BULEGA,100531-3,public,Geita,Bukombe DC,-3.29792,31.78295,lake
BULEKELA,100532-1,public,Shinyanga,Kishapu DC,-3.95804,34.01377,lake
BULELA,100533-9,public,Geita,Geita TC,-2.89573,32.48776,lake
BULEMBO,100534-7,public,Kagera,Missenyi DC,-1.29541,31.52111,lake
BULIGE,100536-2,public,Shinyanga,Msalala DC,-3.52692,32.66974,lake
BULIGE WAZAZI,114576-2,private,Shinyanga,Msalala DC,-3.527534,32.674316,lake
BULILA,108707-1,private,Kagera,Bukoba DC,-1.478356,31.744902,lake
BULIMA,100538-8,public,Shinyanga,Kishapu DC,-3.39632,33.62826,lake
BULIMA,100539-6,private,Simiyu,Busega DC,-2.374964,33.562881,lake
BULINDA,100540-4,public,Kagera,Bukoba DC,-1.427437,31.771754,lake
BULOLAMBESHI,123061-4,public,Simiyu,Itilima DC,-2.76901,34.12047,lake
BULONGWA,100544-6,private,Njombe,Makete DC,-9.32676,34.04039,shighland
BULONGWA,121468-3,public,Njombe,Makete DC,-9.31714,34.06824,shighland
BULUGALA,100545-3,public,Geita,Mbogwe DC,-3.448091,32.211421,lake
BULUMA,110954-5,public,Shinyanga,Msalala DC,-3.753477,32.888527,lake
BULUMBELA,100547-9,public,Tabora,Igunga DC,-4.167776,33.406801,central
BULUNDE,122137-3,private,Tabora,Nzega TC,-4.2196,33.2073,central
BULUNGWA,100548-7,public,Shinyanga,Ushetu DC,-4.00407,32.23053,lake
BULWA,100549-5,private,Tanga,Muheza DC,-5.04091,38.642,coastal
BULYAHILU,113670-4,public,Mwanza,Buchosa DC,-2.397995,32.177544,lake
BULYANG'OMBE,100550-3,public,Tabora,Igunga DC,-4.27892,33.88546,central
BULYANHULU,110351-4,private,Shinyanga,Msalala DC,-3.227469,32.483936,lake
BULYASHI,100551-1,public,Simiyu,Meatu DC,-3.59987,34.19508,lake
BUMA,113718-1,public,Pwani,Bagamoyo DC,-6.55814,38.90516,coastal
BUMANDA,114861-8,public,Geita,Nyang'hwale DC,-3.18736,38.61031,lake
BUMANGI GOVT,100552-9,public,Mara,Butiama DC,-1.72267,34.00953,lake
BUMANGI KMT,100553-7,private,Mara,Butiama DC,-1.73747,34.01057,lake
BUMANJI,125010-9,public,Geita,Geita TC,-2.88583,32.51163,lake
BUMBA,112502-0,public,Pwani,Kibiti DC,-7.625729,38.909743,coastal
BUMBA,109848-2,public,Tanga,Bumbuli DC,-4.73123,38.63456,coastal
BUMBIGI,121354-5,public,Mbeya,Busokelo DC,-9.16595,33.83865,shighland
BUMBIRE,109071-1,public,Kagera,Muleba DC,-1.680493,31.875197,lake
Bumbuli DC,124838-4,public,Tanga,Bumbuli DC,,,coastal
BUMBULI MISSION,100556-0,private,Tanga,Bumbuli DC,-4.86375,38.47069,coastal
BUMBUTA,100557-8,public,Dodoma,Kondoa DC,-4.646114,35.950984,central
BUMERA,100559-4,public,Mara,Tarime DC,-1.29125,34.29651,lake
BUMERA,100558-6,public,Simiyu,Itilima DC,-2.78706,34.13741,lake
BUMILAYINGA,109793-0,public,Iringa,Mafinga TC,-8.38721,35.05676,shighland
BUMVA,121924-5,public,Shinyanga,Msalala DC,-3.5189425,32.4510252,lake
BUNAMBIYU,100561-0,public,Shinyanga,Kishapu DC,-3.41614,33.30863,lake
BUNAMHALA CHUONI,100562-8,public,Simiyu,Bariadi TC,-2.85696,34.01386,lake
BUNAMHALA MBUGANI,109339-2,public,Simiyu,Itilima DC,-2.96608,33.87629,lake
BUNANDA,111095-6,public,Shinyanga,Ushetu DC,-3.95754,32.13183,lake
BUNAZI,100564-4,public,Kagera,Missenyi DC,-1.20995,31.40942,lake
BUNDA,100565-1,public,Mara,Bunda TC,-2.01727,33.8704,lake
Bunda DC,124723-8,public,Mara,Bunda DC,,,lake
BUNDA MAGEREZA,109824-3,public,Mara,Bunda TC,-1.995047,33.871788,lake
Bunda TC,124724-6,public,Mara,Bunda TC,,,lake
BUNDA TOWN COUNCIL,122471-6,public,Mara,Bunda TC,-2.01161,33.49351,lake
BUNDUKI,100568-5,public,Morogoro,Mvomero DC,-7.031422,37.622122,coastal
BUNEGEZI,100569-3,public,Geita,Geita TC,-2.95831,32.34183,lake
BUNG'WANGOKO,100576-8,public,Geita,Geita TC,-2.79484,32.38493,lake
Bunge,113882-5,public,Dodoma,Dodoma CC,-6.180058,35.756181,central
BUNGONI,123364-2,public,Dar Es Salaam,Ilala MC,-6.83224,39.25645,coastal
Bungu,100570-1,public,Morogoro,Morogoro DC,-7.198267,37.788431,coastal
BUNGU,100571-9,public,Pwani,Kibiti DC,-7.64265,39.05887,coastal
BUNGU,100572-7,public,Tanga,Korogwe DC,-5.029725,38.389206,coastal
BUNGULWA,100574-3,public,Mwanza,Kwimba DC,-2.7657,33.3071,lake
BUNGURERE,100575-0,public,Mara,Tarime DC,-1.40164,34.6617,lake
BUNIGOZI,121622-5,public,Geita,Mbogwe DC,-3.42165,32.29362,lake
BUNJU,112653-1,private,Dar Es Salaam,Kinondoni MC,-6.61886,39.09987,coastal
BUNJU A LABORATORY,120350-4,private,Dar Es Salaam,Kinondoni MC,,,coastal
BUNYAMBO,100578-4,public,Kigoma,Kibondo DC,-3.57199,30.63549,central
BUNYAMBO,121744-7,public,Kigoma,Kibondo DC,-3.57409,30.63327,central
BUPANDAGILA - SDA,100000-9,private,Simiyu,Bariadi TC,-2.64496,34.01009,lake
BUPANDWA,100001-7,public,Mwanza,Buchosa DC,-2.44682,32.1526,lake
BUPANDWAMPULI,120818-0,public,Geita,Chato DC,-2.400305,31.688195,lake
BUPIGI,100002-5,public,Shinyanga,Kishapu DC,-3.55117,33.69935,lake
Bupigu,100003-3,public,Songwe,Ileje DC,-9.50139,33.3476,shighland
BUPU,100004-1,public,Pwani,Mkuranga DC,-7.19919,39.0225,coastal
Burengo,102471-0,public,Kagera,Ngara DC,-2.46308,30.74045,lake
BURERE,100005-8,private,Mara,Rorya DC,-1.30831,33.964,lake
BURHANI CHARITABLE,112920-4,private,Tanga,Tanga CC,-5.07152,39.0991,coastal
BURHANI CHARITABLE,100010-8,private,Dar Es Salaam,Ilala MC,-6.81884,39.28585,coastal
BURHANI CHARTABLE,100009-0,private,Tanga,Tanga CC,-5.07611,39.10071,coastal
Burigi,100011-6,public,Kagera,Muleba DC,-2.12365,31.4234,lake
BURITO,114360-1,private,Mara,Serengeti DC,-1.84595,34.67685,lake
BURONGE,120884-2,public,Kigoma,Kigoma Ujiji MC,-4.84366,29.64826,central
BURSA,108512-5,private,Mtwara,Mtwara MC,-10.30311,40.17547,southern
BURUMA,100014-0,public,Ruvuma,Mbinga DC,-11.16848,34.91393,shighland
BURUMA,100015-7,public,Mara,Butiama DC,-1.67623,33.83745,lake
BURUMAWE,121165-5,private,Dar Es Salaam,Kinondoni MC,,,coastal
BURUNGA,114973-1,public,Mara,Serengeti DC,-1.89318,34.63911,lake
BUSAKA,100580-0,public,Geita,Chato DC,-2.96956,31.73053,lake
BUSALALA,124097-7,public,Geita,Chato DC,-2.58825,31.61611,lake
BUSALANGA,100581-8,public,Mwanza,Magu DC,-2.64889,33.54692,lake
BUSALE,100582-6,public,Mbeya,Kyela DC,-9.519107,33.746564,shighland
BUSAMBARA,100583-4,public,Mara,Bunda DC,-2.14896,33.4312,lake
BUSAMBILO,124269-2,public,Geita,Mbogwe DC,-3.71225,32.04734,lake
BUSAMI,100584-2,public,Simiyu,Busega DC,-2.51143,33.68006,lake
BUSANDA,100585-9,public,Geita,Geita DC,-3.01912,32.12221,lake
BUSANGA,100586-7,public,Mara,Rorya DC,-1.24504,33.9613,lake
BUSANGI,100587-5,public,Shinyanga,Msalala DC,-3.65804,32.55714,lake
BUSANGU MUGU,100588-3,public,Mwanza,Ukerewe DC,-1.95897,32.88338,lake
BUSANGWA,100589-1,public,Shinyanga,Kishapu DC,-3.44515,33.40723,lake
BUSAWE,112187-0,public,Mara,Serengeti DC,-1.594037,34.414359,lake
Busega DC,124810-3,public,Simiyu,Busega DC,,,lake
BUSEGWE,100591-7,public,Mara,Butiama DC,-1.72088,33.95883,lake
BUSEGWE SDA,100592-5,private,Mara,Butiama DC,-1.70859,33.9532,lake
BUSEKESEKE,100593-3,public,Mwanza,Buchosa DC,-2.5879,32.30946,lake
BUSEKWA,110454-6,public,Mwanza,Magu DC,-2.52324,33.03202,lake
BUSENDA,100594-1,public,Shinyanga,Ushetu DC,-4.07186,32.59838,lake
BUSERESERE,109820-1,public,Geita,Chato DC,-3.006113,31.920577,lake
BUSHASHA,100597-4,public,Kagera,Bukoba DC,-1.07657,31.805,lake
BUSHASHI,100598-2,public,Simiyu,Maswa DC,-3.1236,34.0087,lake
BUSHEKYA,100599-0,public,Kagera,Muleba DC,-1.54032,31.703,lake
BUSHIGWAMHALA,100600-6,public,Simiyu,Busega DC,-2.339277,33.755692,lake
BUSHING'WE,123918-5,public,Shinyanga,Msalala DC,-3.15401,32.26446,lake
BUSHING'WE,123529-0,private,Shinyanga,Msalala DC,-3.24645,32.46141,lake
BUSHIRI,100601-4,public,Tanga,Pangani DC,-5.35868,38.95141,coastal
BUSHORA,100602-2,public,Shinyanga,Shinyanga MC,-3.50302,33.50325,lake
BUSHUSHU,112527-7,public,Shinyanga,Shinyanga MC,-3.62806,33.40894,lake
Busi RHC,100603-0,public,Dodoma,Kondoa DC,-4.85029,36.051044,central
BUSINDA,112451-0,public,Geita,Bukombe DC,-3.45616,31.94299,lake
BUSINDE,100605-5,public,Kigoma,Kigoma Ujiji MC,-4.881066,29.678249,central
BUSISI,109728-6,public,Mwanza,Sengerema DC,-2.728876,32.850975,lake
BUSISI,100606-3,public,Mwanza,Sengerema DC,-2.727369,32.867856,lake
BUSOKA,112453-6,public,Shinyanga,Kahama MC,-3.79227,32.54579,lake
BUSOKA,120608-5,public,Mbeya,Kyela DC,-9.52037,33.71685,shighland
Busokelo DC,124733-7,public,Mbeya,Busokelo DC,,,shighland
BUSOLWA,100607-1,public,Geita,Nyang'hwale DC,-2.99855,32.6282,lake
BUSONDO,100609-7,public,Tabora,Nzega DC,-4.68082,33.17812,central
BUSONGO,115048-1,public,Shinyanga,Kishapu DC,-3.76991,33.85145,lake
BUSONGO,100611-3,public,Mwanza,Misungwi DC,-3.12152,32.94986,lake
BUSONGOLA,100612-1,public,Katavi,Tanganyika DC,-5.80329,30.59647,shighland
BUSULE,114515-0,public,Mwanza,Kwimba DC,-3.06693,33.46084,lake
BUSULWANGILI,124514-1,public,Shinyanga,Msalala DC,-3.13275,32.30624,lake
BUSULWANGILI,100613-9,public,Mwanza,Sengerema DC,-2.71039,32.72397,lake
BUSUMBA,100614-7,public,Mwanza,Ukerewe DC,-2.10604,32.8843,lake
BUSUNDA,113985-6,public,Mwanza,Ukerewe DC,-2.09232,33.03767,lake
BUSUNGU,100615-4,public,Mara,Musoma DC,-1.83539,33.3926,lake
BUSUNZU,100616-2,public,Kigoma,Kibondo DC,-3.95355,30.6049,central
BUSWELU,113672-0,public,Mwanza,Buchosa DC,-2.607025,32.394665,lake
BUSWELU,114083-9,public,Mwanza,Ilemela MC,-2.49809,32.98018,lake
BUTAINAMWA,100617-0,private,Kagera,Bukoba DC,-1.34749,31.65335,lake
BUTANWA,125031-5,private,Tabora,Tabora MC,-5.00198,32.80439,central
BUTARAMA,109819-3,public,Geita,Chato DC,-2.47813,31.74878,lake
BUTENGO,123998-7,public,Geita,Chato DC,-3.02102,31.85788,lake
BUTENGORUMASA,109747-6,public,Geita,Chato DC,-3.02183,31.89297,lake
BUTIAMA,112554-1,private,Mara,Musoma MC,-1.49899,33.81012,lake
BUTIAMA,124951-5,private,Shinyanga,Kahama MC,-3.82638,32.59748,lake
BUTIAMA,100619-6,public,Mara,Butiama DC,-1.76741,33.96015,lake
Butiama DC,124725-3,public,Mara,Butiama DC,,,lake
BUTIBU,113889-0,public,Shinyanga,Ushetu DC,-4.03271,32.3159,lake
BUTIMBA PRISON,100620-4,public,Mwanza,Nyamagana MC,-2.5700565,32.9044163,lake
BUTIMBA T.T.C,100621-2,public,Mwanza,Nyamagana MC,-2.56391,32.89392,lake
BUTINI,100622-0,public,Shinyanga,Shinyanga DC,-3.92251,33.11992,lake
BUTONDO,112895-8,private,Geita,Bukombe DC,-3.3388517,31.521164,lake
BUTONGA,114913-7,public,Mwanza,Sengerema DC,-2.63042,32.57663,lake
BUTU,100623-8,public,Kilimanjaro,Mwanga DC,-3.6463,37.71612,northern
BUTUGURI,100624-6,public,Mara,Butiama DC,-1.67403,33.9528,lake
BUTUGURI,122098-7,public,Mara,Butiama DC,-1.39383,33.56152,lake
BUTULAGE,110962-8,public,Kagera,Bukoba DC,-1.490124,31.498768,lake
BUTULI,109329-3,public,Simiyu,Meatu DC,-3.19509,34.42747,lake
BUTURAGE,121877-5,public,Kagera,Missenyi DC,,,lake
BUTURI,111959-3,private,Arusha,Arusha CC,-3.38578,36.70966,northern
BUTURI,100625-3,public,Mara,Rorya DC,-1.41729,34.0104,lake
BUTWA LULEGEYA,111502-1,public,Geita,Geita DC,-2.449618,31.976278,lake
BUYAGA,124394-8,public,Kagera,Muleba DC,-1.73875,31.64335,lake
BUYAGU,100628-7,public,Mwanza,Sengerema DC,-2.84144,32.80172,lake
BUYAGU,121895-7,public,Shinyanga,Msalala DC,-3.46541,32.51831,lake
BUYAGU,100627-9,public,Geita,Geita DC,-2.986129,32.215752,lake
BUYAMBA,123172-9,private,Shinyanga,Msalala DC,-3.64172,32.62833,lake
BUYANGE,123605-8,public,Shinyanga,Msalala DC,-3.51955,32.48847,lake
BUYANGO,100629-5,public,Kagera,Missenyi DC,-1.14465,31.64271,lake
BUYEKERA POLICELINE,100630-3,public,Kagera,Bukoba MC,-1.33794,31.811484,lake
BUYOGO,100631-1,public,Mwanza,Kwimba DC,-3.17688,33.247186,lake
BUYUNI,100633-7,public,Dar Es Salaam,Ilala MC,-6.95661,39.1011,coastal
BUYUNI,114757-8,public,Pwani,Chalinze DC,,,coastal
BUYUNI,100632-9,public,Dar Es Salaam,Kigamboni MC,-7.128755,39.523521,coastal
BUZA,100634-5,public,Dar Es Salaam,Temeke MC,-6.89178,39.23131,coastal
BUZEGWE,100635-2,public,Mwanza,Ukerewe DC,-1.97954,33.10275,lake
BUZI,100636-0,public,Kagera,Bukoba DC,-1.159967,31.812702,lake
BUZIBA,100637-8,public,Geita,Geita DC,-3.111306,32.1678,lake
BUZIKU,100638-6,public,Geita,Chato DC,-2.9805,31.66348,lake
BUZILASOGA,100639-4,public,Mwanza,Sengerema DC,-2.68936,32.47444,lake
BUZIRAYOMBO,100640-2,public,Geita,Chato DC,-2.78106,31.7802,lake
BUZWAGI MINE,100329-2,private,Shinyanga,Kahama MC,-3.848421,32.671715,lake
BWAGAMOYO,100644-4,public,Manyara,Kiteto DC,-5.31653,36.59476,northern
BWAI,100645-1,public,Mara,Musoma DC,-1.69598,33.593,lake
BWAKIRA CHINI,100646-9,public,Morogoro,Morogoro DC,-7.40222,37.8342,coastal
BWAKWIRA JUU,100647-7,public,Morogoro,Morogoro DC,-7.3,37.7,coastal
BWAMBO,100648-5,public,Kilimanjaro,Same DC,-4.39402,37.94,northern
BWAMBO HEALTH CENTRE,100649-3,private,Kilimanjaro,Same DC,-4.39387,37.93941,northern
BWASI SDA,100651-9,private,Mara,Musoma DC,-1.8619,33.3742,lake
BWASSA,121048-3,public,Mwanza,Ukerewe DC,-2.07999,33.07984,lake
BWAWANI,100654-3,public,Arusha,Arusha DC,-3.60778,36.84283,northern
BWAWANI SECONDARY,100653-5,public,Pwani,Chalinze DC,-6.64247,38.04989,coastal
Bwejuu,108558-8,public,Pwani,Mafia DC,-7.94487,39.52207,coastal
BWELWA,100655-0,public,Geita,Mbogwe DC,-3.37531,32.16981,lake
BWEMBWERA,100656-8,public,Tanga,Muheza DC,-5.19779,38.71741,coastal
BWENDA,111770-4,public,Songwe,Ileje DC,,,shighland
Bweni,100657-6,public,Pwani,Mafia DC,-7.68047,39.87439,coastal
BWENKA,124598-4,private,Kigoma,Kigoma DC,-4.50586,29.41161,central
BWERANKA,120492-4,public,Kigoma,Buhigwe DC,-4.39314,29.89414,central
BWERANYANGE,109572-8,public,Kagera,Karagwe DC,-1.76446,30.87526,lake
BWERI,100658-4,public,Mara,Musoma MC,-1.53059,33.83217,lake
BWIBUKA,112211-8,public,Mbeya,Busokelo DC,-9.31442,33.81845,shighland
BWIHEGULE,123989-6,public,Geita,Geita TC,-2.96028,32.18813,lake
BWIKIZO,123321-2,private,Dar Es Salaam,Kinondoni MC,-6.79444,39.24452,coastal
BWILA,120973-3,public,Tanga,Handeni TC,-5.40485,38.04421,coastal
BWINA,113917-9,public,Geita,Chato DC,-2.623251,31.812276,lake
BWIPA,100660-0,private,Songwe,Ileje DC,-9.498087,33.577101,shighland
BWIRA,113768-6,public,Morogoro,Morogoro DC,,,coastal
BWIRU BOYS,100661-8,public,Mwanza,Ilemela MC,-2.47264,32.88819,lake
BWIRU GIRLS,100662-6,public,Mwanza,Ilemela MC,-2.47111,32.8812,lake
BWITENGI,100664-2,public,Mara,Serengeti DC,-1.896762,34.661187,lake
BWIZANDURU,100665-9,public,Kagera,Bukoba DC,-1.39027,31.7639,lake
BYACON,121332-1,private,Mbeya,Kyela DC,-9.59031,33.85822,shighland
BYEJU,100666-7,public,Kagera,Missenyi DC,-1.06365,31.368447,lake
BYUNA,100667-5,public,Simiyu,Bariadi DC,-2.57252,34.15545,lake
C. K. OPTICAL,113182-0,private,Singida,Singida MC,-4.81846,34.75446,central
CA HEALTH,122226-4,private,Njombe,Makete DC,,,shighland
CABRIM,123163-8,private,Arusha,Arusha CC,-3.40549,36.66653,northern
CADA,110965-1,private,Mwanza,Ilemela MC,-2.53328,32.93671,lake
CAGLIERO,124861-6,private,Iringa,Iringa DC,-7.94366,35.67419,shighland
CALIFONIA,122678-6,private,Dar Es Salaam,Kinondoni MC,-6.62798,39.14826,coastal
CALL CHADOES,123715-5,private,Pwani,Mkuranga DC,-7.01051,39.31705,coastal
CALOZA,121715-7,private,Mwanza,Ilemela MC,-2.89065,36.34578,lake
CALVARY,100673-3,private,Manyara,Simanjiro DC,-3.55594,36.98645,northern
Calvary,121173-9,private,Manyara,Kiteto DC,,,northern
CAMI,122679-4,private,Dar Es Salaam,Kinondoni MC,-6.80436,39.25809,coastal
CAMI,124890-5,private,Dar Es Salaam,Kinondoni MC,-6.16387,39.28339,coastal
CANAAN HEIRS,112536-8,private,Tabora,Tabora MC,-5.01774,32.80544,central
CANOSSA,100675-8,private,Arusha,Arusha CC,-3.45802,36.71262,northern
CAPITAL,121002-0,private,Dodoma,Dodoma CC,,,central
CAPITAL,125062-0,private,Dar Es Salaam,Kinondoni MC,-6.79224,39.26452,coastal
CAPITAL CITY EYE AND VISION CENTRE,112856-0,private,Dodoma,Dodoma CC,,,central
CARAVAN HEALTH CARE,114039-1,private,Pwani,Bagamoyo DC,-6.44404,38.90676,coastal
CARDINAL RUGAMBWA,100677-4,private,Dar Es Salaam,Ilala MC,-6.87609,39.17561,coastal
CARDIOCARE MASAKI,124530-7,private,Dar Es Salaam,Kinondoni MC,-6.67287,39.26077,coastal
CARE AND CURE,111282-0,private,Tanga,Korogwe TC,-5.15521,38.44949,coastal
CARE AND CURE,123615-7,private,Dar Es Salaam,Ilala MC,-6.81686,39.28375,coastal
CARE AND CURE MEDICAL,121763-7,private,Kagera,Bukoba DC,-1.3981309,31.499885,lake
CARE PLUS MSASANI,112551-7,private,Dar Es Salaam,Kinondoni MC,,,coastal
CAREEN,113302-4,private,Pwani,Mkuranga DC,-7.07437,39.23275,coastal
CAREFE,120919-6,private,Dar Es Salaam,Ubungo MC,-6.450161,39.064311,coastal
CAREPLUS,112530-1,private,Kilimanjaro,Moshi MC,-3.33521,37.21596,northern
CAREPLUS HEALTHY,123888-0,private,Dar Es Salaam,Kinondoni MC,-6.80302,35.15641,coastal
CARINO,120746-3,private,Dar Es Salaam,Temeke MC,-6.93081,39.33631,coastal
CARITAS,122128-2,private,Singida,Manyoni DC,,,central
CARNEIRO'S,100678-2,private,Dar Es Salaam,Ilala MC,,,coastal
CARPENAUM,120743-0,private,Mbeya,Mbeya CC,-8.9064,33.4996,shighland
CASTE,122339-5,private,Dar Es Salaam,Ilala MC,-6.8799,39.16208,coastal
CASTE-HEALTHCARE,124895-4,private,Mbeya,Chunya DC,-8.45756,33.25753,shighland
CATH MEDICAL,122672-9,private,Mbeya,Mbarali DC,-8.66702,34.33005,shighland
CAWABE,120748-9,private,Dar Es Salaam,Kinondoni MC,-6.75506,39.24504,coastal
CCBRT,100681-6,private,Dar Es Salaam,Kinondoni MC,-6.76786,39.27119,coastal
CCBRT,125279-0,private,Dar Es Salaam,Kinondoni MC,-6.13567,39.12469,coastal
CCP MEDICINE MEDICAL CENTER,110524-6,private,Dar Es Salaam,Ilala MC,-6.841209,39.148093,coastal
CEDARS HEALTH,125113-1,private,Mara,Tarime TC,-1.34713,34.38562,lake
CENTRAL,112779-4,private,Dodoma,Dodoma CC,,,central
CENTRAL,112034-4,private,Manyara,Simanjiro DC,-3.56253,36.97902,northern
Central Health,122077-1,private,Dodoma,Chamwino DC,,,central
CENTRAL UHURU,100683-2,private,Dodoma,Dodoma CC,-6.175822,35.742466,central
CENTURY ORAL ARTS,121169-7,private,Dar Es Salaam,Kinondoni MC,,,coastal
CEVINE HEALTH CARE,120920-4,private,Morogoro,Ifakara TC,,,coastal
CF,112821-4,private,Mara,Musoma MC,-1.49884,33.80935,lake
CF,100685-7,private,Mwanza,Nyamagana MC,-2.52122,32.89862,lake
CFK,100686-5,private,Mwanza,Nyamagana MC,-2.52398,32.89438,lake
CHABA,122738-8,private,Tanga,Handeni DC,,,coastal
CHABALISA,122761-0,public,Kagera,Karagwe DC,-1.70637,30.99971,lake
CHABARU,100688-1,public,Kilimanjaro,Same DC,-4.18712,37.9486,northern
CHABI,114137-3,public,Morogoro,Kilosa DC,-7.16942,36.31578,coastal
CHABIMA,111575-7,public,Morogoro,Kilosa DC,-6.84636,36.83173,coastal
CHABRUMA JWTZ,100689-9,public,Ruvuma,Songea MC,-10.69338,35.53933,shighland
CHABU,100691-5,public,Songwe,Ileje DC,-9.486637,33.26855,shighland
CHABUTWA,124958-0,public,Simiyu,Busega DC,-5.68832,32.75315,lake
CHACHA WAMBURA,100903-4,private,Pwani,Bagamoyo DC,-6.44513,38.89997,coastal
CHACHA WANDERA,113792-6,private,Mara,Tarime DC,-1.25548,34.47394,lake
CHADIBWA,100692-3,private,Dar Es Salaam,Ilala MC,-6.88167,39.1688,coastal
CHAELY CARE,120386-8,private,Mwanza,Nyamagana MC,-2.5674597,32.9908651,lake
CHAGONGWE,100694-9,public,Morogoro,Gairo DC,-6.39533,36.8847,coastal
CHAGU,100695-6,public,Kigoma,Uvinza DC,-4.98333,31.2,central
CHAHUA,114800-6,public,Pwani,Chalinze DC,-6.67339,38.36733,coastal
Chahwa,100696-4,public,Dodoma,Dodoma CC,-6.065831,35.984322,central
CHAJO,100697-2,public,Kilimanjaro,Same DC,-4.15608,37.82165,northern
CHAKENGE,123977-1,public,Pwani,Kisarawe DC,-6.56491,38.45364,coastal
CHAKULU,100698-0,public,Kigoma,Uvinza DC,-5.050727,30.451905,central
CHAKWALE,125082-8,private,Morogoro,Gairo DC,-6.10047,36.96886,coastal
CHAKWALE,100699-8,public,Morogoro,Gairo DC,-6.100472,36.968869,coastal
Chala,100700-4,public,Rukwa,Nkasi DC,-7.59624,31.2682,shighland
CHALA,100701-2,private,Rukwa,Nkasi DC,-7.59228,31.27319,shighland
CHALANGWA,109168-5,public,Mbeya,Chunya DC,-8.642162,33.560613,shighland
CHALATILA,113799-1,public,Rukwa,Kalambo DC,-8.41124,31.63285,shighland
CHALI IGONGO,122873-3,public,Dodoma,Bahi DC,-6.89036,35.12882,central
Chali Isangha,100703-8,public,Dodoma,Bahi DC,-6.250782,35.234579,central
Chali Makulu,100704-6,public,Dodoma,Bahi DC,-6.160224,35.249321,central
Chalinze,100705-3,public,Dodoma,Chamwino DC,-6.15997,36.229958,central
CHALINZE,113278-6,private,Pwani,Chalinze DC,-6.63807,38.35434,coastal
CHALINZE,100706-1,public,Pwani,Chalinze DC,-6.63666,38.35381,coastal
Chalinze DC,124778-2,public,Pwani,Chalinze DC,,,coastal
CHALINZE RC,100707-9,private,Pwani,Chalinze DC,-6.64044,38.3667,coastal
CHALOWE,100708-7,public,Njombe,Wanging'ombe DC,-9.077496,34.597478,shighland
CHAMA,125034-9,private,Dar Es Salaam,Temeke MC,-6.54306,39.15828,coastal
CHAMA,123565-4,private,Dar Es Salaam,Temeke MC,-6.54306,39.15828,coastal
CHAMA CHA UZAZI NA MALEZI BORA TANZANIA,108092-8,private,Kilimanjaro,Moshi MC,-3.34705,37.32802,northern
CHAMABANDA,100710-3,public,Mwanza,Sengerema DC,-2.52658,32.73266,lake
CHAMAE,110707-7,public,Dodoma,Kongwa DC,-5.98849,36.4473,central
CHAMAGUHA,100711-1,public,Shinyanga,Shinyanga MC,-3.67742,33.44454,lake
CHAMAKWEZA,124058-9,public,Pwani,Chalinze DC,-6.67544,38.50432,coastal
CHAMALENDI,100712-9,public,Katavi,Mpimbwe DC,-7.12518,31.38704,shighland
CHAMANDA,121670-4,public,Dodoma,Mpwapwa DC,-6.66499,36.12901,central
Chamazi,100714-5,public,Dar Es Salaam,Temeke MC,-6.95061,39.22803,coastal
CHAMBALA,100715-2,public,Simiyu,Meatu DC,-3.82508,34.41454,lake
CHAMBALO,100716-0,public,Dodoma,Chemba DC,-5.248765,35.919481,central
CHAMBEZI,100717-8,public,Pwani,Bagamoyo DC,-6.555439,38.91686,coastal
CHAMBO,100718-6,public,Shinyanga,Ushetu DC,-4.20101,32.65791,lake
CHAMBO MEDICAL,121532-6,private,Songwe,Tunduma TC,-9.2963,32.76261,shighland
CHAMCHUZI,100719-4,public,Kagera,Karagwe DC,-1.776356,30.863539,lake
CHAMDINDI,100720-2,public,Iringa,Iringa DC,-7.43347,35.743999,shighland
CHAMGOI,111550-0,public,Pwani,Mkuranga DC,-7.40207,38.90074,coastal
CHAMKOROMA,100721-0,public,Dodoma,Kongwa DC,-6.19307,36.40517,central
Champumba,109624-7,public,Dodoma,Chamwino DC,-6.96171,35.873945,central
CHAMTUI,100723-6,public,Tanga,Kilindi DC,-5.97246,37.14778,coastal
CHAMUGASA,111307-5,public,Simiyu,Busega DC,-2.291072,33.755687,lake
CHAMVENG,123625-6,private,Dar Es Salaam,Kinondoni MC,-6.82947,39.52957,coastal
Chamwino DC,124655-2,public,Dodoma,Chamwino DC,,,central
CHAMWINO DTC,100725-1,public,Dodoma,Dodoma CC,-6.16059,35.7385,central
CHANCE OPTO-CARE CENTRE,121561-5,private,Dar Es Salaam,Kinondoni MC,,,coastal
CHANCE OPTOCARE CENTRE,110935-4,private,Dar Es Salaam,Kinondoni MC,-6.76701,39.22844,coastal
CHANDAMA,100727-7,public,Dodoma,Chemba DC,-5.144677,36.167506,central
CHANDAMALI JWTZ,100729-3,public,Ruvuma,Songea MC,-10.65975,35.66245,shighland
CHANDARUA,100730-1,public,Ruvuma,Songea MC,-10.592,35.62469,shighland
CHANDARUA JWTZ,110946-1,public,Ruvuma,Songea MC,-10.59692,35.6541,shighland
CHANDIKA HEALTH CARE,112456-9,private,Shinyanga,Kahama MC,-3.8744617,32.763012,lake
CHANDULU,100731-9,public,Mwanza,Magu DC,-2.6646,33.62365,lake
CHANG'OMBE,113155-6,public,Dodoma,Kongwa DC,-6.25001,36.63833,central
Chang'ombe,110518-8,public,Dar Es Salaam,Temeke MC,-6.842576,39.26801,coastal
CHANG'OMBE,109644-5,public,Dodoma,Dodoma CC,-6.14424,35.73388,central
CHANG'OMBE EXTENSION,115300-6,private,Dodoma,Dodoma CC,-6.14468,35.74031,central
CHANG'OMBE HEALTH,122682-8,private,Dar Es Salaam,Ilala MC,-6.83581,39.20498,coastal
CHANGA,100732-7,public,Morogoro,Morogoro DC,-6.97303,37.78524,coastal
CHANGALIKWA,100733-5,public,Tanga,Korogwe DC,-4.96334,38.244844,coastal
CHANGALIKWA,124057-1,public,Pwani,Chalinze DC,-6.07373,38.20556,coastal
CHANGANYIKENI LGA,122350-2,public,Dar Es Salaam,Kinondoni MC,-6.24456,39.45621,coastal
Changarawe,112284-5,public,Morogoro,Kilosa DC,-6.92896,36.95733,coastal
CHANGARAWE,100734-3,public,Iringa,Mafinga TC,-8.323368,35.250044,shighland
CHANGUGE,109377-2,public,Mara,Bunda TC,-2.17141,33.94611,lake
CHANGUGE,100736-8,public,Mara,Rorya DC,-1.24379,34.2255,lake
Chanhumba,100737-6,public,Dodoma,Chamwino DC,-6.337904,36.046607,central
CHANIKA,114280-1,private,Dar Es Salaam,Ilala MC,,,coastal
CHANIKA,100738-4,public,Dar Es Salaam,Ilala MC,-6.98047,39.09212,coastal
CHANIKA,100739-2,public,Kagera,Karagwe DC,-1.44839,31.09065,lake
Chanika,113572-2,public,Tanga,Handeni TC,-5.42093,38.01877,coastal
CHANIKA KOFI,111800-9,public,Tanga,Handeni DC,-5.48181,38.40164,coastal
CHANIKA MODERN,121196-0,private,Dar Es Salaam,Ilala MC,,,coastal
CHANJALE,111301-8,public,Morogoro,Gairo DC,-6.52777,36.83564,coastal
CHANJALE,123156-2,public,Kilimanjaro,Mwanga DC,-3.75089,37.62675,northern
CHANKABWIMBA,100744-2,public,Kigoma,Kigoma DC,-4.789075,29.727375,central
CHANKAMBA,121681-1,public,Mwanza,Ukerewe DC,-2.09073,33.30949,lake
CHANKELE,100745-9,public,Kigoma,Kigoma DC,-4.703732,29.683526,central
CHANYA,121687-8,public,Kagera,Kyerwa DC,-1.540138,30.978788,lake
CHANZI,120279-5,private,Morogoro,Morogoro MC,,,coastal
Chanzuru,100746-7,public,Morogoro,Kilosa DC,-6.79731,37.08,coastal
CHAPAKAZI,113752-0,private,Dar Es Salaam,Ilala MC,-6.93461,39.18318,coastal
CHAPELA,100747-5,public,Tabora,Igunga DC,-4.58688,33.49164,central
CHAPULWA,114703-2,public,Shinyanga,Kahama MC,-3.88206,32.68732,lake
CHAPWA,121553-2,public,Songwe,Tunduma TC,-9.16716,32.48077,shighland
Charambe,111617-7,public,Dar Es Salaam,Temeke MC,-6.92326,39.2555,coastal
CHARIS,123299-0,private,Dodoma,Dodoma CC,-6.18757,35.77668,central
CHARITY,123871-6,private,Dar Es Salaam,Ilala MC,-6.84075,39.21105,coastal
CHARITY,113319-8,private,Mwanza,Ilemela MC,-2.53867,32.95487,lake
charity health laboratory,121426-1,private,Pwani,Mkuranga DC,-7.03229,39.28097,coastal
CHARITY MISSION,122929-3,private,Tabora,Tabora MC,-5.00652,32.84001,central
CHARITY MODERN,111963-5,private,Arusha,Arusha CC,-3.38155,36.66116,northern
CHARITY OPTOMETRIST EYE CARE,113332-1,private,Shinyanga,Shinyanga MC,-3.6642416,33.46198,lake
CHARITY VISION EYE,113693-6,private,Dodoma,Dodoma CC,-6.18754,35.74402,central
CHARITYPOINT,125206-3,private,Kagera,Ngara DC,-2.76275,30.49087,lake
CHARLES,123055-6,private,Pwani,Kibiti DC,-7.37291,39.35301,coastal
CHARLES  W. SLOAN (CWS),124281-7,private,Pwani,Bagamoyo DC,-6.45198,38.88571,coastal
CHARLES KULWA MEMORIAL,104735-6,private,Geita,Bukombe DC,-3.33802,31.5233,lake
CHARLOTHI,107718-9,private,Pwani,Chalinze DC,-6.45887,38.32811,coastal
CHARLOTTE,100749-1,private,Kilimanjaro,Siha DC,-3.17618,37.02134,northern
CHASE,100750-9,public,Dodoma,Chemba DC,-5.594744,35.558018,central
CHATO,120343-9,public,Geita,Chato DC,-2.6444392,31.772888,lake
CHATO COHEST,121291-9,private,Geita,Chato DC,-2.630607,31.781046,lake
Chato DC,124664-4,public,Geita,Chato DC,,,lake
CHATO PRISON,122888-1,public,Geita,Chato DC,-2.61989,31.72724,lake
CHAUME,100752-5,public,Mtwara,Tandahimba DC,-10.62468,39.44958,southern
CHAWELA,120404-9,private,Dar Es Salaam,Temeke MC,,,coastal
CHAWELA,122872-5,private,Pwani,Mkuranga DC,,,coastal
CHAWI,100754-1,public,Mtwara,Nanyamba TC,-10.558408,40.09948,southern
CHAWISI,124243-7,public,Ruvuma,Tunduru DC,-11.62608,37.82816,shighland
Chazi,100755-8,public,Morogoro,Mvomero DC,-6.22051,37.576,coastal
CHEGEKA,110694-7,private,Dar Es Salaam,Temeke MC,-6.936747,39.245039,coastal
CHEKELEI,100757-4,public,Tanga,Korogwe DC,-4.974915001,38.312989001,coastal
CHEKENI MWASONGA,100758-2,public,Dar Es Salaam,Kigamboni MC,-6.98746,39.42089,coastal
CHEKERENI,100760-8,private,Kilimanjaro,Moshi DC,-3.45432,37.39873,northern
CHEKERENI GVT,109357-4,public,Kilimanjaro,Moshi DC,-3.45418,37.39888,northern
CHEKERENI WERUWERU,122361-9,public,Kilimanjaro,Moshi DC,,,northern
CHEKIMAJI,121689-4,public,Kilimanjaro,Hai DC,-3.41984,37.21611,northern
CHELA,100762-4,public,Shinyanga,Msalala DC,-3.54038,32.54762,lake
CHELAMENO,122442-7,public,Geita,Geita DC,-2.52129,32.08996,lake
CHELENGANYA,100763-2,public,Rukwa,Sumbawanga MC,-8.06247,31.53457,shighland
CHELEWENI,100764-0,public,Ruvuma,Tunduru DC,-10.96787,37.45386,shighland
CHEM CHEM,100765-7,public,Ruvuma,Songea MC,-10.69484,35.69043,shighland
Chemba DC,124656-0,public,Dodoma,Chemba DC,,,central
CHEMBE,111762-1,public,Songwe,Ileje DC,-9.58467,33.49394,shighland
CHEMCHEM,121597-9,public,Manyara,Babati TC,-4.12311,35.46712,northern
CHEMCHEM,100767-3,public,Kilimanjaro,Moshi DC,-3.53685,37.327246,northern
Chemchem,100769-9,public,Pwani,Mafia DC,-7.96837,39.65015,coastal
CHEMCHEM,100766-5,public,Arusha,Karatu DC,-3.39134,35.76646,northern
CHEMCHEM,100768-1,private,Singida,Mkalama DC,-4.05102,34.58315,central
CHEMKA,120918-8,public,Kilimanjaro,Hai DC,-3.44375,37.18374,northern
Chenene,100770-7,public,Dodoma,Chamwino DC,-5.569408,35.845557,central
CHENGENA,100771-5,private,Ruvuma,Namtumbo DC,-10.59767,36.08024,shighland
CHERECHE,100772-3,public,Mara,Rorya DC,-1.3784,34.1038,lake
CHESSA,122699-2,public,Tabora,Uyui DC,-4.96711,32.35082,central
CHEYAN,124136-3,private,Dar Es Salaam,Ilala MC,-6.86206,39.14203,coastal
CHEYO,100773-1,public,Tabora,Tabora MC,-5.04216,32.8294,central
CHIBASI,121643-1,public,Mwanza,Ukerewe DC,-1.81724,33.01286,lake
CHIBE,100774-9,public,Shinyanga,Shinyanga MC,-3.60151,33.362222,lake
Chibelela,100775-6,public,Dodoma,Bahi DC,-6.403992,35.707712,central
CHIBILA,124975-4,public,Songwe,Ileje DC,-9.21221,33.31711,shighland
CHIBINGO,100776-4,public,Geita,Geita DC,-2.96061,32.00925,lake
CHIBISO,100777-2,public,Tabora,Igunga DC,-3.94579,33.36588,central
Chiboli,100778-0,public,Dodoma,Chamwino DC,-6.856554,35.819902,central
CHIBUJI,100779-8,public,Mwanza,Kwimba DC,-3.17726,33.09724,lake
CHIBULA,100780-6,public,Lindi,Ruangwa DC,-9.94818,39.06686,southern
CHIBUMAGWA,100782-2,public,Singida,Manyoni DC,-5.88113,34.59474,central
CHICCO  DENTAL,123954-0,private,Mwanza,Misungwi DC,-2.64837,32.96423,lake
CHIDEDE,100783-0,public,Mtwara,Tandahimba DC,-10.50158,39.44363,southern
CHIDILO,120356-1,public,Dodoma,Bahi DC,-5.32696,35.54974,central
CHIDYA,100784-8,private,Mtwara,Masasi DC,-10.62736,39.0211,southern
CHIEFSTONE,123226-3,private,Shinyanga,Msalala DC,-3.90531,32.93815,lake
CHIEMA,124114-0,private,Singida,Ikungi DC,-5.33485,34.39458,central
CHIENJERE,100785-5,public,Lindi,Ruangwa DC,-10.267384,38.91672,southern
Chifukulo,100786-3,public,Dodoma,Chamwino DC,-6.571506,35.518788,central
CHIFULE,100788-9,public,Mwanza,Ukerewe DC,-1.81724,33.01286,lake
Chifutuka,100787-1,public,Dodoma,Bahi DC,-6.602577,35.334406,central
CHIGOLO,115209-9,private,Morogoro,Gairo DC,-6.13811,36.86875,coastal
Chigongwe,100789-7,public,Dodoma,Dodoma CC,-6.06361,35.5506,central
CHIGUGU,121861-9,public,Lindi,Liwale DC,-10.18915,37.88109,southern
Chiguluka,100790-5,public,Dodoma,Bahi DC,-6.327717,35.431264,central
CHIGUNGA,100791-3,public,Geita,Geita DC,-2.81477,31.93444,lake
CHIGWINGWILI,100792-1,public,Dodoma,Kongwa DC,-5.99738,36.50682,central
Chihanga,100793-9,public,Dodoma,Dodoma CC,-5.91667,35.8333,central
CHIHANGA,100794-7,public,Mtwara,Newala TC,-11.019369,39.399049,southern
CHIHANGU,100795-4,public,Mtwara,Newala DC,-10.6132,39.2209,southern
CHIHEKO,100796-2,private,Mbeya,Mbeya CC,-8.89311,33.44311,shighland
CHIHOMA,113117-6,private,Singida,Manyoni DC,,,central
Chikande,110789-5,public,Dodoma,Dodoma CC,-6.18152,35.7404,central
CHIKOBE,100798-8,public,Geita,Geita DC,-2.76815,31.91628,lake
Chikola,100799-6,public,Dodoma,Bahi DC,-6.178904,35.418429,central
CHIKOLA,100800-2,public,Singida,Manyoni DC,-6.07974,34.84415,central
CHIKOMBI,113170-5,private,Shinyanga,Shinyanga MC,-3.681055,33.41773,lake
CHIKOMBO,100801-0,public,Singida,Manyoni DC,-6.16347,34.91047,central
CHIKONGO,113902-1,public,Mtwara,Tandahimba DC,-10.87418,39.76744,southern
CHIKONJI,100802-8,public,Lindi,Lindi MC,-9.91041,39.58383,southern
CHIKOPELO,100803-6,private,Dodoma,Bahi DC,-6.309281,35.306476,central
CHIKOROPOLA,100804-4,public,Mtwara,Masasi DC,-11.50118,39.32243,southern
CHIKOWETI,100805-1,public,Mtwara,Masasi DC,-10.6779,38.65747,southern
CHIKUMBA,100806-9,private,Mtwara,Masasi TC,-10.73525,38.8056,southern
CHIKUMBULU,100807-7,private,Songwe,Ileje DC,-9.4488,33.5328,shighland
CHIKUNDI,112361-1,public,Lindi,Ruangwa DC,-9.90541,39.08811,southern
CHIKUNDI,120794-3,public,Mtwara,Masasi DC,-10.50118,38.99095,southern
CHIKUNJA,100808-5,public,Mtwara,Masasi DC,-10.62963,38.81431,southern
CHIKUTI,100809-3,public,Morogoro,Ulanga DC,-8.60187,36.73414,coastal
CHIKUYU,100810-1,public,Singida,Manyoni DC,-5.51709,35.04425,central
CHILAMBO,120642-4,public,Kigoma,Kakonko DC,-3.38881,30.51321,central
CHILANGALA,121465-9,public,Mtwara,Newala DC,-10.560092,39.175191,southern
CHILANGU,111711-8,public,Songwe,Momba DC,-8.79641,32.22105,shighland
CHILEMBA,100812-7,public,Songwe,Ileje DC,-9.58912,33.52857,shighland
Chilonwa,100814-3,public,Dodoma,Chamwino DC,-6.039112,36.145826,central
CHILULUMO,100815-0,public,Songwe,Momba DC,-8.64766,32.36138,shighland
CHILUNGULU,123106-7,public,Dodoma,Bahi DC,-5.95107,35.66719,central
CHIMALA,120697-8,public,Mbeya,Mbarali DC,-8.84027,34.01556,shighland
CHIMALA MISSION,100816-8,private,Mbeya,Mbarali DC,-8.8627,34.0329,shighland
CHIMBENDENGA,100817-6,public,Lindi,Nachingwea DC,-10.3756,38.3314,southern
CHIMBO,122789-1,public,Njombe,Ludewa DC,-9.87555,34.95979,shighland
Chimendeli,100818-4,public,Dodoma,Bahi DC,-6.11575,35.3945,central
CHINA STATE FARMS,111047-7,private,Morogoro,Kilosa DC,-6.69843,37.13508,coastal
CHINAMILI,100820-0,public,Simiyu,Itilima DC,-2.88946,34.17859,lake
Chinangali I,100821-8,public,Dodoma,Chamwino DC,-6.102536,36.176224,central
Chinangali II,100822-6,public,Dodoma,Chamwino DC,-6.144796,36.085071,central
CHINANGALI II,123549-8,private,Dodoma,Chamwino DC,-6.14139,36.07081,central
CHINDI,100823-4,public,Songwe,Momba DC,-9.035278,32.578694,shighland
CHINESE MEDICAL,110806-7,private,Dar Es Salaam,Ilala MC,-6.80983,39.27871,coastal
CHINGUILE MISSION,121070-7,private,Mtwara,Nanyumbu DC,,,southern
CHINGUILE MISSION,123730-4,private,Mtwara,Nanyumbu DC,-10.55413,38.23744,southern
CHINGULUNGULU,100825-9,private,Mtwara,Masasi DC,-10.7015,38.4978,southern
CHINGUNGWE,100826-7,public,Mtwara,Tandahimba DC,-10.79287,39.42548,southern
CHINOJE,100827-5,public,Dodoma,Chamwino DC,-6.42957,36.11771,central
CHINONGWE,100828-3,public,Lindi,Ruangwa DC,-10.4759,38.9144,southern
Chinugulu,100829-1,public,Dodoma,Chamwino DC,-6.90156,35.394375,central
CHINULA,100830-9,public,Ruvuma,Nyasa DC,-11.22564,34.76687,shighland
CHINYANGHUKU,100831-7,public,Dodoma,Mpwapwa DC,-6.79684,36.19389,central
CHINYIKA,100832-5,public,Dodoma,Mpwapwa DC,-6.72725,36.18769,central
CHIODYA,110345-6,public,Lindi,Mtama DC,-10.14263,39.39388,southern
CHIOLA,100833-3,public,Lindi,Nachingwea DC,-10.20743,38.84164,southern
CHIONDA,121998-9,private,Mtwara,Masasi DC,-10.89211,38.98331,southern
CHIPAKA,121552-4,public,Songwe,Tunduma TC,-9.16355,32.41892,shighland
CHIPANDE 2020,120418-9,private,Dar Es Salaam,Temeke MC,-6.86515,36.26349,coastal
Chipanga,100834-1,public,Dodoma,Bahi DC,-6.252359,35.358247,central
CHIPAPA V.A,100835-8,private,Rukwa,Kalambo DC,-8.66247,31.75268,shighland
CHIPOGORO,100836-6,public,Dodoma,Mpwapwa DC,-6.87272,36.03772,central
CHIPONDA,100838-2,public,Lindi,Mtama DC,-10.09348,39.36948,southern
CHIPU,100839-0,public,Rukwa,Sumbawanga MC,-7.976159,31.455994,shighland
CHIPUMPU,100840-8,public,Songwe,Momba DC,-9.119999,32.26966,shighland
CHIPUPUTA,100841-6,public,Mtwara,Nanyumbu DC,-11.030828,38.410917,southern
CHIROMBORA,100842-4,public,Morogoro,Ulanga DC,-8.92957,36.75449,coastal
CHIRORWE,109796-3,public,Mara,Musoma DC,-1.79129,33.62859,lake
CHISANO,100843-2,public,Morogoro,Mlimba DC,-8.65992,35.8535,coastal
CHISAWE,114375-9,private,Geita,Geita TC,-2.89113,32.23104,lake
Chisegu,100844-0,public,Mtwara,Masasi TC,-10.68222,38.88448,southern
CHISEYU,123904-5,public,Dodoma,Mpwapwa DC,-6.49309,36.37251,central
CHISINGISA,123033-3,public,Singida,Manyoni DC,-6.2907833,34.7872033,central
CHITA,114987-1,public,Morogoro,Mlimba DC,-8.51798,35.95177,coastal
CHITA JKT,100847-3,public,Morogoro,Mlimba DC,-8.498,35.931,coastal
CHITA RURAL,100848-1,public,Morogoro,Mlimba DC,-8.521183,35.945358,coastal
CHITANDI,112489-0,public,Mtwara,Newala TC,-10.56613,39.14407,southern
CHITARE,100849-9,public,Mara,Musoma DC,-1.89996,33.39408,lake
CHITEGO,100850-7,public,Dodoma,Kongwa DC,-5.61277,36.37289,central
CHITEKETE,100851-5,public,Mtwara,Newala DC,-10.79764,39.22057,southern
CHITEMO,100853-1,public,Dodoma,Mpwapwa DC,-6.49738,36.20497,central
CHITETE,100855-6,public,Songwe,Momba DC,-8.80533,32.5046,shighland
CHITETE,100854-9,public,Rukwa,Sumbawanga DC,-8.2599,31.64864,shighland
CHITINDE,100856-4,private,Singida,Manyoni DC,,,central
CHITOWE,115348-5,public,Mtwara,Nanyumbu DC,-10.56301,38.37511,southern
CHIULU,100857-2,public,Ruvuma,Nyasa DC,-11.34461,34.86113,shighland
CHIUMBATI MIEMBENI,112311-6,public,Lindi,Nachingwea DC,-10.41796,38.81106,southern
CHIUMBATI SHULENI,114889-9,public,Lindi,Nachingwea DC,-10.36716,38.75662,southern
CHIUNGO,121511-0,public,Ruvuma,Tunduru DC,-11.24939,37.56171,shighland
CHIUNGUTWA,100858-0,public,Mtwara,Masasi DC,-10.8917,38.99146,southern
CHIUTA,100859-8,public,Lindi,Mtama DC,-10.51361,39.60161,southern
CHIVIRIRIKITI,115296-6,public,Mtwara,Nanyumbu DC,-10.57191,38.46311,southern
CHIVU,100860-6,public,Kagera,Ngara DC,-2.49751,30.59856,lake
CHIWACHIWA,124445-8,public,Morogoro,Mlimba DC,-8.14385,36.29898,coastal
CHIWALE,100861-4,public,Mtwara,Masasi DC,-10.59045,38.61624,southern
CHIWANA,100862-2,public,Ruvuma,Tunduru DC,-11.22206,37.17724,shighland
CHIWANDA,108742-8,private,Songwe,Momba DC,-9.174886,32.562052,shighland
CHIWATA,113866-8,public,Mtwara,Masasi DC,-10.62023,39.01454,southern
CHIWE,100864-8,public,Dodoma,Kongwa DC,-6.22207,36.78534,central
CHIWERERE,120714-1,public,Lindi,Mtama DC,-10.35926,39.18987,southern
CHIWEZI,108737-8,public,Songwe,Tunduma TC,-9.08855,32.42225,shighland
CHIWILL,122336-1,private,Dar Es Salaam,Ubungo MC,,,coastal
CHIWINDI,110506-3,public,Mtwara,Nanyamba TC,-10.59059,39.81987,southern
Chiwondo,100866-3,public,Dodoma,Chamwino DC,-5.725719,36.229303,central
CHIWONGA,100867-1,public,Mtwara,Newala DC,-10.5627,39.3572,southern
CHODA,100868-9,public,Singida,Ikungi DC,-5.509111,34.764877,central
CHOGA,123251-1,private,Ruvuma,Madaba DC,-10.20424,35.67172,shighland
CHOGO,100869-7,public,Iringa,Mufindi DC,-8.51382,35.74682,shighland
CHOGO,100870-5,public,Tanga,Handeni DC,-5.59904,38.50592,coastal
CHOGOALI,100871-3,public,Morogoro,Gairo DC,-6.02973,37.36423,coastal
CHOGOLA,100872-1,public,Dodoma,Mpwapwa DC,-6.96972,36.40843,central
CHOKA,121330-5,public,Dodoma,Kondoa TC,-4.77219,35.83801,central
Chole,100874-7,public,Pwani,Mafia DC,-7.97815,39.76305,coastal
CHOLE,100873-9,public,Pwani,Kisarawe DC,-7.35744,38.67218,coastal
CHOLE,121480-8,public,Songwe,Momba DC,-8.71493,32.10475,shighland
CHOLOLO,100875-4,public,Dodoma,Dodoma CC,-6.243144,36.000833,central
CHOLOLO,100876-2,public,Dodoma,Kondoa DC,-4.786165,35.664415,central
CHOMA,100877-0,public,Tabora,Igunga DC,-4.02232,33.358074,central
Chombe,100878-8,public,Rukwa,Sumbawanga DC,-8.58068,32.221,shighland
CHOME,100879-6,public,Kilimanjaro,Same DC,-4.28828,37.8993,northern
CHOMETE,122825-3,public,Mara,Tarime TC,-1.33498,34.38995,lake
CHOMVU,100880-4,public,Kilimanjaro,Mwanga DC,-3.716421,37.660271,northern
CHONDE,120354-6,public,Dodoma,Bahi DC,-5.75511,35.44471,central
Chonga,100881-2,public,Rukwa,Nkasi DC,-7.77943,31.26994,shighland
CHONGOLEANI,100882-0,public,Tanga,Tanga CC,-5.00397,39.13461,coastal
Chonwe,100883-8,public,Morogoro,Kilosa DC,-7.57777,36.9228,coastal
CHONYONYO,108995-2,public,Kagera,Karagwe DC,-1.56445,31.04857,lake
CHOSI A,100884-6,public,Mbeya,Mbarali DC,-8.8367,34.0643,shighland
CHRIS,113525-0,private,Dar Es Salaam,Temeke MC,-6.90068,39.25041,coastal
CHRIS-MALL AFRICANA,111884-3,private,Mara,Bunda TC,-2.02407,33.86643,lake
CHRISIAN OF GOSPEL INTERNATIONAL KAYA NO 1,100911-7,private,Kilimanjaro,Moshi MC,-3.36981,37.34087,northern
Chubi,111012-1,public,Dodoma,Kondoa DC,-4.48602,36.02983,central
CHUGULU,113505-2,private,Dar Es Salaam,Ilala MC,,,coastal
CHUMBAGENI PRISON,100886-1,public,Tanga,Tanga CC,-5.07223,39.09548,coastal
Chumbi,100887-9,public,Pwani,Rufiji DC,-8.127826,39.103237,coastal
CHUMO,100888-7,public,Lindi,Kilwa DC,-8.54094,39.03925,southern
CHUNGU CHA BAWAWA,121402-2,public,Simiyu,Bariadi DC,-2.46671,34.13875,lake
Chunguruma,100889-5,public,Pwani,Mafia DC,-7.835896,39.740373,coastal
CHUNO,111218-4,public,Mtwara,Mtwara MC,-10.26965,40.16424,southern
CHUNYA,100890-3,public,Mbeya,Chunya DC,-8.52037,33.425983,shighland
Chunya DC,124734-5,public,Mbeya,Chunya DC,,,shighland
CHUNYU,100891-1,public,Dodoma,Mpwapwa DC,-6.281,36.32895,central
CHUNYU,100892-9,public,Lindi,Ruangwa DC,-9.96855,38.8944,southern
CHUO,100893-7,public,Songwe,Momba DC,-8.636802,32.305764,shighland
CHUO CHA MIPANGO MWANZA,124279-1,public,Mwanza,Magu DC,-2.56306,33.05905,lake
CHUO CHA POLISI,100894-5,public,Kilimanjaro,Moshi MC,-3.33358,37.33193,northern
CHURAZO,121343-8,public,Kigoma,Kakonko DC,-2.57111,30.54511,central
CHURUKU,100899-4,public,Dodoma,Chemba DC,-5.01277,36.127732,central
CHURWA,123706-4,public,Tanga,Mkinga DC,-4.91011,38.77124,coastal
CIBENAMBEBE,114570-5,private,Singida,Manyoni DC,-6.1194,34.8627,central
CINA,124960-6,private,Dar Es Salaam,Kinondoni MC,-6.18264,39.18051,coastal
CIPHIAN,114840-2,private,Tabora,Nzega TC,-4.20761,33.1887,central
CITY,112921-2,private,Tanga,Tanga CC,,,coastal
CITY,124867-3,private,Mwanza,Magu DC,-2.55792,33.02071,lake
CITY,112767-9,private,Dodoma,Dodoma CC,-6.17736,35.74246,central
CITY,110347-2,private,Tanga,Tanga CC,-5.07879,39.10294,coastal
CITY CARE MEDICS,125161-0,private,Tanga,Tanga CC,-5.07879,39.06241,coastal
CITY CENTRE,111964-3,private,Arusha,Arusha CC,-3.36786,36.68499,northern
CITY MEDICAL AND HEART,100901-8,private,Mbeya,Mbeya CC,-8.89377,33.43433,shighland
City Optometry Clinic at City Dispensary,121627-4,private,Tanga,Tanga CC,-5.07871,39.10294,coastal
CITYMED,122900-4,private,Dodoma,Dodoma CC,-6.17724,35.75826,central
CITYSMILE,124005-0,private,Arusha,Arusha CC,-3.38156,36.70945,northern
CJC,113256-2,private,Dar Es Salaam,Ubungo MC,,,coastal
CJM,125027-3,private,Dar Es Salaam,Kinondoni MC,-6.19427,39.18051,coastal
CK,114393-2,private,Mwanza,Nyamagana MC,-2.56971,32.99055,lake
CLAIM,113465-9,private,Dar Es Salaam,Ilala MC,,,coastal
CLAIN,122288-4,private,Dar Es Salaam,Ilala MC,-6.88716,39.14365,coastal
Claire Baby Polyclinic,120887-5,private,Morogoro,Morogoro MC,,,coastal
CLARA,114513-5,private,Kilimanjaro,Moshi DC,-3.26464,37.33784,northern
CLARIS,125049-7,private,Dar Es Salaam,Kinondoni MC,-6.67536,39.20956,coastal
Clear and Comfort Vision Optometry clinic,124622-2,private,Kigoma,Kigoma DC,,,central
CLINCHEX,113507-8,private,Dar Es Salaam,Ilala MC,,,coastal
CMJ,121127-5,private,Mwanza,Nyamagana MC,-2.58895,32.91199,lake
CMK HEALTH CARE,112557-4,private,Dar Es Salaam,Kinondoni MC,,,coastal
CNC,120488-2,private,Dar Es Salaam,Temeke MC,-6.89061,39.22021,coastal
COAST,113533-4,private,Dar Es Salaam,Temeke MC,-6.94197,39.27964,coastal
COCA COLA KWANZA MIKOCHENI,120741-4,private,Dar Es Salaam,Kinondoni MC,-6.75204,39.23308,coastal
COGI AMAN OLASITI,110831-5,private,Arusha,Arusha CC,-3.41753,36.65603,northern
COGI DARAJA II,100909-1,private,Arusha,Arusha CC,-3.387378,36.690832,northern
COGI KAYA,111291-1,private,Kilimanjaro,Moshi MC,-3.36984,37.34087,northern
COGI MAKUYUNI,123479-8,private,Tanga,Korogwe DC,,,coastal
COGI MAMSERA,114000-3,private,Kilimanjaro,Rombo DC,-3.26477,37.60204,northern
COGI NGARAMTONI,100916-6,private,Arusha,Arusha DC,-3.31571,36.6388,northern
COGI OLDONYOSAMBU,100918-2,private,Arusha,Arusha DC,-3.14588,36.69191,northern
COGI SALAMA MGAGAO,114721-4,private,Kilimanjaro,Mwanga DC,-3.91436,37.65556,northern
COH DENTAL,100921-6,private,Dar Es Salaam,Ilala MC,-6.82755,39.25722,coastal
COLLLINS,124176-9,private,Tabora,Sikonge DC,-5.60829,32.73805,central
COMESA,125148-7,private,Rukwa,Sumbawanga DC,-8.57993,32.03717,shighland
COMFORT DENTAL CARE,124452-4,private,Mbeya,Mbeya CC,-8.91071,33.45891,shighland
COMMUNITA DI SAINT EGIDIO ACAP,109580-1,private,Iringa,Iringa MC,-7.77402,35.70073,shighland
COMMUNITY,113764-5,private,Arusha,Meru DC,-3.37135,36.848554,northern
COMMUNITY EYE AND VISION CENTRE,111618-5,private,Dar Es Salaam,Ilala MC,-6.88291,39.15532,coastal
COMMUNITY HEALTH CARE,114843-6,private,Kilimanjaro,Siha DC,-3.2332,37.1041,northern
COMMUNITY KMT,110144-3,private,Shinyanga,Kahama MC,-3.8307,32.599167,lake
CONCORD,124143-9,private,Dar Es Salaam,Ubungo MC,-6.70882,39.16963,coastal
Cons Tabata Chama,114664-6,private,Dar Es Salaam,Ilala MC,-6.827426,39.215141,coastal
CONSO OMEGA,123068-9,private,Dar Es Salaam,Temeke MC,-6.94246,39.21531,coastal
CONSOLATA,112776-0,private,Dodoma,Dodoma CC,-6.13497,35.75192,central
CONSOLATA,112484-1,private,Iringa,Iringa MC,-7.76494,35.71016,shighland
CONSOLATA,120374-4,private,Dodoma,Dodoma CC,-6.13516,35.75191,central
CONSOLATA,112528-5,private,Shinyanga,Shinyanga MC,-3.65004,33.41495,lake
CONSOLATA,101667-4,private,Njombe,Makete DC,-9.36961,34.23898,shighland
CONSOLATA MEDICAL,122665-3,private,Mbeya,Chunya DC,-8.41668,33.16337,shighland
CONSOLATA SISTER,120415-5,private,Dar Es Salaam,Temeke MC,-6.88445,39.27277,coastal
CONSOLATA SISTERS,100928-1,private,Dar Es Salaam,Temeke MC,-6.884454,39.272773,coastal
CONSOLATHA,112465-0,private,Dodoma,Chamwino DC,-6.78046,35.29842,central
COPTIC,100930-7,private,Mara,Musoma MC,-1.508463,33.805672,lake
COSAD,111166-5,private,Kagera,Bukoba MC,-1.32812,31.81949,lake
Cosmopolitan,112046-8,private,Iringa,Iringa MC,-7.76457,35.70347,shighland
COSMOPOLITAN,121823-9,private,Iringa,Iringa MC,,,shighland
CPC CHARITABLE MEDICAL SERVICES,112101-1,private,Dar Es Salaam,Temeke MC,-6.836,39.27344,coastal
CPN,121714-0,private,Mtwara,Masasi TC,-10.4311,38.4912,southern
CRADLE,112349-6,private,Dar Es Salaam,Kinondoni MC,-6.80594,39.25706,coastal
CRC,110024-7,private,Pwani,Kibaha TC,-6.77821,38.98839,coastal
CRC,113276-0,private,Pwani,Kibaha TC,-6.77823,38.98844,coastal
CRCT KILIMANJARO FIRST HEALTH,100936-4,private,Kilimanjaro,Moshi MC,-3.34895,37.34186,northern
CREST MEDICAL,124377-3,private,Dar Es Salaam,Kinondoni MC,-6.75653,39.25311,coastal
CRITI CARE,123664-5,private,Arusha,Arusha CC,,,northern
CROWN,124529-9,private,Dar Es Salaam,Ubungo MC,-6.79897,39.23288,coastal
CTK PAMOJA,121758-7,private,Arusha,Longido DC,-3.00765,36.67653,northern
CURA,123265-1,private,Mbeya,Mbeya CC,-8.90191,33.54381,shighland
CURARE,111958-5,private,Arusha,Arusha CC,-3.37033,36.68735,northern
CURE AFYA,120781-0,private,Dar Es Salaam,Ilala MC,-6.63472,39.76529,coastal
CURE AFYA,112575-6,private,Dar Es Salaam,Kinondoni MC,-6.77458,39.27063,coastal
CVT,123187-7,private,Shinyanga,Kahama MC,-3.84397,32.60895,lake
D,124448-2,private,Pwani,Chalinze DC,-6.38125,38.20204,coastal
D & T OPTICAL (T) COMPANY LIMITED,124233-8,private,Dar Es Salaam,Ilala MC,-6.80805,39.28627,coastal
D&J,114435-1,private,Mwanza,Ilemela MC,-2.49927,32.90552,lake
D.I.T,100940-6,public,Dar Es Salaam,Ilala MC,-6.81417,39.28021,coastal
DA. MA. AFRICA MDM,113583-9,private,Pwani,Kibaha TC,-6.66374,39.03651,coastal
DABALO,100941-4,public,Dodoma,Chamwino DC,-5.80465,36.11832,central
DABIL,100942-2,public,Manyara,Babati DC,-4.33427,35.43401,northern
DAD,122089-6,private,Dar Es Salaam,Ilala MC,,,coastal
DAHA,109276-6,private,Mara,Musoma MC,-1.49734,33.80771,lake
DAIDA,123881-5,private,Dar Es Salaam,Kigamboni MC,-6.89841,39.43578,coastal
DAIFU,112599-6,private,Dar Es Salaam,Ilala MC,-6.82098,39.27885,coastal
Dakawa,100945-5,public,Morogoro,Kilosa DC,-6.421117,37.411098,coastal
DAKAWA UKUTU,113567-2,public,Morogoro,Morogoro DC,-7.42061,37.71588,coastal
DALESA,122267-8,private,Dar Es Salaam,Ubungo MC,-6.47592,39.0431,coastal
DALUNI,100946-3,public,Tanga,Mkinga DC,-4.77195,38.77562,coastal
DAMI DENTOMED,111268-9,private,Mbeya,Rungwe DC,-9.25066,33.64196,shighland
DAMIDE,113435-2,private,Dar Es Salaam,Ilala MC,,,coastal
DAN,114178-7,private,Dar Es Salaam,Temeke MC,,,coastal
DANDA,113058-2,private,Njombe,Njombe TC,,,shighland
DANGOTE,121762-9,private,Mtwara,Mtwara DC,,,southern
DANHOPE,121980-7,private,Dar Es Salaam,Temeke MC,-6.902623,39.29686,coastal
DANIEL,121985-6,private,Kagera,Bukoba DC,-1.47378,31.74534,lake
DANIEL MEMORIAL,125254-3,private,Kagera,Bukoba DC,-1.47378,31.74534,lake
DAR AL SHIFA,112710-9,private,Dar Es Salaam,Ilala MC,-6.80268,39.28577,coastal
DAR AL SHIFA,120921-2,private,Dar Es Salaam,Ilala MC,,,coastal
DAR ES SALAAM FLYING DOCTORS,123092-9,private,Dar Es Salaam,Ilala MC,,,coastal
DAR ES SALAAM OPTICAL COMPANY LTD,112729-9,private,Dar Es Salaam,Ilala MC,-6.81802,39.28495,coastal
DAR IVF AND FERTILITY,110464-5,private,Dar Es Salaam,Kinondoni MC,-6.75665,39.25079,coastal
DARAJA II,109552-0,public,Arusha,Arusha CC,-3.38057,36.68765,northern
DARAJA MBILI,121091-3,private,Arusha,Arusha CC,-3.42678,36.66784,northern
DARAJAMBILI,121494-9,public,Ruvuma,Tunduru DC,-10.78896,36.81382,shighland
DARAJANI,100951-3,public,Lindi,Kilwa DC,-8.50424,38.8207,southern
DARAJANI,122274-4,private,Kilimanjaro,Same DC,-4.22884,37.99477,northern
DAREDA,122194-4,private,Arusha,Arusha DC,,,northern
DAREDA,100954-7,private,Manyara,Babati DC,-4.24021,35.49297,northern
DAREDA KATI,100952-1,public,Manyara,Babati DC,-4.32022,35.55334,northern
DARIO'S,114603-4,private,Morogoro,Mlimba DC,-8.15369,36.38542,coastal
DASHIR COMMUNITY,121824-7,private,Arusha,Meru DC,,,northern
DASINA,110384-5,public,Simiyu,Itilima DC,-2.98777,34.06667,lake
DAT,113534-2,private,Dar Es Salaam,Temeke MC,-6.97878,39.21376,coastal
DATOO,100956-2,private,Dar Es Salaam,Ilala MC,-6.81907,39.28268,coastal
DATTY,122273-6,private,Tanga,Muheza DC,-5.17124,38.78646,coastal
DATTY,124262-7,private,Mwanza,Magu DC,-2.55548,33.02594,lake
DAUDI,100957-0,public,Manyara,Mbulu TC,-3.75941,35.55564,northern
DAUDI-ONE,125116-4,private,Morogoro,Kilosa DC,-6.29842,37.21551,coastal
DAVIDSON,121067-3,private,Mwanza,Ilemela MC,-2.51553,32.93914,lake
DAVIDSON EMANUEL  PAEDIATRIC,110503-0,private,Dar Es Salaam,Ubungo MC,-6.78631,39.22442,coastal
DAWAR,100958-8,public,Manyara,Hanang DC,-4.44525,35.2802,northern
DAYKIM,123017-6,private,Dar Es Salaam,Ubungo MC,-6.23412,39.02142,coastal
DCMC,100960-4,private,Dodoma,Dodoma CC,-6.21418,35.75654,central
DDC,122770-1,private,Mara,Musoma MC,,,lake
DEA EYE,124625-5,private,Dar Es Salaam,Ubungo MC,-6.79182,39.12614,coastal
DECCA,120370-2,private,Dodoma,Dodoma CC,,,central
DECCA,124283-3,private,Dar Es Salaam,Ilala MC,-6.48521,39.10416,coastal
DECENT,100961-2,private,Dar Es Salaam,Ilala MC,-6.86469,39.18636,coastal
DEDA,125028-1,private,Singida,Ikungi DC,-5.10222,34.05436,central
DEDATI,122570-5,private,Dar Es Salaam,Temeke MC,-6.89887,39.28283,coastal
DEFTA,114241-3,private,Singida,Manyoni DC,,,central
DELIGHT,120470-0,private,Arusha,Arusha CC,-3.39329,36.70503,northern
DELTA,112219-1,private,Dodoma,Dodoma CC,-6.16173,35.77188,central
DELTA HEALTH,121140-8,private,Dodoma,Dodoma CC,,,central
DELUX ONE,113086-3,private,Ruvuma,Songea MC,,,shighland
DENTAL STUDIO,110752-3,private,Dar Es Salaam,Kinondoni MC,-6.74025,39.28382,coastal
DENTIST POINT,120732-3,private,Dar Es Salaam,Ubungo MC,,,coastal
DEPOT,100966-1,public,Tanga,Tanga CC,-5.07247,39.09517,coastal
DEREMA,100963-8,private,Tanga,Muheza DC,-5.08229,38.64227,coastal
DERIVA MEDIPOINT,124872-3,private,Tabora,Igunga DC,-4.28111,33.86341,central
DESHELI MEDICAL CARE,123719-7,private,Rukwa,Sumbawanga MC,-7.96338,31.60815,shighland
DESIRE CHARITABLE HOSPITAL AND REHABILITATION CENTRE,120750-5,private,Pwani,Kibaha TC,-6.729889,38.842632,coastal
DESSI,124431-8,private,Dar Es Salaam,Ilala MC,-6.84444,39.21412,coastal
DESTINO HEALTH,123307-1,private,Geita,Chato DC,-2.63869,31.77149,lake
DESTINY,121370-1,private,Mwanza,Ilemela MC,-2.49188,32.92209,lake
DETT,121382-6,public,Mara,Rorya DC,-1.38131,34.13754,lake
DHK,121517-7,private,Shinyanga,Kahama MC,,32.6011696,lake
DIAMOND,123469-9,private,Dar Es Salaam,Ilala MC,-6.92732,39.73028,coastal
Diamond Opticals Limited,121626-6,private,Dar Es Salaam,Ilala MC,,,coastal
DIANA MEMORIAL,113477-4,private,Dar Es Salaam,Kinondoni MC,-6.787405,39.247692,coastal
DIBAJE,113052-5,private,Njombe,Wanging'ombe DC,-8.89611,34.58019,shighland
DIBURUMA,111042-8,public,Morogoro,Mvomero DC,-5.83689,37.44284,coastal
DICK,112038-5,private,Manyara,Babati TC,-4.20703,35.74297,northern
DIDIA,120364-5,public,Shinyanga,Shinyanga DC,-3.8283606,33.08382,lake
DIFINGA,114142-3,public,Morogoro,Mvomero DC,-6.00715,37.746585,coastal
DIGA CARE,122104-3,private,Mbeya,Mbeya DC,-8.93594,33.35455,shighland
DIGALAMA,111349-7,public,Morogoro,Mvomero DC,-6.06225,37.59517,coastal
DIGITAL,113237-2,private,Tanga,Tanga CC,-5.1236,38.97381,coastal
DIGODIGO,100974-5,private,Arusha,Ngorongoro DC,-2.145807,35.735996,northern
DIGUZI,110422-3,public,Morogoro,Morogoro DC,-7.49684,37.606226,coastal
Dihimba,100976-0,public,Mtwara,Mtwara DC,-10.411789,39.976609,southern
DIHINDA,100977-8,public,Morogoro,Mvomero DC,-6.070384,37.702149,coastal
DII,123224-8,private,Arusha,Arusha CC,-3.39384,36.70809,northern
DILIFU,120815-6,public,Katavi,Mpanda MC,-6.39974,31.04192,shighland
DILLY,120723-2,private,Dar Es Salaam,Ilala MC,,,coastal
DIMBA,100978-6,public,Lindi,Lindi MC,-9.64175,39.64285,southern
DINDIRA,100979-4,public,Tanga,Korogwe DC,-5.006582,38.431223,coastal
DINDUMA,122250-4,public,Mtwara,Tandahimba DC,-10.85458,39.50021,southern
DINEMBO,100980-2,public,Mtwara,Tandahimba DC,-10.93639,39.49938,southern
DINYECHA,110252-4,public,Mtwara,Nanyamba TC,-10.680103,39.788315,southern
DIOZILE,114760-2,public,Pwani,Chalinze DC,-6.49359,38.27076,coastal
DIRECT AID,124148-8,private,Dar Es Salaam,Ilala MC,-6.84365,39.16509,coastal
DIRIM,100981-0,public,Manyara,Mbulu DC,-4.00562,35.15888,northern
DIRMA,124923-4,private,Manyara,Hanang DC,-4.60776,35.47315,northern
DIRMA,100982-8,public,Manyara,Hanang DC,-4.62104,35.46444,northern
DISUNYARA,100983-6,public,Pwani,Kibaha DC,-6.74798,38.7273,coastal
DITIMA,100984-4,public,Simiyu,Bariadi TC,-2.65201,33.87073,lake
DIVIN,120532-7,private,Dar Es Salaam,Kinondoni MC,,,coastal
DIVINE,114049-0,private,Tanga,Korogwe TC,-5.17478,38.44941,coastal
DIVINE,121615-9,private,Mwanza,Magu DC,-2.5944289,33.4425728,lake
DIVINE,124865-7,private,Dar Es Salaam,Kinondoni MC,-6.15321,39.86215,coastal
DIVINE  TIS,124505-9,private,Tabora,Nzega DC,-3.96486,32.86128,central
DIVINE CENTER,124904-4,private,Dar Es Salaam,Ubungo MC,-6.47063,39.36721,coastal
DIVINE HEART,124395-5,private,Dar Es Salaam,Kinondoni MC,-6.74638,39.28339,coastal
DIVINE PROVIDENCE,120737-2,private,Pwani,Mkuranga DC,-7.20039,39.02515,coastal
DIYOMATI,100985-1,public,Manyara,Mbulu DC,-4.042717,35.304476,northern
DJM,124955-6,private,Dar Es Salaam,Ilala MC,-6.96482,39.07891,coastal
Djuruligwa,100986-9,public,Kagera,Ngara DC,-2.63095,30.53048,lake
DK,122229-8,private,Mara,Tarime DC,-1.462618,34.51972,lake
DM,114255-3,private,Pwani,Kibaha TC,-6.731691,38.87183,coastal
DM'S,120558-2,private,Mbeya,Chunya DC,-8.5332,33.6054,shighland
DMJ OPTICAL CENTRE,112945-1,private,Iringa,Iringa MC,,,shighland
DMK,112923-8,private,Iringa,Iringa MC,-7.78224,35.69172,shighland
DMS NYENYEMA,111905-6,private,Dar Es Salaam,Ilala MC,-6.859716,39.238547,coastal
DN,100987-7,private,Dodoma,Dodoma CC,-6.16498,35.76038,central
DOCTOR ER MEDICAL LABORATORY,121147-3,private,Dar Es Salaam,Kinondoni MC,-6.72709,39.21466,coastal
DOCTOR MOSES,111675-5,private,Dar Es Salaam,Temeke MC,-6.89555,39.22955,coastal
DOCTOR MSUA,123354-3,private,Mara,Musoma MC,-1.49759,33.80834,lake
DOCTORCONVERSE,124535-6,private,Mwanza,Nyamagana MC,-2.52261,32.90757,lake
DOCTORS COMMUNITY,114095-3,private,Mwanza,Nyamagana MC,-2.60114,32.93084,lake
DOCTORS PLAZA,110799-4,private,Dar Es Salaam,Ilala MC,-6.79897,39.28473,coastal
DOCTORS PLAZA,110665-7,private,Dar Es Salaam,Kinondoni MC,-6.77825,39.26613,coastal
DODA,100989-3,public,Tanga,Mkinga DC,-4.91117,39.08805,coastal
DODOMA,100990-1,public,Simiyu,Maswa DC,-3.06547,33.78331,lake
Dodoma CC,124657-8,public,Dodoma,Dodoma CC,,,central
DODOMA CHRISTIAN MEDICAL CENTER,120979-0,private,Dodoma,Dodoma CC,,,central
Dodoma Isanga,114006-0,public,Morogoro,Kilosa DC,-6.9043,36.91279,coastal
DODOMA MAIBONG SUKIDAR -1,125151-1,private,Dodoma,Dodoma CC,-6.17988,35.79361,central
DODOMA SKIN,123496-2,private,Dodoma,Dodoma CC,-6.18062,35.44396,central
DOFA,112463-5,public,Arusha,Karatu DC,-3.36096,35.61296,northern
DOFFA HEALTH,124416-9,private,Arusha,Karatu DC,-3.37116,35.60029,northern
DOHA,114193-6,private,Dar Es Salaam,Ilala MC,-6.81359,39.27501,coastal
DOHOM,100992-7,public,Manyara,Babati DC,-4.165116,35.587384,northern
DOLPHIN,111899-1,private,Dar Es Salaam,Ilala MC,-6.81746,39.27564,coastal
DOMA,100993-5,public,Morogoro,Mvomero DC,-7.10418,37.2524,coastal
DOMINIC,111029-5,public,Singida,Mkalama DC,-4.14177,34.88374,central
DOMINION,113308-1,private,Mwanza,Ilemela MC,-2.53606,32.95841,lake
DOMINION,115226-3,private,Kigoma,Uvinza DC,-5.10153,33.07624,central
DON BOSCO,114391-6,private,Mwanza,Ilemela MC,,,lake
DONA,112350-4,private,Kigoma,Kibondo DC,-3.58585,30.71826,central
DONALD,113979-9,private,Mbeya,Kyela DC,-9.6046,33.866273,shighland
DONALD,112847-9,private,Shinyanga,Kahama MC,,,lake
DONDWE,123414-5,public,Pwani,Mkuranga DC,-7.0851,39.122822,coastal
DONGO,100994-3,public,Manyara,Kiteto DC,-5.92239,36.72107,northern
DONGOBESH,100995-0,public,Manyara,Mbulu DC,-4.078274,35.363036,northern
DONI,109548-8,private,Kilimanjaro,Hai DC,-3.24007,37.21344,northern
DONYOMURWA,100997-6,public,Kilimanjaro,Siha DC,-3.23887,37.0901,northern
DONYONADO,112021-1,public,Arusha,Monduli DC,-3.050036,36.43922,northern
DORCAS,113244-8,private,Tanga,Handeni DC,-5.78854,38.29423,coastal
DORCAS,112845-3,private,Simiyu,Bariadi DC,-2.51146,33.96863,lake
DOROMONI,100998-4,public,Singida,Iramba DC,-4.10201,34.32636,central
DOROTHY,125252-7,private,Mwanza,Misungwi DC,-2.73515,33.02291,lake
Doroto,100999-2,public,Singida,Itigi DC,-5.76355,34.38006,central
DOSIDOSI,101000-8,public,Manyara,Kiteto DC,-5.62084,36.42337,northern
DOSIL,110462-9,private,Arusha,Arusha CC,-3.4102,36.658531,northern
DOUBLE A,121568-0,private,Mbeya,Mbarali DC,,34.306767,shighland
DOUBLE B,113461-8,private,Dar Es Salaam,Ilala MC,,,coastal
DOUBLE C,124224-7,private,Singida,Singida MC,-4.80251,34.73214,central
Double D,121202-6,private,Mwanza,Ilemela MC,-2.53726,32.94693,lake
DOUBLE E&G,112620-0,private,Mbeya,Mbeya CC,,33.41981,shighland
DOUBLE H,121997-1,private,Mtwara,Mtwara DC,,,southern
DOUBLE J,113165-5,private,Shinyanga,Shinyanga MC,-3.672465,33.410027,lake
DOUBLE M,112697-8,private,Morogoro,Kilosa DC,-6.24532,37.16645,coastal
DOUBLEG GROUP,124386-4,private,Dar Es Salaam,Temeke MC,-6.53584,38.14206,coastal
DOVA EYE CARE,112941-0,private,Songwe,Mbozi DC,-9.108799,32.934847,shighland
DOVE,123305-5,private,Dodoma,Dodoma CC,-6.15679,35.72365,central
DPA,123136-4,public,Dar Es Salaam,Temeke MC,-6.84931,39.28531,coastal
DR,123728-8,private,Shinyanga,Kahama MC,-3.49079,32.36041,lake
DR ATTMAN KAREMA,102380-3,private,Katavi,Tanganyika DC,-6.81981,30.44283,shighland
DR ESTER HEALTH CARE,120709-1,private,Dar Es Salaam,Ubungo MC,-6.468541,39.037471,coastal
DR GARANG IVF AND ENDOSCOPY INSTITUTE,125106-5,private,Dar Es Salaam,Kinondoni MC,-6.29168,39.50276,coastal
DR HASSANALI,108531-5,private,Dar Es Salaam,Ilala MC,-6.81566,39.28302,coastal
DR KIFUTUMO,120269-6,private,Tabora,Nzega TC,-4.21872,33.1859,central
DR MASSAM,104422-1,private,Tabora,Nzega TC,-4.22002,33.1757,central
DR MASUDI,120304-1,private,Arusha,Arusha DC,-3.37367,36.57231,northern
DR MOTTO,124025-8,private,Dodoma,Dodoma CC,-6.20791,35.72941,central
DR MZIRAY,111682-1,private,Morogoro,Ifakara TC,-7.86305,36.88972,coastal
DR NDUKA DENTAL,101023-0,private,Kilimanjaro,Moshi MC,-3.35537,37.33816,northern
DR OLE LENGINE MEMORIAL,115211-5,private,Dar Es Salaam,Ubungo MC,-6.789422,39.049207,coastal
DR PHASHUNA HEALTH DIAGNOSTIC LABORATORY,121950-0,private,Arusha,Arusha CC,,,northern
DR REX KIDYALLA,102672-3,private,Dodoma,Dodoma CC,-6.18095,35.7482,central
DR SANYA,124349-2,private,Mwanza,Sengerema DC,-2.66256,32.61703,lake
DR SHAFFIQ'S SPECALIZED POLYCLINIC,120446-0,private,Dar Es Salaam,Ilala MC,,,coastal
DR. AGARWAL'S EYE HOSPITAL WITH ABU BASEER,113745-4,private,Dar Es Salaam,Kinondoni MC,-6.77766,39.26607,coastal
DR. AGARWALS,123752-8,private,Mwanza,Nyamagana MC,-2.53579,32.90318,lake
DR. AGARWALS,124619-8,private,Dar Es Salaam,Ilala MC,-6.84482,39.19092,coastal
DR. ATHUMAN,124150-4,private,Shinyanga,Kahama MC,-3.49321,32.35486,lake
DR. ATIMAN,124869-9,private,Geita,Geita TC,-2.84827,32.41103,lake
DR. ATMAN,101003-2,private,Rukwa,Sumbawanga MC,-7.95773,31.63548,shighland
DR. CHARLES,122009-4,private,Pwani,Kibiti DC,-7.624975,39.064732,coastal
DR. JM  HEALTH LABORATORY,122994-7,private,Dar Es Salaam,Temeke MC,-6.44567,39.00091,coastal
DR. JM HEALTH,124434-2,private,Pwani,Mkuranga DC,-7.00377,39.31245,coastal
DR. KARIM P. MANJI CHILD,120943-6,private,Dar Es Salaam,Ilala MC,,,coastal
DR. MAN,122030-0,private,Dar Es Salaam,Ubungo MC,,,coastal
DR. MHINA,101014-9,private,Dar Es Salaam,Kinondoni MC,-6.65605,39.19707,coastal
DR. MWAMBE,101018-0,private,Mtwara,Masasi TC,-10.73775,38.80922,southern
DR. MWIJAGE,101020-6,private,Simiyu,Bariadi TC,-2.79974,33.99396,lake
DR.CHALE,120581-4,private,Dar Es Salaam,Ubungo MC,,,coastal
DREAM,122201-7,private,Arusha,Meru DC,,,northern
DREAM CARE,101029-7,private,Mbeya,Kyela DC,-9.57443,33.77458,shighland
DREAM MOLECULAR,112911-3,private,Iringa,Iringa MC,,,shighland
DRH,120751-3,private,Iringa,Mafinga TC,-8.278423,35.309527,shighland
DRL HEALTH CARE,114185-2,private,Geita,Geita DC,-3.00181,31.92887,lake
DSB,101031-3,private,Dar Es Salaam,Ilala MC,-6.80603,39.27738,coastal
DSK,114493-0,private,Dar Es Salaam,Temeke MC,-6.92374,39.33641,coastal
DTM HEALTH CARE,111887-6,private,Dar Es Salaam,Ubungo MC,-6.79389,39.07658,coastal
DUCE,110691-3,public,Dar Es Salaam,Temeke MC,-6.85091,39.271689,coastal
DUGA,101032-1,public,Tanga,Tanga CC,-5.09815,39.08952,coastal
DUGA HEALTH ORATOTY,122634-9,private,Tanga,Mkinga DC,,,coastal
DUGA MAFORONI,101033-9,public,Tanga,Mkinga DC,-4.681402,39.101821,coastal
DUGA SIGAYA,101034-7,public,Tanga,Mkinga DC,-4.70868,39.1209,coastal
DULAMU,101035-4,public,Njombe,Wanging'ombe DC,-9.020013,34.608907,shighland
DULE M,122419-5,public,Tanga,Lushoto DC,-4.83438,38.32828,coastal
DULISI,111891-8,public,Shinyanga,Kishapu DC,-3.43506,33.50553,lake
DULUNG'WA,101036-2,public,Simiyu,Maswa DC,-3.06518,33.6836,lake
DUMBECHAND,101037-0,public,Arusha,Karatu DC,-3.579308,35.315045,northern
DUMBETA,101038-8,public,Manyara,Hanang DC,-4.57056,35.39092,northern
Dumila,101039-6,public,Morogoro,Kilosa DC,-6.38652,37.34152,coastal
Dumila,112283-7,public,Morogoro,Kilosa DC,-6.39039,37.3201,coastal
DUNG'UNYI,101041-2,public,Singida,Ikungi DC,-5.07713,34.80836,central
DURU,101042-0,public,Manyara,Babati DC,-4.31917,35.5972,northern
DUTHUMI,101043-8,public,Morogoro,Morogoro DC,-7.38321,37.7965,coastal
DUTUMI,101044-6,public,Pwani,Kibaha DC,-6.8711,38.5715,coastal
DUTWA,101045-3,public,Simiyu,Bariadi DC,-2.49803,33.97798,lake
DUWE,124863-2,private,Morogoro,Mvomero DC,-6.91894,37.43062,coastal
DWM,113515-1,private,Dar Es Salaam,Temeke MC,-6.90425,39.28369,coastal
DWT-MUBANGA,105615-9,private,Kigoma,Buhigwe DC,-4.56308,29.82024,central
E&C,122125-8,private,Mbeya,Rungwe DC,,,shighland
EAGADEN,122183-7,private,Arusha,Meru DC,-3.39842,36.94852,northern
EAGLE,123877-3,private,Dodoma,Dodoma CC,-6.14949,35.74876,central
EAGLE,115013-5,private,Manyara,Babati TC,-4.20842,35.74575,northern
EAGLE,121905-4,private,Dar Es Salaam,Kinondoni MC,,,coastal
EAGT UTEMINI,109785-6,private,Singida,Singida MC,-4.81513,34.73931,central
EAST,124378-1,private,Dar Es Salaam,Kinondoni MC,-6.13567,39.26078,coastal
EAST MBEZI,124102-5,private,Shinyanga,Shinyanga MC,-3.65281,33.43521,lake
EB LIMA,111976-7,public,Kilimanjaro,Moshi DC,-3.22406,37.30117,northern
EBBY EBENEZER,115243-8,private,Mbeya,Rungwe DC,-9.30116,33.53138,shighland
EBEN,101053-7,private,Arusha,Arusha CC,-3.36372,36.68965,northern
EBEN,121535-9,private,Katavi,Mpanda MC,-6.1923,31.14,shighland
EBEN,122930-1,private,Rukwa,Sumbawanga MC,-7.96169,31.61261,shighland
EBEN WELLNESS,123939-1,private,Dar Es Salaam,Kinondoni MC,-6.74073,39.23034,coastal
EBENEZA HEALTH  DIAGNOSTIC LABARATORY,121583-9,private,Manyara,Babati DC,-4.218084,35.552016,northern
EBENEZA NDENJE,122747-9,private,Rukwa,Kalambo DC,-8.15066,31.21523,shighland
EBENEZER,114647-1,private,Mwanza,Ilemela MC,-2.45864,32.9129,lake
EBENEZER,122225-6,private,Njombe,Makambako TC,-8.83914,34.83081,shighland
EBENEZER,123377-4,private,Tabora,Sikonge DC,,,central
EBENEZER,120621-8,private,Geita,Geita DC,-2.674,31.91594,lake
EBENEZER,112587-1,private,Mbeya,Mbeya DC,-8.93573,33.35693,shighland
EBENEZER,112029-4,private,Dar Es Salaam,Ubungo MC,-6.75549,39.14996,coastal
EBENEZER,101065-1,private,Morogoro,Kilosa DC,-7.65842,36.98026,coastal
EBENEZER,122123-3,private,Katavi,Mlele DC,-6.71691,32.057236,shighland
EBENEZER,123040-8,private,Tanga,Korogwe TC,,,coastal
Ebenezer Laboratory,121915-3,private,Ruvuma,Mbinga DC,,,shighland
EBENEZER PRINMAT,109334-3,private,Mbeya,Kyela DC,-9.575894,33.769807,shighland
EBENEZER.,122236-3,private,Mara,Tarime DC,-1.469874,34.52265,lake
EBRAHIM HAJI,101055-2,private,Dar Es Salaam,Ilala MC,-6.81461,39.28372,coastal
EBUYU,101056-0,public,Morogoro,Ulanga DC,-8.96792,36.76057,coastal
EBY,121367-7,private,Dar Es Salaam,Ilala MC,,,coastal
ECCAL,121979-9,private,Dar Es Salaam,Temeke MC,-6.98988,39.45443,coastal
ECCO,121415-4,private,Mwanza,Nyamagana MC,-2.6258876,32.9481684,lake
ECLA,109874-8,private,Dar Es Salaam,Ilala MC,-6.84041,39.24406,coastal
ECOT  HEALTH CARE,124392-2,private,Dar Es Salaam,Kinondoni MC,-6.76724,39.28339,coastal
EDC,101057-8,private,Dar Es Salaam,Ilala MC,-6.81934,39.28701,coastal
EDCON,112944-4,private,Kilimanjaro,Moshi MC,,,northern
EDDIE,123537-3,private,Kilimanjaro,Moshi MC,-3.34606,37.38704,northern
EDDO,124430-0,private,Mwanza,Magu DC,-2.58555,33.39511,lake
EDEN,112741-4,private,Morogoro,Morogoro MC,-6.700736,37.639267,coastal
Eden,122121-7,private,Dodoma,Dodoma CC,,,central
EDEN,112562-4,private,Dar Es Salaam,Kinondoni MC,,,coastal
EDEN,113475-8,private,Dar Es Salaam,Kinondoni MC,-6.72346,39.2298,coastal
EDEN,111298-6,private,Tabora,Nzega TC,-4.21808,33.20304,central
EDEN,112338-9,private,Simiyu,Bariadi TC,-2.80554,33.9893,lake
EDEN,120490-8,private,Tabora,Igunga DC,-4.288077,33.867466,central
EDEN JOYCE,109347-5,private,Kagera,Karagwe DC,-1.53115,31.15267,lake
EDEN MEDICAL CHARITABLE,101058-6,private,Dar Es Salaam,Ilala MC,-6.81613,39.28896,coastal
EDENI,124943-2,private,Mbeya,Mbeya CC,-8.90911,33.46751,shighland
EDENI,122222-3,private,Arusha,Meru DC,,,northern
EDINA,124931-7,private,Shinyanga,Msalala DC,-3.53976,32.77332,lake
EDIPLUS,122662-0,private,Tanga,Tanga CC,-5.12303,39.97381,coastal
EDOM,125166-9,private,Dodoma,Dodoma CC,-6.16346,35.78998,central
EDSON AND TIMOTHY,113045-9,private,Kagera,Bukoba MC,-1.32416,31.81691,lake
EDWARD MICHAUD MEMORIAL R.C,101059-4,private,Dar Es Salaam,Ubungo MC,-6.77216,39.22286,coastal
EES,112345-4,private,Dar Es Salaam,Kinondoni MC,-6.66797,39.18433,coastal
EGGA,123678-5,private,Geita,Geita DC,-2.76311,32.16978,lake
EIFFEL,112544-2,private,Dar Es Salaam,Kinondoni MC,,,coastal
EKENYWA,111366-1,private,Arusha,Arusha DC,-3.304082,36.643429,northern
EKENYWA,101063-6,private,Dar Es Salaam,Ubungo MC,-6.807491,39.249839,coastal
EL,124409-4,private,Mwanza,Nyamagana MC,-2.60921,32.90357,lake
EL OLAM,114726-3,private,Pwani,Kibaha TC,-6.72063,38.87121,coastal
El Roi,121434-5,private,Dodoma,Dodoma CC,,,central
EL-GIBBO,123004-4,private,Manyara,Kiteto DC,-5.31508,36.56337,northern
EL-GIBBOR,122181-1,private,Morogoro,Kilosa DC,-6.52939,37.21551,coastal
EL-PESIBA,113130-9,private,Singida,Iramba DC,,,central
EL-RAPHA,123269-3,private,Manyara,Simanjiro DC,-3.60473,37.03517,northern
El-Shadai,122054-0,private,Dar Es Salaam,Kinondoni MC,,,coastal
EL-SHADAI,114088-8,private,Mbeya,Kyela DC,-9.57903,33.76788,shighland
EL-SHADAI,121380-0,private,Arusha,Arusha CC,-3.36256,36.67537,northern
El-Shadai,122138-1,private,Dodoma,Dodoma CC,,,central
EL-SHADAI,125143-8,private,Manyara,Simanjiro DC,-3.56214,37.02048,northern
EL-SHADDAI,124891-3,private,Tabora,Tabora MC,-5.03489,32.75551,central
ELAB,113696-9,private,Manyara,Mbulu TC,-3.85803,35.54188,northern
ELABS,124101-7,private,Mwanza,Sengerema DC,-2.66296,32.63307,lake
ELANG'ATADAPASH,101064-4,public,Arusha,Longido DC,-2.93352,36.23287,northern
ELCT - NED KILINDI LUTHERAN,102853-9,private,Tanga,Kilindi DC,-5.59035,37.29372,coastal
ELCT IBAMBA,101432-3,private,Kagera,Kyerwa DC,-1.25521,30.93597,lake
ELCT KIRUWENI,112227-4,private,Kilimanjaro,Moshi DC,-3.30474,37.59068,northern
ELCT LUTHER,121266-1,private,Dar Es Salaam,Ubungo MC,-6.78908,39.18151,coastal
ELCT MISSENYE,101537-9,private,Kagera,Missenyi DC,-1.14421,31.39542,lake
ELCT NYAKATERA,106666-1,private,Kagera,Kyerwa DC,-1.08362,30.75278,lake
ELCT-ELVD NYAKATO,101048-7,private,Mwanza,Ilemela MC,-2.53624,32.96202,lake
ELERAI,109982-9,public,Arusha,Arusha CC,-3.368833,36.658632,northern
ELERAI,114980-6,public,Tanga,Kilindi DC,-5.35124,37.42861,coastal
ELI SHADAI,113486-5,private,Dar Es Salaam,Kinondoni MC,-6.700467,39.134918,coastal
ELI SPECIALIZED POLYCLINIC,120349-6,private,Arusha,Arusha DC,-3.31736,36.63355,northern
ELICANA,124264-3,private,Pwani,Mkuranga DC,-7.11918,39.19074,coastal
ELIDAD,121093-9,private,Dar Es Salaam,Kinondoni MC,-6.63338,39.14652,coastal
ELIDADE,124990-3,private,Dar Es Salaam,Ilala MC,-6.89867,39.11833,coastal
ELIIS,122198-5,private,Mbeya,Mbeya CC,-8.90663,33.43387,shighland
Elima,123053-1,private,Morogoro,Mvomero DC,,,coastal
ELINA,101070-1,private,Dodoma,Dodoma CC,-6.15372,35.7235,central
ELINI,114073-0,private,Tabora,Nzega TC,-4.21548,33.1851,central
ELIONA MEMORIAL,114849-3,private,Kilimanjaro,Moshi DC,-3.48758,37.436955,northern
ELISEBA MSHAURI,114666-1,private,Dar Es Salaam,Ilala MC,-6.865888,39.1977888,coastal
ELISHA LABORATORY,121831-2,private,Kilimanjaro,Moshi DC,,,northern
ELISHADAI,114468-2,private,Kigoma,Kasulu DC,-4.27905,30.42559,central
ELISHADAI HEALTH,123653-8,private,Mara,Musoma MC,,,lake
ELITE,110751-5,private,Dar Es Salaam,Kinondoni MC,-6.7686,39.27399,coastal
ELITE MEDICAL,122673-7,private,Dar Es Salaam,Ilala MC,-7.00195,39.08321,coastal
ELITE OPTICS,112824-8,private,Arusha,Arusha CC,,,northern
ELITECARE,125102-4,private,Morogoro,Mvomero DC,-6.92023,37.56241,coastal
ELIUS KWANDIKWA,120797-6,public,Shinyanga,Ushetu DC,-4.0893,32.00946,lake
ELIXIR,123943-3,private,Dar Es Salaam,Kinondoni MC,-6.79361,39.15664,coastal
ELJIVA,122573-9,private,Dar Es Salaam,Kinondoni MC,-6.79044,39.27005,coastal
ELLEN,124950-7,private,Arusha,Karatu DC,-3.33787,35.66975,northern
ELLY'S,120934-5,private,Mwanza,Nyamagana MC,-2.518174,32.906333,lake
ELNASA,124889-7,private,Dar Es Salaam,Kinondoni MC,-6.39316,39.18051,coastal
ELOHIM MEDICAL LABORATORY,120652-3,private,Ruvuma,Tunduru DC,-11.0212,37.1942,shighland
ELPIDA,122989-7,private,Dar Es Salaam,Ubungo MC,-6.52301,39.30315,coastal
ELSHADAI HEALTH CARE,122636-4,private,Geita,Chato DC,-3.004267,31.9250889,lake
ELTRA BOSCO,101066-9,private,Singida,Manyoni DC,-6.12815,34.87374,central
ELUWAI,101073-5,public,Arusha,Monduli DC,-3.22278,36.38443,northern
ELVIS,122097-9,private,Dar Es Salaam,Temeke MC,,,coastal
ELYON,122235-5,private,Dar Es Salaam,Ilala MC,,,coastal
EM,122199-3,private,Singida,Singida MC,,,central
EM,124952-3,private,Dar Es Salaam,Ilala MC,-6.97227,39.09924,coastal
EM,122528-3,private,Dar Es Salaam,Kigamboni MC,-6.85657,39.35498,coastal
EMAGY,124355-9,private,Tabora,Tabora MC,-5.27306,32.83968,central
EMAIRETTE,101074-3,public,Arusha,Monduli DC,-3.258077,36.386185,northern
EMARTI,101076-8,public,Manyara,Kiteto DC,-5.69217,36.63737,northern
EMAU,123376-6,private,Tabora,Igunga DC,,,central
EMBUKOI,124019-1,public,Kilimanjaro,Siha DC,,,northern
EMED,123614-0,private,Dar Es Salaam,Kinondoni MC,-6.73358,39.20567,coastal
EMI,112535-0,private,Tabora,Tabora MC,-5.02463,32.81051,central
EMILAS GONGOLAMBOTO,123499-6,private,Dar Es Salaam,Ilala MC,-6.88391,39.16314,coastal
EMILIO MZENA MEMORIAL,101077-6,public,Dar Es Salaam,Kinondoni MC,-6.77347,39.25209,coastal
EMMA,101078-4,private,Dar Es Salaam,Temeke MC,-6.86452,39.26741,coastal
EMMA MEDICAL LAB,120498-1,private,Geita,Geita DC,,,lake
Emmanuel,113285-1,private,Pwani,Kibaha TC,-6.74154,38.93624,coastal
EMMAUS,101079-2,private,Kilimanjaro,Siha DC,-3.20953,37.07443,northern
EMMAUSI COGI,101080-0,private,Kilimanjaro,Hai DC,-3.19389,37.20711,northern
EMPATHY,124381-5,private,Dar Es Salaam,Ubungo MC,-6.78587,39.23238,coastal
EMPIRE,120986-5,private,Dar Es Salaam,Kinondoni MC,-6.77773,39.26567,coastal
EMS,124918-4,private,Katavi,Mpanda MC,-6.30535,30.54215,shighland
ENDABASH,101081-8,public,Arusha,Karatu DC,-3.581053,35.612787,northern
ENDABEG,101082-6,public,Manyara,Babati DC,-4.25317,35.66211,northern
ENDAGIKOT,121305-7,public,Manyara,Mbulu TC,-3.51481,35.31292,northern
ENDAGWE,101083-4,public,Manyara,Babati DC,-4.35535,35.64857,northern
ENDAHARGADAT,101084-2,public,Manyara,Mbulu DC,,,northern
ENDAKIKOTI,120433-8,public,Manyara,Babati DC,-4.23987,35.50552,northern
ENDAKISO,101086-7,public,Manyara,Babati DC,-4.2086,35.89043,northern
Endallah,101087-5,private,Arusha,Karatu DC,-3.457813,35.737399,northern
ENDAMAGHANG,101088-3,public,Arusha,Karatu DC,-3.376743,35.335831,northern
ENDAMARARIEK,101089-1,private,Arusha,Karatu DC,-3.503743,35.670705,northern
ENDAMASAK,101090-9,public,Manyara,Mbulu DC,-4.11988,35.15087,northern
ENDAMILLAY,101091-7,public,Manyara,Mbulu DC,-4.01796,35.16626,northern
ENDANACHAN,122280-1,public,Manyara,Mbulu DC,-4.10188,35.08804,northern
ENDANACHANI,100203-9,public,Manyara,Babati DC,-4.33594,35.69565,northern
ENDASABOGECHAN,109522-3,public,Manyara,Hanang DC,-4.4219,35.58576,northern
ENDASAK,101092-5,public,Manyara,Hanang DC,-4.41424,35.51791,northern
ENDASHANGWET,101094-1,private,Arusha,Karatu DC,-3.42723,35.56179,northern
ENDASIKU,101095-8,public,Singida,Mkalama DC,-3.93091,34.68985,central
ENDESH,122282-7,public,Manyara,Mbulu DC,-4.05075,35.43942,northern
ENDESH,111459-4,public,Arusha,Karatu DC,-3.79274,34.93553,northern
ENDOJI,101096-6,public,Manyara,Mbulu DC,-4.089914,35.406353,northern
ENDONYAWET,111590-6,public,Arusha,Karatu DC,-3.58806,35.67484,northern
ENDONYOEMALI,111228-3,public,Arusha,Longido DC,-2.759898,37.067031,northern
ENDULEN,101097-4,private,Arusha,Ngorongoro DC,-3.205788,35.273871,northern
ENGARENAIBOR,101099-0,public,Arusha,Longido DC,-2.52524,36.48066,northern
ENGAROOJI,111538-5,public,Arusha,Monduli DC,-3.249734,36.297962,northern
ENGARUKA,101100-6,public,Arusha,Monduli DC,-2.97415,36.03888,northern
ENGIKARETI,101102-2,public,Arusha,Longido DC,-3.03804,36.69564,northern
ENGONG`ONGARE,101103-0,public,Manyara,Kiteto DC,-5.57946,37.06372,northern
ENGONONGOI,101104-8,public,Manyara,Simanjiro DC,-3.82277,36.52375,northern
ENGORORA,111510-4,public,Arusha,Arusha DC,-3.35498,36.54587,northern
ENGUSERO,101107-1,public,Manyara,Kiteto DC,-5.54386,36.45789,northern
ENGUSERO ENGINE,120443-7,public,Manyara,Kiteto DC,-5.23453,36.23567,northern
ENGUSERO SIDANI,124473-0,public,Manyara,Kiteto DC,-5.38446,35.66196,northern
ENGUTUKOITI,124256-9,public,Arusha,Arusha DC,-3.08383,36.74951,northern
ENJILAAY,121510-2,public,Arusha,Longido DC,-2.68658,36.44569,northern
ENOCK,123285-9,private,Dar Es Salaam,Ilala MC,-6.91376,39.13996,coastal
EPHA,124624-8,private,Songwe,Tunduma TC,-9.30421,32.78568,shighland
EPHATA,109897-9,private,Tabora,Tabora MC,-5.02576,32.79645,central
EPHATA MISSION -TABORA,124149-6,private,Tabora,Tabora MC,-5.01232,32.76755,central
EPHEDRA,124084-5,private,Morogoro,Morogoro MC,-6.81292,37.66479,coastal
EPIC,124932-5,private,Mwanza,Magu DC,-2.39134,33.08138,lake
EPICAL,123171-1,private,Dar Es Salaam,Ilala MC,-6.84304,39.17243,coastal
EPICAL,123951-6,private,Dar Es Salaam,Ilala MC,-6.84304,39.13859,coastal
EPICARE,123721-3,private,Dar Es Salaam,Kinondoni MC,-6.75556,39.23819,coastal
EPIMACK,123582-9,private,Shinyanga,Kahama MC,-3.8062382,32.6037338,lake
EPIPHANY,101109-7,private,Pwani,Bagamoyo DC,-6.45382,38.89801,coastal
EPIPHANY,100158-5,private,Dar Es Salaam,Temeke MC,-6.89674,39.28308,coastal
EREDITA,124533-1,private,Katavi,Mpimbwe DC,-7.10563,31.23431,shighland
ERICK,114386-6,private,Mwanza,Misungwi DC,-2.68543,33.00211,lake
ERICK HEALTH,121990-6,private,Lindi,Kilwa DC,-8.74671,39.41747,southern
ERKEEPUS,101861-3,public,Arusha,Ngorongoro DC,-3.09308,35.68978,northern
ESA,123113-3,private,Mtwara,Mtwara MC,-10.37311,40.15785,southern
ESAM,120407-2,private,Dar Es Salaam,Temeke MC,-6.917465,39.244717,coastal
ESEKO SJ ULTRACARE AND IMAGING LIMITED,124135-5,private,Mara,Musoma DC,-1.81091,33.41081,lake
ESERE,101111-3,public,Arusha,Ngorongoro DC,-3.299273,35.191777,northern
ESHKESH,122283-5,public,Manyara,Mbulu DC,-3.99781,35.06171,northern
ESILALEI,101112-1,public,Arusha,Monduli DC,-3.46945,35.97469,northern
ESK,121470-9,private,Manyara,Babati TC,,,northern
ESNAN,110747-3,private,Dar Es Salaam,Kinondoni MC,-6.75652,39.24828,coastal
ESOKONOY,121507-8,public,Arusha,Longido DC,-2.73137,36.11362,northern
ESPG  LABORATORY,122637-2,private,Mwanza,Nyamagana MC,-2.602212,32.968486,lake
ESRECAGE  HEALTH LABORATORY,122001-1,private,Manyara,Hanang DC,-4.639741,35.276408,northern
ESSOKA,109788-0,private,Arusha,Arusha DC,-3.60492,36.66354,northern
Ester,114417-9,private,Pwani,Kibaha DC,-6.8246217,38.86558,coastal
ESTER BEN,113205-9,private,Tabora,Tabora MC,,,central
ESTHER NGARAMTONI,109462-2,public,Arusha,Arusha DC,-3.31241,36.64039,northern
ESTHETIC ZONE,123940-9,private,Dar Es Salaam,Kinondoni MC,-6.75971,39.27951,coastal
ESTINA FARAJA,121099-6,private,Shinyanga,Shinyanga MC,-3.62997,33.40647,lake
ESTRELLA,124894-7,private,Dar Es Salaam,Ilala MC,-6.82676,39.18971,coastal
ETARO,110887-7,public,Mara,Musoma DC,-1.50513,33.70558,lake
ETHAN,123883-1,private,Mbeya,Mbarali DC,-8.67105,34.30275,shighland
EUREKA,101114-7,private,Dar Es Salaam,Kinondoni MC,-6.7961,39.24467,coastal
EVEREST,123710-6,private,Mbeya,Chunya DC,-8.52103,33.42091,shighland
EVERGREEN,123521-7,private,Dodoma,Dodoma CC,-6.18556,35.75399,central
EVERGREEN,121371-9,private,Ruvuma,Songea MC,,,shighland
Everthing Optical LTD (ETO) Tanzania,121646-4,private,Dar Es Salaam,Ilala MC,,,coastal
EWORENDEKE,113133-3,public,Arusha,Longido DC,-2.55851,36.77526,northern
EXCELLENCE HEALTH,122205-8,private,Tabora,Sikonge DC,-5.616232,32.747509,central
EXCELLENT CARE,122899-8,private,Dodoma,Bahi DC,-6.37625,35.66677,central
EXODUS,111950-2,private,Dar Es Salaam,Ubungo MC,-6.74186,39.1698,coastal
EYE AFYA,125241-0,private,Arusha,Arusha CC,-3.22341,36.40489,northern
EYE CARE CENTRE,121662-1,private,Dar Es Salaam,Ilala MC,,,coastal
EYE EMPORIUM,112761-2,private,Dar Es Salaam,Ilala MC,-6.81619,39.28584,coastal
EYE EMPORIUM LIMITED,124620-6,private,Dar Es Salaam,Ubungo MC,-6.47237,39.19252,coastal
EYE EMPORIUM LIMITED,112147-4,private,Dar Es Salaam,Ilala MC,-6.81693,39.285824,coastal
Eye Emporium Limited  (Mlimani City Branch),121660-5,private,Dar Es Salaam,Ubungo MC,,,coastal
EYE FOR SCIENCEE,124200-7,private,Njombe,Wanging'ombe DC,-9.14255,34.36827,shighland
EYE PLUS MWANZA AT ROCKY CITY MALL,112935-2,private,Mwanza,Ilemela MC,-2.500567,32.901998,lake
EYE SEE,122718-0,private,Dar Es Salaam,Ilala MC,-6.82187,39.27838,coastal
EYE SEE,122717-2,private,Dar Es Salaam,Ubungo MC,,,coastal
EYEDICAL,125240-2,private,Dar Es Salaam,Ilala MC,-6.80386,39.28601,coastal
Eyeris Vision Centre Limited,121702-5,private,Mwanza,Nyamagana MC,-2.5178415965863,32.900136919845,lake
F.A,113398-2,private,Mwanza,Nyamagana MC,-2.5432722,32.9583798,lake
F.F.U,101117-0,public,Tanga,Tanga CC,-5.08181,39.07235,coastal
F.F.U,101116-2,public,Mbeya,Mbeya CC,-8.90058,33.44593,shighland
F.K,124192-6,private,Morogoro,Morogoro MC,,,coastal
FABIO FALCHETTI CHIPOLE,100837-4,private,Ruvuma,Songea DC,-10.83076,35.26989,shighland
FABIO FALICHETTI,122078-9,private,Ruvuma,Songea DC,,,shighland
FACE,121281-0,private,Dodoma,Dodoma CC,,,central
FACE,122461-7,private,Dar Es Salaam,Ubungo MC,,,coastal
FACE SPECIALIST,112643-2,private,Dar Es Salaam,Ubungo MC,-6.77446,39.2222,coastal
FACE SPECIALISTS DENTAL CENTRE,120422-1,private,Dar Es Salaam,Temeke MC,,,coastal
FACGBF,114299-1,private,Pwani,Bagamoyo DC,-6.5077567,38.936295,coastal
FACGBF,110939-6,private,Pwani,Bagamoyo DC,-6.44685,38.90069,coastal
FACGBF,114803-0,private,Pwani,Bagamoyo DC,-6.50775,38.93623,coastal
FAD,124427-6,private,Pwani,Bagamoyo DC,-6.45152,38.90216,coastal
FADHILI,101119-6,private,Mbeya,Mbeya DC,-8.93467,33.35455,shighland
FAHA DENTAL CLINIC,111237-4,private,Shinyanga,Shinyanga MC,-3.66942,33.42684,lake
FAHADI,124916-8,private,Mwanza,Misungwi DC,-2.66161,32.92561,lake
Fainess,121580-5,private,Iringa,Iringa MC,,,shighland
FAITH,113210-9,private,Tabora,Nzega TC,-4.2276,33.204,central
FAITH,110411-6,private,Morogoro,Morogoro DC,-7.073,37.77746,coastal
FAITH,101121-2,private,Arusha,Arusha CC,-3.36737,36.72316,northern
FAITH,123574-6,private,Morogoro,Mlimba DC,,,coastal
FAITH EYE CARE CENTRE,112758-8,private,Dar Es Salaam,Ubungo MC,-6.78111,39.22328,coastal
FAJMA,101123-8,private,Mtwara,Mtwara MC,,,southern
FAJUSA,113480-8,private,Dar Es Salaam,Kinondoni MC,-6.79859,39.24859,coastal
FAKHRI,114674-5,private,Dar Es Salaam,Ilala MC,-6.6347,39.3075,coastal
FAME,101124-6,private,Arusha,Karatu DC,-3.316921,35.660081,northern
FAMILY,111540-1,private,Arusha,Monduli DC,-3.37588,35.88833,northern
FAMILY,112810-7,private,Mwanza,Ilemela MC,-2.47361,32.91075,lake
FAMILY,125167-7,private,Manyara,Simanjiro DC,-3.53953,36.98189,northern
FAMILY,110764-8,private,Dar Es Salaam,Ilala MC,-6.81741,39.28549,coastal
FAMILY,109385-5,private,Kagera,Karagwe DC,-1.5337,31.15704,lake
FAMILY,121074-9,private,Mara,Butiama DC,-1.65006,34.10701,lake
FAMILY,122164-7,private,Mwanza,Ilemela MC,-2.4757,32.91079,lake
FAMILY CARE,104598-8,private,Mbeya,Mbeya CC,-8.89348,33.44071,shighland
Family Care,101127-9,private,Dar Es Salaam,Ilala MC,-6.81046,39.27821,coastal
FAMILY CARE,121089-7,private,Dar Es Salaam,Ilala MC,-6.69216,39.76296,coastal
FAMILY CARE,122163-9,private,Kilimanjaro,Mwanga DC,,,northern
FAMILY EYE CARE,110780-4,private,Dar Es Salaam,Ubungo MC,-6.78463,39.22284,coastal
FAMILY EYE CARE - MOROGORO,124618-0,private,Morogoro,Morogoro MC,-6.83276,37.65842,coastal
FAMILY EYE CARE-ROCK CITY MALL,121638-1,private,Mwanza,Nyamagana MC,,,lake
FARAJA,113691-0,private,Manyara,Mbulu DC,,,northern
FARAJA,109457-2,private,Mara,Bunda TC,-2.02753,33.86872,lake
FARAJA,111304-2,private,Mbeya,Mbeya CC,-8.90362,33.54393,shighland
FARAJA,124474-8,private,Mwanza,Ilemela MC,-2.48535,32.90585,lake
FARAJA,108632-1,private,Kilimanjaro,Moshi DC,-3.39006,37.55075,northern
FARAJA,110628-5,private,Dar Es Salaam,Kinondoni MC,-6.6766,39.15615,coastal
FARAJA,112841-2,private,Kagera,Bukoba MC,-1.32524,31.81731,lake
FARAJA,101136-0,private,Pwani,Rufiji DC,-7.942465,38.976523,coastal
FARAJA,112957-6,private,Lindi,Kilwa DC,,,southern
FARAJA,113775-1,private,Mwanza,Ilemela MC,-2.5329,32.9458,lake
FARAJA,112663-0,private,Kagera,Muleba DC,-2.020538,31.574909,lake
FARAJA,111684-7,private,Songwe,Tunduma TC,-9.30457,32.77905,shighland
FARAJA,109724-5,private,Iringa,Iringa MC,-7.701,35.724,shighland
FARAJA,101134-5,private,Arusha,Arusha CC,-3.37231,36.68135,northern
FARAJA,113324-8,private,Mwanza,Nyamagana MC,-2.56485,32.91044,lake
FARAJA,111780-3,private,Kigoma,Buhigwe DC,-4.43578,29.78574,central
FARAJA,121315-6,private,Pwani,Mkuranga DC,-7.020824,39.280554,coastal
FARAJA,121006-1,private,Dodoma,Dodoma CC,,,central
FARAJA,121753-8,private,Mtwara,Mtwara MC,,,southern
FARAJA,123099-4,private,Ruvuma,Tunduru DC,-11.04301,37.33155,shighland
FARAJA,124897-0,private,Dar Es Salaam,Kinondoni MC,-6.18532,39.74528,coastal
FARAJA CENTER,111224-2,private,Singida,Singida MC,-4.81628,34.75009,central
FARAJA COGI,110924-8,private,Tanga,Korogwe DC,-4.88751,38.27271,coastal
Faraja Medical,122079-7,private,Dodoma,Chamwino DC,,,central
FARAJA MEDICAL,123356-8,private,Mwanza,Nyamagana MC,,,lake
FARAJA PALLOTI,121235-6,private,Arusha,Arusha CC,,,northern
FARAJAH OPTIMUM,123198-4,private,Dar Es Salaam,Kinondoni MC,-6.80886,39.2606,coastal
FARIJIKA,113532-6,private,Dar Es Salaam,Temeke MC,-6.92487,39.33865,coastal
FARKWA,101137-8,public,Dodoma,Chemba DC,-5.401141,35.616037,central
FARKWA,122473-2,public,Dodoma,Chemba DC,-5.40279,35.59025,central
FARKWA VA,101138-6,private,Dodoma,Chemba DC,-5.419301,35.605937,central
FASH,121993-0,private,Dar Es Salaam,Temeke MC,-6.38391,38.50049,coastal
FASHA HEALTH,124087-8,private,Dar Es Salaam,Ubungo MC,-6.11421,39.32426,coastal
FAST,112904-8,private,Iringa,Mafinga TC,-8.30052,35.29903,shighland
FATHER BOLLE MEMORIAL,122795-8,private,Tabora,Igunga DC,-4.35702,33.88089,central
FATHER TREST,108636-2,private,Dar Es Salaam,Ubungo MC,-6.79481,39.14687,coastal
FAVOUR,120733-1,private,Dar Es Salaam,Ubungo MC,-6.78643,39.1675,coastal
FAZA MEDICS,124172-8,private,Kigoma,Uvinza DC,-5.09497,30.38075,central
FAZU MEDICAL,124937-4,private,Mwanza,Ilemela MC,-2.43923,32.95744,lake
FC,112757-0,private,Morogoro,Mvomero DC,-6.30672,37.44524,coastal
FEDA TRUST MEDICAL,123550-6,private,Mara,Tarime TC,-1.34121,34.37715,lake
FEKA,114823-8,private,Tabora,Tabora MC,-5.0170912,32.7988,central
FELAMO HEALTH,124178-5,private,Tabora,Igunga DC,-4.28747,33.86886,central
FELAMO NURSING AND MATERNITY HOME,122469-0,private,Tabora,Igunga DC,-4.165701,33.5242,central
FELAMO PRINMAT,111207-7,private,Tabora,Igunga DC,-4.1657,33.5242,central
FEMM,112703-4,private,Morogoro,Ifakara TC,,,coastal
FEYPASSION,122557-2,private,Dar Es Salaam,Kinondoni MC,-6.65788,39.18652,coastal
FEYROSE HEALTH LABORATORY,122075-5,private,Katavi,Mpanda MC,-6.34674,31.055908,shighland
FEZE GLOBAL HEALTH,124898-8,private,Dar Es Salaam,Kinondoni MC,-6.77074,39.22059,coastal
FFU,101145-1,public,Ruvuma,Songea MC,-10.66657,35.66794,shighland
FFU NSHAMBYA,106578-8,public,Kagera,Bukoba MC,-1.31601,31.800299,lake
FFU UKONGA,101143-6,public,Dar Es Salaam,Ilala MC,-6.87647,39.17376,coastal
FIBEKO,112220-9,private,Dodoma,Dodoma CC,-6.22822,35.76091,central
FIFA STAR CLASSIC,124935-8,private,Dar Es Salaam,Ilala MC,-6.82637,39.22321,coastal
FIL,122208-2,private,Arusha,Arusha CC,,,northern
FILBERT BAYI,110029-6,private,Pwani,Kibaha TC,-6.74731,38.94822,coastal
FILI'S,113027-7,private,Kigoma,Kigoma DC,-4.61227,29.74241,central
FILI'S,113472-5,private,Dar Es Salaam,Kinondoni MC,-6.7986,39.264374,coastal
FIN,123748-6,private,Songwe,Songwe DC,-8.34528,32.50379,shighland
FINE CARE,121599-5,private,Mbeya,Mbeya CC,-8.91536,33.4799,shighland
FIONA,112577-2,private,Mara,Musoma MC,,,lake
FIRST CARE,120261-3,private,Arusha,Arusha CC,-3.39336,36.67896,northern
FIRST GENIC,121703-3,private,Tanga,Tanga CC,-5.10605,39.10266,coastal
FIRSTCHOICE,122595-2,private,Dar Es Salaam,Ubungo MC,-6.48669,39.10473,coastal
FIT TO FLY AVIATION,112650-7,private,Dar Es Salaam,Ilala MC,-6.85194,39.23029,coastal
fiyona,122231-4,private,Mara,Musoma MC,-1.52369,33.80555,lake
FK,114650-5,private,Mwanza,Ilemela MC,-2.45708,32.9124,lake
FK,121200-0,private,Mwanza,Ilemela MC,-2.45702,32.91243,lake
FLEDS  HEALTH  CARE,120392-6,private,Rukwa,Nkasi DC,-7.17511,31.39622,shighland
FLORA   PEDIATRIC,122935-0,private,Mwanza,Nyamagana MC,-2.52686,32.89234,lake
FLORENCE MISSION,110698-8,private,Dar Es Salaam,Temeke MC,-6.93224,39.24751,coastal
FLORIDA,114424-5,private,Mwanza,Ilemela MC,,,lake
FLORIDA,123005-1,private,Ruvuma,Songea MC,-10.67159166,35.56413833,shighland
FLORIDA PRINMAT,111234-1,private,Geita,Geita TC,-2.84151,32.42201,lake
FLOWER,114291-8,private,Pwani,Kibaha TC,-6.772592,38.990776,coastal
FM HEALTH CARE,113632-4,private,Arusha,Arusha CC,-3.36734,36.72587,northern
FMCARE,122943-4,private,Arusha,Arusha CC,-3.36729,36.43335,northern
FMM,110721-8,private,Arusha,Arusha CC,-3.362834,36.7009,northern
FOBAMA,121394-1,private,Dar Es Salaam,Kinondoni MC,,,coastal
FOCUS HUMAN,113539-1,private,Arusha,Arusha CC,,,northern
FOR SIGHT EYE CARE,121636-5,private,Kilimanjaro,Moshi MC,-3.35234,37.3392,northern
FORBRIGHT,122901-2,private,Dar Es Salaam,Ilala MC,-6.85627,39.18432,coastal
FORDEVA,107972-2,private,Dar Es Salaam,Temeke MC,-6.84897,39.25871,coastal
FOREST,101150-1,private,Mbeya,Mbeya CC,-8.90727,33.44689,shighland
FOREST,108475-5,public,Kilimanjaro,Siha DC,-3.041083,37.0712,northern
FORESTRY TRAINING INSTITUTE OLMOTONYI,106917-8,public,Arusha,Arusha DC,-3.29021,36.65643,northern
FOROFORO,115338-6,public,Tanga,Korogwe DC,-5.14028,38.87494,coastal
FORT - IKOMA,101152-7,public,Mara,Serengeti DC,-2.08246,34.6439,lake
FORWARD MODERN,113550-8,private,Arusha,Arusha CC,-3.39125,36.673492,northern
FOUNDATION FOR PREVENTATIVE HEALTH,122606-7,private,Arusha,Meru DC,-3.36389,36.88628,northern
FOURWAYS,112860-2,private,Geita,Geita TC,-2.87675,32.22722,lake
FOVEAA,123612-4,private,Dar Es Salaam,Kinondoni MC,-6.17269,39.63974,coastal
FPCT CITY CENTRE OPTOMETRY,112773-7,private,Dar Es Salaam,Ilala MC,-6.816162,39.280655,coastal
FPCT TANGA OPTICAL,112928-7,private,Tanga,Tanga CC,,,coastal
FRANCESCO CAGLIERO,125052-1,private,Iringa,Iringa MC,-7.77477,35.66706,shighland
FRANSISCAN SISTERS OF ST. JOSEPH IMMACULATE HEART OF MARY,101777-1,private,Kilimanjaro,Hai DC,-3.33749,37.13165,northern
FRATINA,111624-3,private,Dar Es Salaam,Temeke MC,-6.91238,39.24182,coastal
FRAVERO,123693-4,private,Rukwa,Sumbawanga MC,-7.95974,31.61722,shighland
FRENCH AMS,123475-6,private,Dar Es Salaam,Kinondoni MC,-6.77139,39.25497,coastal
FRIENDS OF SIGHT,112969-1,private,Mbeya,Mbeya CC,-8.914,33.48764,shighland
FRONTLINE,101154-3,private,Dar Es Salaam,Ilala MC,-6.824,39.27526,coastal
FROSIA,113055-8,private,Njombe,Njombe TC,,,shighland
Fufu,101155-0,public,Dodoma,Chamwino DC,-6.691409,35.977163,central
FULWE,101159-2,public,Morogoro,Morogoro DC,-6.75389,37.88301,coastal
FULWE,101158-4,public,Geita,Geita DC,-2.61457,32.1627,lake
FUMAGILA,101160-0,public,Mwanza,Nyamagana MC,-2.59478,33.00474,lake
FUMVUHU,109575-1,public,Kilimanjaro,Moshi DC,-3.292215,37.426097,northern
FUNDIMBANGA,101161-8,public,Ruvuma,Tunduru DC,-10.80261,37.03289,shighland
FUNTA,101162-6,public,Tanga,Bumbuli DC,-4.90501,38.45896,coastal
FURAHA,101163-4,private,Kigoma,Kigoma DC,-4.61397,29.74028,central
FURAHA,120336-3,private,Dar Es Salaam,Kinondoni MC,,,coastal
FURAHA,113209-1,private,Tabora,Tabora MC,,,central
FURAHA,112956-8,private,Ruvuma,Songea MC,,,shighland
FURAHA,121740-5,private,Tabora,Uyui DC,-5.09831,32.63608,central
FURAHA,123486-3,private,Tabora,Tabora MC,-5.02253,32.79627,central
FURAHA EYE CENTRE,113358-6,private,Tabora,Tabora MC,-5.01899,32.81065,central
FURAHISHA,123679-3,private,Geita,Geita TC,-2.53472,32.14011,lake
FUTURE,112791-9,private,Dodoma,Dodoma CC,,,central
FUTURE,124574-5,private,Morogoro,Morogoro MC,-6.49382,37.39565,coastal
FYENGELEZYA,101165-9,public,Rukwa,Sumbawanga MC,-7.89141,31.49261,shighland
G,121113-5,private,Dar Es Salaam,Ilala MC,,,coastal
G&G MEDICAL,124159-5,private,Mwanza,Nyamagana MC,-2.60856,32.90521,lake
G-ONE,123635-5,private,Morogoro,Gairo DC,-6.13866,36.87597,coastal
GAALA,111310-9,public,Dodoma,Kondoa DC,-4.68848,35.64812,central
GABESA,123580-3,private,Ruvuma,Songea MC,-10.66942,35.60787,shighland
GADO,114419-5,private,Pwani,Chalinze DC,-6.636776,38.236706,coastal
GAIRO,101168-3,public,Morogoro,Gairo DC,-6.1498,36.87718,coastal
Gairo DC,124741-0,public,Morogoro,Gairo DC,,,coastal
GAIRO MISSION,101169-1,private,Morogoro,Gairo DC,-6.16288,36.871117,coastal
GAJ,124285-8,private,Mtwara,Mtwara MC,-10.27212,40.18767,southern
GAJAL,101170-9,public,Manyara,Babati DC,-4.248429,35.553344,northern
GAKALA,124899-6,private,Geita,Mbogwe DC,-3.66131,32.19689,lake
GALAGAZA,110220-1,public,Pwani,Kibaha TC,-6.705024,38.916484,coastal
GALAMBA,101171-7,public,Shinyanga,Shinyanga MC,-3.59835,33.353387,lake
GALAMBO,113537-5,private,Dar Es Salaam,Temeke MC,-6.88243,39.25139,coastal
GALANGALA,123821-1,public,Singida,Iramba DC,-4.31952,34.49651,central
GALANGALA,112407-2,public,Manyara,Hanang DC,-4.39676,35.16946,northern
GALIGALI,101173-3,public,Dodoma,Mpwapwa DC,-6.95922,36.51059,central
GALIJEMBE,114574-7,public,Mbeya,Mbeya DC,-8.959829,33.598083,shighland
Galilaya -W,124399-7,private,Singida,Manyoni DC,,,central
GALILAYA HEATH,122658-8,private,Kigoma,Kigoma DC,-4.69656,29.71274,central
GALLAPO,101174-1,public,Manyara,Babati DC,-4.27448,35.85022,northern
GALLU,101175-8,public,Mwanza,Ukerewe DC,-1.94028,32.87962,lake
GALULA,109160-2,public,Songwe,Songwe DC,-8.608564,33.024871,shighland
GAMASARA,101177-4,public,Mara,Tarime TC,-1.3487,34.34,lake
GAMASHI,124503-4,public,Geita,Geita TC,-2.92406,32.50719,lake
GAMBAJIGA,101178-2,public,Mwanza,Misungwi DC,-2.63643,33.15105,lake
GAMBASINGU,122959-0,public,Simiyu,Itilima DC,-3.02665,34.09811,lake
GAMBOSI,101179-0,public,Simiyu,Bariadi DC,-2.60745,33.84842,lake
GANA,123369-1,public,Mwanza,Ukerewe DC,-1.80997,32.80615,lake
Gano GYN,110241-7,private,Ruvuma,Songea MC,-10.68004,35.65293,shighland
GANTAMOME,101181-6,public,Mara,Serengeti DC,-1.584345,34.425937,lake
GARBABI,123969-8,public,Manyara,Mbulu DC,-4.94417,35.37165,northern
GARE,101184-0,private,Tanga,Lushoto DC,-4.79442,38.34309,coastal
GARE GVT,122430-2,public,Tanga,Lushoto DC,-4.83437,38.32824,coastal
GASUMA,101185-7,public,Simiyu,Bariadi DC,-2.52437,34.11574,lake
GASWA,101186-5,public,Simiyu,Itilima DC,-2.76735001,34.19463001,lake
GATEWAY,123217-2,private,Tanga,Muheza DC,,,coastal
GAVAO,101187-3,public,Kilimanjaro,Same DC,-4.20542,37.50418,northern
Gawaye,101188-1,public,Dodoma,Dodoma CC,-5.89404,35.87894,central
GAYODINNA,124491-2,private,Mwanza,Misungwi DC,-2.84319,33.08187,lake
GBM,124924-2,private,Mwanza,Misungwi DC,-2.64625,32.96511,lake
GBM MEDICAL DIAGNOSTIC,122633-1,private,Dodoma,Bahi DC,-6.37625,35.66677,central
GEAPE,124539-8,private,Songwe,Ileje DC,-9.48942,33.18032,shighland
GECA,112665-5,private,Morogoro,Kilosa DC,-6.83068,36.98226,coastal
GEDAMAR,101189-9,public,Manyara,Babati DC,-4.27828,35.89154,northern
GEDAMAR,120628-3,public,Manyara,Mbulu TC,,,northern
GEHACO,124912-7,private,Simiyu,Bariadi TC,-2.80121,33.98162,lake
GEHANDU,101190-7,private,Manyara,Hanang DC,-4.64898,35.20031,northern
GEHANDU,101191-5,public,Manyara,Mbulu TC,-3.83041,35.577778,northern
GEHANDU LGA,120882-6,public,Manyara,Hanang DC,-4.36483,34.89317,northern
GEITA,120311-6,private,Geita,Geita TC,,,lake
Geita DC,124665-1,public,Geita,Geita DC,,,lake
GEITA GOLD MINE,101193-1,private,Geita,Geita TC,-2.8665,32.18578,lake
GEITA HTC,111560-9,public,Geita,Geita TC,-2.87423,32.22635,lake
GEITA PRISON,111559-1,public,Geita,Geita TC,-2.87781,32.22131,lake
Geita TC,124666-9,public,Geita,Geita TC,,,lake
GEITA TCMC,111240-8,private,Geita,Geita TC,-2.87415,32.26035,lake
GEITA TOWN,112088-0,public,Geita,Geita TC,-2.87544,32.22593,lake
GELAI BOMBA,101194-9,public,Arusha,Longido DC,-2.73092,36.1147,northern
GELAI LUMBWA,101195-6,private,Arusha,Longido DC,-2.62061,36.18911,northern
GELAILUMBWA,121709-0,public,Arusha,Longido DC,-2.62224,36.18192,northern
GELY,111388-5,private,Iringa,Iringa MC,-7.78513,35.6932,shighland
GEMAI,101196-4,public,Tanga,Korogwe DC,-4.652883,38.174815,coastal
GEMINI,124563-8,private,Dar Es Salaam,Kinondoni MC,-6.36091,39.04615,coastal
GEMSA,113336-2,private,Mwanza,Nyamagana MC,-2.56189,32.91483,lake
GEMSA,113625-8,private,Arusha,Arusha CC,-3.37508,36.69968,northern
GENDABI,101197-2,private,Manyara,Hanang DC,-4.42826,35.34698,northern
GENDAGENDA,101198-0,public,Tanga,Handeni DC,-5.58136,38.6543,coastal
GENESIS,114107-6,private,Songwe,Songwe DC,-8.54222,32.75294,shighland
GENESIS,124436-7,private,Mwanza,Ilemela MC,-2.53081,32.96683,lake
GENESIS,111951-0,private,Mbeya,Kyela DC,-9.59982,33.86832,shighland
GENESIS,121036-8,private,Morogoro,Morogoro MC,,,coastal
GENESIS,124138-9,private,Mwanza,Sengerema DC,-2.65113,32.64724,lake
GENESIS EYE CARE,122591-1,private,Morogoro,Kilosa DC,-7.65911,36.98516,coastal
GENESIS FAMILY,111393-5,private,Dar Es Salaam,Kinondoni MC,-6.68888,39.1936,coastal
GENESIS MEDICAL,122654-7,private,Tanga,Tanga CC,-5.07549,39.08758,coastal
GENESIS OPTICALS,124226-2,private,Morogoro,Morogoro MC,-6.82497,37.66442,coastal
GENKURU,101199-8,public,Mara,Tarime DC,-1.43573,34.6113,lake
GENTLE,122919-4,private,Dar Es Salaam,Ubungo MC,-6.81048,39.22532,coastal
GEOPENDO,124338-5,private,Morogoro,Morogoro MC,,37.66125,coastal
GERA,101200-4,public,Kagera,Missenyi DC,-1.25379,31.75239,lake
GEREZA,115335-2,public,Tanga,Korogwe DC,-5.43028,38.35592,coastal
GEREZA MAJIMAJI,114343-7,public,Ruvuma,Tunduru DC,-10.85703,37.57574,shighland
GEREZA MASASI,109260-0,public,Mtwara,Masasi TC,-10.72848,38.80424,southern
GEREZA NGUDU,109571-0,public,Mwanza,Kwimba DC,-2.96525,33.34634,lake
GEREZANI,101201-2,public,Dar Es Salaam,Ilala MC,-6.8241,39.2762,coastal
GERMAN,123800-5,private,Dar Es Salaam,Kinondoni MC,,,coastal
GESARYA,101202-0,public,Mara,Serengeti DC,-1.712972,34.6224,lake
GESBERT,112259-7,public,Manyara,Babati DC,-4.29778,35.58731,northern
GET WELL HEALTH,123571-2,private,Dar Es Salaam,Ilala MC,-6.82202,39.26456,coastal
Getamock,101203-8,private,Arusha,Karatu DC,-3.51395,35.71346,northern
GETANUWAS,101204-6,public,Manyara,Hanang DC,-4.41472,34.9415,northern
GETARUNGU,123407-9,public,Mara,Serengeti DC,-1.65637,34.61114,lake
GETASAM,101205-3,public,Manyara,Hanang DC,-4.38705,35.56129,northern
GETHSEMANE,122035-9,private,Morogoro,Morogoro MC,,,coastal
GEU,122690-1,private,Tabora,Nzega TC,-4.2332365,33.2167712,central
GEVA,124601-6,private,Shinyanga,Kahama MC,-3.80804,32.57923,lake
GEZA,122415-3,public,Tanga,Tanga CC,-5.22419,39.03848,coastal
GEZAULOLE,101206-1,public,Dar Es Salaam,Kigamboni MC,-6.867308,39.414131,coastal
GFJ,122331-2,private,Dar Es Salaam,Ilala MC,-6.85526,39.18397,coastal
GG Sanga Link,122775-0,private,Katavi,Mlele DC,,,shighland
GHALUNYANGU,109633-8,public,Singida,Singida DC,-4.48747,34.96891,central
GHANA FAMILY,112107-8,private,Mwanza,Ilemela MC,-2.4956,32.90442,lake
GHONA,125001-8,public,Kilimanjaro,Moshi DC,-3.52659,37.51117,northern
GHOROFANI MEDICAL,123515-9,private,Dar Es Salaam,Temeke MC,-6.97505,39.20002,coastal
GIAN,125077-8,private,Simiyu,Itilima DC,-2.95895,34.13581,lake
GIBASO,101210-3,public,Mara,Tarime DC,-1.52891,34.65031,lake
GIBESHI,101211-1,public,Simiyu,Bariadi DC,-2.43991,34.1967,lake
GICHAMEDA,101212-9,public,Manyara,Babati DC,-3.97266,35.71631,northern
GIDAGAMOWD,101213-7,public,Manyara,Hanang DC,-4.51154,35.2189,northern
GIDAGHARBU,101214-5,public,Manyara,Hanang DC,-4.50508,35.64598,northern
GIDAHABABIEG,101215-2,public,Manyara,Hanang DC,-4.47303,35.5648,northern
GIDAMBA,120765-3,public,Manyara,Mbulu TC,,,northern
GIDAMILANDA,101216-0,public,Arusha,Karatu DC,-3.736576,35.080295,northern
GIDAS,101217-8,public,Manyara,Babati DC,-4.42089,35.68066,northern
GIDMADOY,101218-6,public,Manyara,Mbulu DC,-4.175544,35.122118,northern
GIFT,123847-6,private,Dar Es Salaam,Ubungo MC,-6.31246,39.27304,coastal
GIFTCOSTA,123239-6,private,Tabora,Uyui DC,-5.49743,33.8123,central
GIFTED HAND,120900-6,private,Lindi,Liwale DC,-9.83619,37.92405,southern
GIFTED HANDS,120716-6,private,Dar Es Salaam,Ubungo MC,,,coastal
GIJEDABUNG,101219-4,public,Manyara,Babati DC,-4.19015,35.9198,northern
GILLAH,112932-9,private,Tanga,Tanga CC,,39.11358,coastal
GIMBI DIAGNOSTIC CENTRE,120529-3,private,Dar Es Salaam,Ubungo MC,,,coastal
GININIGA,101220-2,public,Simiyu,Busega DC,-2.465917,33.761096,lake
GIO,124112-4,private,Dodoma,Dodoma CC,-6.17327,35.73994,central
GIRAFFE SALASALA,121818-9,private,Dar Es Salaam,Kinondoni MC,,,coastal
GISADI,121592-0,public,Simiyu,Bariadi TC,-2.64838,34.02814,lake
GISAMBALANG,123978-9,public,Manyara,Hanang DC,-4.78849,35.34371,northern
GISANI,101221-0,private,Mwanza,Nyamagana MC,-2.58223,32.91931,lake
GITTING,101222-8,public,Manyara,Hanang DC,-4.40726,35.453,northern
GITU,101223-6,public,Tanga,Kilindi DC,-5.27865,37.3858,coastal
GIVES,120573-1,private,Mbeya,Mbeya CC,-8.9118,33.4803,shighland
GLIANI,123286-7,private,Dar Es Salaam,Ubungo MC,-6.42062,39.15464,coastal
GLITZ,121317-2,private,Arusha,Arusha CC,,,northern
Global,122127-4,private,Morogoro,Mlimba DC,,,coastal
Global,122732-1,private,Katavi,Mlele DC,,,shighland
GLORIA,101224-4,private,Arusha,Arusha CC,-3.361671,36.697168,northern
GLORY,112676-2,private,Morogoro,Malinyi DC,,,coastal
GLORY,114641-4,private,Pwani,Bagamoyo DC,-6.590034,39.089291,coastal
Glory,120885-9,private,Morogoro,Morogoro MC,-6.81659,37.71089,coastal
GLORY,122952-5,private,Ruvuma,Mbinga TC,-10.57011,34.59695,shighland
GLORY MILO,120656-4,private,Morogoro,Ifakara TC,,,coastal
GLORY TO GOD,112090-6,private,Dar Es Salaam,Ilala MC,-6.917386,39.123861,coastal
GLORY VINGUNGUTI,111646-6,private,Dar Es Salaam,Ilala MC,-6.847113,39.226715,coastal
GM,124925-9,private,Mara,Tarime TC,-1.35595,34.39451,lake
GM FARAJA,124029-0,private,Singida,Manyoni DC,-5.75295,34.82765,central
GM ITEZI,101227-7,private,Mbeya,Mbeya CC,-8.90088,33.54099,shighland
GMC LABORATORY,123252-9,private,Ruvuma,Tunduru DC,,,shighland
GMCL,123607-4,private,Mbeya,Mbeya CC,-8.72555,33.34375,shighland
GMCL -D-2,124880-6,private,Mbeya,Mbeya CC,-8.89492,33.47264,shighland
GML HEALTH,112500-4,private,Kilimanjaro,Moshi MC,-3.33283,37.32936,northern
GOA,121727-2,private,Morogoro,Morogoro MC,-6.83446,37.66445,coastal
GOA,112887-5,private,Morogoro,Morogoro MC,,,coastal
GOA,121194-5,private,Morogoro,Morogoro MC,,,coastal
Goba,101229-3,public,Dar Es Salaam,Ubungo MC,-6.74073,39.15786,coastal
GOBA,121060-8,public,Dar Es Salaam,Ubungo MC,-6.44024,39.08364,coastal
GOD IS ABLE,122213-2,private,Tabora,Igunga DC,-4.31928,33.98562,central
GOD THE LORD,113267-9,private,Dar Es Salaam,Ubungo MC,-6.79764,39.20943,coastal
GODAMA,122719-8,private,Mwanza,Sengerema DC,-2.65349,32.64975,lake
GODEGODE,101232-7,public,Dodoma,Mpwapwa DC,-6.32398,36.33617,central
GODGIVEN,123514-2,private,Dar Es Salaam,Kinondoni MC,-6.66667,39.16702,coastal
GODIMA,120843-8,public,Mbeya,Chunya DC,-8.30384,33.29495,shighland
GODLOVE,124082-9,private,Morogoro,Kilosa DC,-6.42313,37.39082,coastal
GODMARYS HEALTH  SERVICES,124941-6,private,Mbeya,Rungwe DC,-9.19592,33.04688,shighland
GODSAYA,125137-0,private,Mwanza,Nyamagana MC,-2.58465,32.91823,lake
GODWILL HEALTH,109883-9,private,Dar Es Salaam,Ilala MC,-6.83759,39.24376,coastal
GODWIN,122157-1,private,Morogoro,Morogoro DC,,,coastal
GODWIN,122271-0,private,Morogoro,Morogoro DC,,,coastal
GODWIN,124111-6,private,Singida,Itigi DC,-6.93356,33.52534,central
GOGADI,113440-2,private,Dar Es Salaam,Ilala MC,,,coastal
GOGADI NGWALE,122568-9,private,Dar Es Salaam,Ilala MC,-6.99143,39.090313,coastal
GOHA,101234-3,public,Tanga,Korogwe DC,-4.727295001,38.143775001,coastal
GOHA,122498-9,public,Kilimanjaro,Same DC,-4.39244,37.99224,northern
GOIMA,101235-0,public,Dodoma,Chemba DC,-5.109651,36.005145,central
GOIMA VA,101236-8,private,Dodoma,Chemba DC,-5.11325,36.00151,central
GOLDEN,120299-3,private,Dar Es Salaam,Ilala MC,-6.86726,36.16113,coastal
GOLDEN,113387-5,private,Mwanza,Ilemela MC,-2.504447,32.930745,lake
GOLDEN CARE,123540-7,private,Dar Es Salaam,Ilala MC,-6.66338,39.98123,coastal
GOLDEN GRACE,111875-1,private,Shinyanga,Shinyanga MC,-3.68702,33.42412,lake
GOLDEN VISION OPTICAL CENTRE,114578-8,private,Dar Es Salaam,Ubungo MC,-6.7853,39.16668,coastal
GOLE,122507-7,public,Tanga,Handeni DC,-5.85689,38.00463,coastal
GOMBE,101238-4,public,Kigoma,Kigoma DC,-4.64131,29.63013,central
GOMBE,120610-1,public,Morogoro,Ulanga DC,-8.858104,,coastal
GOMBE,122131-6,private,Njombe,Ludewa DC,,,shighland
GOMBERO,101240-0,public,Tanga,Mkinga DC,-4.95399,38.9495,coastal
GOMBERO,110513-9,public,Tanga,Kilindi DC,-5.43285,37.44143,coastal
GOMVU,101242-6,public,Dar Es Salaam,Kigamboni MC,-6.938006,39.478616,coastal
GONELAMAFUTA,114396-5,public,Njombe,Wanging'ombe DC,-9.162104,34.565964,shighland
GONGA,101243-4,public,Dodoma,Chemba DC,-5.416474,35.476411,central
GONGALI,101244-2,public,Arusha,Karatu DC,-3.388379,35.653399,northern
GONGE,108574-5,public,Pwani,Mafia DC,-7.82263,39.77635,coastal
GONGO,110153-4,public,Pwani,Chalinze DC,-6.16672,38.59842,coastal
GONGO LA MBOTO,108487-0,public,Dar Es Salaam,Ilala MC,-6.886351,39.158565,coastal
GONGO LA MBOTO,113424-6,private,Dar Es Salaam,Ilala MC,-6.93143,39.12938,coastal
GONGWE SK,122569-7,private,Morogoro,Kilosa DC,-6.58311,37.17682,coastal
GONJA,101246-7,private,Kilimanjaro,Same DC,-4.25973,37.9912,northern
GONJA KIGHARE,102705-1,private,Kilimanjaro,Same DC,-4.24655,37.99477,northern
GOOD CARE,124922-6,private,Shinyanga,Kahama MC,-3.83524,32.56176,lake
GOOD HOPE,123884-9,private,Mbeya,Mbeya CC,-8.55611,33.29151,shighland
GOOD HOPE,123936-7,private,Simiyu,Busega DC,-2.26259,33.85674,lake
GOOD HOPE,113348-7,private,Mwanza,Magu DC,-2.59011,33.44661,lake
GOOD HOPE,114219-9,private,Dodoma,Kongwa DC,,,central
GOOD HOPE,122058-1,private,Dar Es Salaam,Temeke MC,,,coastal
GOOD HOPE CRCT,113929-4,private,Kilimanjaro,Hai DC,,,northern
GOOD HOPE DIAGNOSTIC LABORATORY,121579-7,private,Manyara,Babati DC,-4.20782,35.74614,northern
GOOD HOPE FAMILY,120876-8,private,Arusha,Arusha DC,-3.31192,36.64026,northern
GOOD NEWS,124182-7,private,Mwanza,Misungwi DC,-2.68007,32.99532,lake
GOOD SAMARITAN,101251-7,private,Tabora,Uyui DC,-4.855509,33.753689,central
GOOD SAMARITAN,101250-9,private,Mwanza,Nyamagana MC,-2.509202,32.905898,lake
GOOD SAMARITAN,111294-5,private,Morogoro,Ifakara TC,-7.73341,36.92685,coastal
GOOD SAMARITAN CANCER,114485-6,private,Morogoro,Ifakara TC,-8.13361,36.68783,coastal
GOOD SHEPHERD,103820-7,private,Kilimanjaro,Same DC,-4.56886,37.95057,northern
GOOD VISION EYE CARE,124612-3,private,Dodoma,Dodoma CC,-6.17941,35.74929,central
Goodlife,113574-8,private,Tanga,Handeni TC,-5.42714,38.01899,coastal
GOODLOOKING,124331-0,private,Kigoma,Kigoma Ujiji MC,-4.90277,29.61818,central
GOODLUCK,113072-3,private,Ruvuma,Mbinga TC,-10.95052,34.99752,shighland
GORANGA,101254-1,private,Arusha,Karatu DC,-3.34182,35.67591,northern
GOROKA,121806-4,public,Dar Es Salaam,Temeke MC,-6.94011,39.29791,coastal
GOSHEN,114931-9,private,Geita,Chato DC,-3.06282,31.74539,lake
GOSHEN,121066-5,private,Mbeya,Mbeya CC,,33.50739,shighland
GOSHEN HEALTH CARE MEDICAL,123771-8,private,Manyara,Kiteto DC,-5.31614,36.56602,northern
GOSPEL COMMISSION M,112800-8,private,Mwanza,Misungwi DC,-2.842175,33.084601,lake
GOWEKO,101256-6,public,Tabora,Uyui DC,-5.33007,33.15303,central
GOWEKO MLIMANI,122697-6,public,Tabora,Uyui DC,-5.33012,33.15324,central
GOZIBA,114381-7,public,Kagera,Muleba DC,-1.47236,32.61124,lake
GP,120406-4,private,Dar Es Salaam,Temeke MC,-6.85728,39.2559,coastal
GPAS,112790-1,private,Dodoma,Dodoma CC,-6.11824,35.77582,central
GPLUS,124332-8,private,Mbeya,Rungwe DC,-9.89596,33.95792,shighland
GR,123512-6,private,Dar Es Salaam,Kinondoni MC,-6.78996,39.26506,coastal
GRACE,123042-4,private,Morogoro,Morogoro MC,-6.21673,37.38326,coastal
GRACE&JANE,105243-0,private,Kilimanjaro,Same DC,-4.383083,38.061192,northern
GRACIUS,121143-2,private,Ruvuma,Nyasa DC,-10.54775,34.62369,shighland
GRAMBAH,111327-3,private,Mwanza,Ilemela MC,-2.491733,32.91562,lake
GRAN MELIA ARUSHA,124144-7,private,Arusha,Arusha CC,-3.37079,36.70698,northern
Granate,122091-2,private,Dar Es Salaam,Kinondoni MC,,,coastal
GREAT HOPE,113301-6,private,Pwani,Mkuranga DC,-7.11806,39.20583,coastal
GREEN,114355-1,private,Mara,Tarime DC,-1.468253,34.523,lake
GREEN APPLE,122942-6,private,Katavi,Tanganyika DC,-6.19038,30.98825,shighland
GREEN CITY MODERN,114690-1,private,Morogoro,Morogoro MC,-6.69835,37.642185,coastal
GREEN VIEW,114644-8,private,Mwanza,Ilemela MC,-2.49596,32.9059,lake
GREENLIFE,121004-6,private,Dar Es Salaam,Ilala MC,,,coastal
GRETTE,111904-9,private,Dar Es Salaam,Kigamboni MC,-6.85512,39.35471,coastal
GRIN,121000-4,private,Dar Es Salaam,Ilala MC,-6.82187,39.27563,coastal
GS,101258-2,private,Iringa,Kilolo DC,-7.69285,36.02599,shighland
GS,124440-9,private,Mbeya,Mbeya CC,-8.91281,33.54281,shighland
GUA,109169-3,public,Songwe,Songwe DC,-7.854105,32.484907,shighland
GUDUWE,108819-4,public,Simiyu,Bariadi TC,-2.68351,33.92673,lake
GUHA,120398-3,private,Mtwara,Mtwara DC,,,southern
GULA,101263-2,private,Simiyu,Maswa DC,-3.44844,33.98273,lake
GULLA,122241-3,public,Shinyanga,Msalala DC,-3.34567,36.45342,lake
GULUKA KWA LALA,101264-0,public,Dar Es Salaam,Ilala MC,-6.87994,39.13845,coastal
GULWE,101265-7,public,Dodoma,Mpwapwa DC,-6.450241,36.408848,central
GULYAMBI,122961-6,public,Tabora,Nzega DC,-4.52751,33.10015,central
GUMANGA,101266-5,public,Singida,Mkalama DC,-4.23787,34.60611,central
GUMBA,101267-3,public,Pwani,Kibaha DC,-6.76124,38.3575,coastal
GUMBIRO,101268-1,public,Ruvuma,Madaba DC,-10.26319,35.63818,shighland
GUMBONNEKA,109056-2,public,Tanga,Handeni DC,-5.78882,38.18203,coastal
GUNGE,101269-9,public,Manyara,Simanjiro DC,-4.58991,37.87879,northern
GUNGU,101270-7,public,Kigoma,Kigoma Ujiji MC,-4.859859,29.637096,central
GUNYODA,101271-5,public,Manyara,Mbulu TC,-3.78456,35.4861,northern
GURUMETI,101273-1,private,Mara,Serengeti DC,-2.04836,34.4677,lake
GURUNGU,101274-9,public,Singida,Itigi DC,-5.571171,34.60181,central
GUSE,101275-6,public,Manyara,Babati DC,-3.47612,36.87444,northern
GUSUHI,101276-4,public,Mara,Serengeti DC,-1.834766,34.311121,lake
GUTA,101277-2,public,Mara,Bunda TC,-2.0741,33.7345,lake
GVC,124014-2,private,Morogoro,Morogoro MC,,,coastal
GWANDI,101278-0,public,Dodoma,Chemba DC,-5.306971,35.818072,central
Gwandi,101279-8,public,Dodoma,Chamwino DC,-5.448179,36.039127,central
GWANUMPU,101281-4,public,Kigoma,Kakonko DC,-3.4323,30.72278,central
GWARAMA,101282-2,public,Kigoma,Kakonko DC,-3.095,30.88815,central
GWATA,123065-5,public,Morogoro,Morogoro DC,-6.72237,38.23659,coastal
GWATA,101284-8,public,Pwani,Kibaha DC,-6.71366,38.36961,coastal
GWATA,101285-5,public,Pwani,Kisarawe DC,-7.13611,38.50477,coastal
GYEKRUM ARUSHA,113942-7,public,Arusha,Karatu DC,-3.362003,35.69256,northern
GYEKRUM LAMBO,101287-1,public,Arusha,Karatu DC,-3.395649,35.67946,northern
H & C,121218-2,private,Morogoro,Morogoro MC,,,coastal
H&C,124012-6,private,Morogoro,Morogoro MC,,,coastal
H.H AGAKHAN,100052-0,private,Mwanza,Nyamagana MC,-2.522278,32.906646,lake
HAADAT HEALTH,125123-0,private,Singida,Singida MC,-4.80033,34.72444,central
HABIYA,101290-5,public,Simiyu,Itilima DC,-2.73131,34.15773,lake
HACHWI,114009-4,public,Dodoma,Kondoa TC,-4.77252,35.78413,central
HAFFORD,101294-7,private,Dar Es Salaam,Temeke MC,-6.84456,39.26735,coastal
HAI,112880-0,private,Kilimanjaro,Hai DC,-3.33224,37.15003,northern
Hai DC,124700-6,public,Kilimanjaro,Hai DC,,,northern
HAI VISION CENTRE -,112882-6,private,Kilimanjaro,Hai DC,-3.33772,37.14617,northern
HAIMONATH,121126-7,private,Shinyanga,Kahama MC,-3.81293,32.62232,lake
Haire,120997-2,public,Dodoma,Kondoa DC,-4.56761,35.99801,central
HAKIKA,114303-1,private,Pwani,Bagamoyo DC,-6.587724,39.053875,coastal
HAKIKA EYE CARE CENTRE,114189-4,private,Dar Es Salaam,Ilala MC,-6.86637,39.19914,coastal
HAKIMI,114681-0,private,Morogoro,Morogoro MC,-6.818993,37.691839,coastal
HAKIMU,113706-6,private,Songwe,Mbozi DC,-9.00875,32.99673,shighland
HALAMBO,101297-0,public,Songwe,Mbozi DC,-8.96122,32.80298,shighland
HALAWA,101298-8,public,Simiyu,Bariadi DC,-2.47756,34.23553,lake
HALE,123139-8,public,Tanga,Korogwe DC,-4.70227,38.64651,coastal
HALE SISI KWA SISI,101300-2,public,Tanga,Korogwe DC,-5.287431,38.60485,coastal
HALE TANESCO,101301-0,public,Tanga,Korogwe DC,-5.29375,38.6118,coastal
HALELUYA,113198-6,private,Tabora,Nzega DC,-4.77411,33.24119,central
HALELUYA,113079-8,private,Ruvuma,Mbinga TC,-10.94282,35.00094,shighland
HALIFA,125089-3,private,Songwe,Tunduma TC,-9.17521,32.45705,shighland
HALISI,124930-9,private,Dar Es Salaam,Ilala MC,-6.91975,39.13979,coastal
HALLA,101303-6,public,Manyara,Babati TC,-4.26719,35.82146,northern
HALMIX,121677-9,private,Morogoro,Kilosa DC,-7.65511,36.98394,coastal
HALUNGU,101304-4,public,Songwe,Mbozi DC,-8.55211,32.49241,shighland
HAMAI,101305-1,public,Dodoma,Chemba DC,-5.050472,36.113439,central
HAMASA,112678-8,private,Morogoro,Kilosa DC,-6.76329,37.04657,coastal
HAMBALAWEI,112369-4,public,Tanga,Lushoto DC,-4.66783,38.26113,coastal
Hameer,101006-5,private,Dar Es Salaam,Ilala MC,-6.81438,39.27371,coastal
HAMPANGALA,101307-7,public,Songwe,Mbozi DC,-8.95909,32.75771,shighland
HAMUKOKO,101306-9,public,Mwanza,Ukerewe DC,-2.11855,33.13578,lake
HAMURUMO,101309-3,public,Mwanza,Buchosa DC,-2.455664,32.541902,lake
HAMUYEBE,109452-3,public,Mwanza,Ukerewe DC,-2.11381,33.06104,lake
HAMWELO,101310-1,public,Songwe,Mbozi DC,-8.908852,32.723298,shighland
HANANASIF,108644-6,public,Dar Es Salaam,Kinondoni MC,-6.80138,39.26692,coastal
Hanang DC,124717-0,public,Manyara,Hanang DC,,,northern
Handali,101311-9,public,Dodoma,Chamwino DC,-6.340347,36.000235,central
HANDENI,101312-7,public,Kilimanjaro,Mwanga DC,-3.59783,37.46968,northern
Handeni DC,124839-2,public,Tanga,Handeni DC,,,coastal
HANDENI DISTRICT COUNCIL   SHAIKH SABAH AL-AHMAD AL-JABER AL-SABAH MEDICAL COMPLEX,120345-4,public,Tanga,Handeni DC,-5.82265,38.30211,coastal
HANDENI PRISON,114402-1,public,Tanga,Handeni TC,-5.43366,38.02091,coastal
Handeni TC,124840-0,public,Tanga,Handeni TC,,,coastal
HANDENI TC,101313-5,public,Tanga,Handeni TC,-5.43533,38.02308,coastal
Haneti,101314-3,public,Dodoma,Chamwino DC,-5.48546,35.84359,central
HANGA,101315-0,public,Pwani,Kibiti DC,-7.66011,39.1503,coastal
HANGA NGADINDA,101318-4,public,Ruvuma,Madaba DC,-10.20213,35.67294,shighland
HANGOMBA,101319-2,public,Songwe,Mbozi DC,-8.839826,32.793779,shighland
HANIM,123502-7,private,Dar Es Salaam,Ilala MC,-6.94107,39.20132,coastal
HANS MEDICAL,123669-4,private,Morogoro,Mlimba DC,-8.78901,35.85374,coastal
HANS MGAYA,122291-8,private,Dar Es Salaam,Kinondoni MC,-6.62128,39.09189,coastal
HANSEKETWA,109808-6,public,Songwe,Mbozi DC,-9.140143,32.897209,shighland
HANTESYA,101322-6,public,Songwe,Mbozi DC,-9.213141,32.986006,shighland
HAPPY,114286-8,private,Morogoro,Ifakara TC,,,coastal
HAPPY,101022-2,private,Morogoro,Ifakara TC,-8.75311,36.41131,coastal
HARAKA,109909-2,public,Songwe,Mbozi DC,-9.206456,33.133786,shighland
HARBANGET,101325-9,public,Manyara,Mbulu DC,-3.86278,35.40136,northern
HARDWIN CONSULTANCY CLINIC-EYE,123775-9,private,Kilimanjaro,Moshi MC,,,northern
HARMONY MEMORIAL,120556-6,private,Dar Es Salaam,Ilala MC,,,coastal
HARMONY MHADA. TE,114522-6,private,Mwanza,Ilemela MC,-2.46612,32.925,lake
HAROUB,114266-0,private,Pwani,Chalinze DC,-6.117967,38.409223,coastal
HAROWIN EYE & OPTOMETRY SERVICES,112884-2,private,Kilimanjaro,Moshi MC,,,northern
HAROWIN EYECARE,124621-4,private,Kilimanjaro,Moshi MC,-3.21143,37.21143,northern
HARSHA,123971-4,public,Manyara,Mbulu DC,-4.97721,35.33271,northern
HASAA,112774-5,private,Dodoma,Dodoma CC,-6.17596,35.7459,central
HASET,124623-0,private,Dar Es Salaam,Temeke MC,-6.86575,39.26887,coastal
HASSAMA,101328-3,public,Manyara,Mbulu TC,-3.879367,35.644203,northern
HASSAN MWAKASUVI,121252-1,public,Tabora,Uyui DC,-5.10867,33.25148,central
Hasseki,122068-0,private,Kagera,Bukoba MC,-1.32015,31.78925,lake
HATELELE,109549-6,public,Songwe,Mbozi DC,-8.976826,32.984289,shighland
Haubi,101330-9,public,Dodoma,Kondoa DC,-4.805223,35.951794,central
HAUBI VA,101331-7,private,Dodoma,Kondoa DC,-4.812414,35.967709,central
HAULE'S CLINICAL LAB,121952-6,private,Ruvuma,Songea DC,,,shighland
HAVANA,125226-1,private,Kigoma,Kasulu TC,-4.57409,30.09746,central
HAVEN,123974-8,private,Dar Es Salaam,Kinondoni MC,-6.70764,39.22573,coastal
HAYAAT,113630-8,private,Arusha,Arusha CC,-3.37051,36.69911,northern
HAYAAT,120897-4,private,Arusha,Arusha CC,-3.37051,36.69912,northern
HAYDARER,101334-1,public,Manyara,Mbulu DC,-4.229106,35.153025,northern
HAYDOM,122048-2,private,Morogoro,Mlimba DC,-8.351,36.07987,coastal
HAYDOM,122279-3,public,Manyara,Mbulu DC,-4.16527,35.03616,northern
HAYDOM,101335-8,private,Manyara,Mbulu DC,-4.11563,35.01602,northern
HAYDOMHOTESCA,124534-9,private,Tabora,Igunga DC,-4.29022,33.88421,central
HAZINA,123608-2,private,Dodoma,Mpwapwa DC,-6.21039,36.29282,central
HB,121209-1,private,Mtwara,Tandahimba DC,-10.77236,39.62722,southern
HEAD TO TOE,121100-2,private,Dar Es Salaam,Kinondoni MC,,,coastal
HEAGTON,122944-2,private,Mara,Tarime TC,-1.34726,34.38643,lake
HEALTH CARE,101015-6,private,Kilimanjaro,Moshi MC,-3.35958,37.33149,northern
HEALTH GATE,125156-0,private,Arusha,Arusha CC,-3.34645,36.34537,northern
HEALTH HOME CHARITABLE,100032-2,private,Dar Es Salaam,Ilala MC,-6.81768,39.2766,coastal
HEALTH-4-ALL,122784-2,private,Arusha,Arusha CC,-3.22245,36.41591,northern
HEALTH4ALL,113628-2,private,Arusha,Arusha CC,-3.373656,36.699567,northern
HEALTHSCOPE,112515-2,private,Dar Es Salaam,Ubungo MC,-6.79586,39.1388,coastal
HEAMEDA,120353-8,private,Dar Es Salaam,Kinondoni MC,-6.28457,39.36782,coastal
HEAMEDA  DIALYSIS CENTRE,120361-1,private,Dar Es Salaam,Kinondoni MC,,,coastal
HEARWELL AUDIOLOGY,110671-5,private,Dar Es Salaam,Ilala MC,-6.80291,39.27563,coastal
HEBAB,113442-8,private,Dar Es Salaam,Ilala MC,-6.95481,39.10171,coastal
Hebi Juu,101339-0,public,Dodoma,Kondoa DC,-4.92911,35.93354,central
HEDARU,101341-6,private,Kilimanjaro,Same DC,-4.50327,37.90954,northern
HEDARU MSAMARIA,101342-4,private,Kilimanjaro,Same DC,-4.50349,37.91086,northern
HEDI,114997-0,public,Tanga,Handeni TC,-5.548679,37.994438,coastal
HEFSIBA,113221-6,private,Tanga,Tanga CC,-5.07872,39.09466,coastal
HEIN,122268-6,private,Arusha,Arusha CC,-3.36193,36.69596,northern
HEKA,101345-7,public,Singida,Manyoni DC,-6.07875,34.5226,central
HEKALUNGU,101346-5,private,Tanga,Lushoto DC,-4.56441,38.34425,coastal
HEKIMA,113188-7,private,Tabora,Tabora MC,-5.01665,32.82059,central
HEKIMA,112602-8,private,Mbeya,Mbeya CC,-8.90358,33.54368,shighland
HEKIMA,112660-6,private,Morogoro,Morogoro MC,-6.832482,37.662989,coastal
HEKIMA,112419-7,private,Dar Es Salaam,Ubungo MC,-6.74136,39.07902,coastal
HEKIMA,114645-5,private,Mwanza,Ilemela MC,-2.48721,32.9078,lake
HEKIMA,122220-7,private,Njombe,Makambako TC,-8.84672,34.82337,shighland
HEKIMA,113070-7,private,Ruvuma,Songea MC,-10.6732,35.64667,shighland
HEKIMA,101347-3,private,Njombe,Makambako TC,-8.84672,34.82337,shighland
HEKIMA,122003-7,private,Ruvuma,Songea MC,-10.64009,35.62784,shighland
HEKIMA,122004-5,private,Pwani,Chalinze DC,-6.08018,38.340775,coastal
HEKIMA LABORATORY,122020-1,private,Ruvuma,Mbinga DC,,,shighland
HEKO,123091-1,private,Dar Es Salaam,Ilala MC,,,coastal
HELEEY,113299-2,private,Pwani,Kibaha TC,-6.78492,38.99859,coastal
HELIX,122237-1,private,Pwani,Kibaha TC,,,coastal
HELLEN,120874-3,private,Mbeya,Mbeya CC,-8.9200044,33.472782,shighland
HEMBAHEMBA,101351-5,public,Dodoma,Kongwa DC,-6.01712,36.70615,central
HEMBETI,101352-3,public,Morogoro,Mvomero DC,-6.27011,37.5091,coastal
HEMSAMBIA,121667-0,public,Tanga,Mkinga DC,,,coastal
HEMTOYE,111777-9,public,Tanga,Lushoto DC,-4.83439,38.32823,coastal
HENGAPANO,110366-2,public,Mtwara,Newala DC,-10.7092,39.13313,southern
HEREMBE,101354-9,public,Kigoma,Uvinza DC,-5.730417,29.920683,central
HERI,125115-6,private,Songwe,Mbozi DC,-9.11025,32.94413,shighland
Heri,101355-6,private,Arusha,Arusha CC,-3.38638,36.68523,northern
HERI-MISSION,101356-4,private,Kigoma,Buhigwe DC,-4.44468,29.7936,central
HERIAFYA,123532-4,private,Shinyanga,Kahama MC,-3.80572,32.59721,lake
HERIAN MEDICAL,123692-6,private,Rukwa,Sumbawanga MC,-8.42262,31.40219,shighland
HERU JUU,101358-0,public,Kigoma,Kasulu TC,-4.536862,30.048338,central
HERU-USHINGO,101359-8,public,Kigoma,Kasulu DC,-4.190899,30.232882,central
HEZYA,101361-4,public,Songwe,Mbozi DC,-9.24786,33.10539,shighland
HHANGALI  CARE,125165-1,private,Manyara,Mbulu TC,-3.85999,35.54545,northern
HI-TEK,122176-1,private,Arusha,Arusha CC,,,northern
HI-TEK BIOLAB,122071-4,private,Arusha,Arusha CC,,,northern
HIDET,124016-7,public,Manyara,Hanang DC,-4.51998,35.39591,northern
HIGHLAND,115056-4,private,Dar Es Salaam,Ubungo MC,-6.75158,39.09241,coastal
HIGHLAND,125098-4,private,Morogoro,Mlimba DC,-8.78646,35.80376,coastal
HIGHLANDS MOS,111850-4,private,Dar Es Salaam,Temeke MC,-6.88511,39.27832,coastal
HIGHWAY,110723-4,private,Arusha,Arusha CC,-3.3729,36.68527,northern
HIGHWAY HEALTH,111957-7,private,Arusha,Arusha CC,-3.39452,36.66518,northern
HIKA,101362-2,public,Singida,Manyoni DC,-5.619171,34.98391,central
HILBADAW,109547-0,public,Manyara,Hanang DC,-4.35386,34.89282,northern
HIMAS,122641-4,private,Mwanza,Nyamagana MC,-2.541894,32.953405,lake
HIMITI,111179-8,public,Manyara,Babati TC,-4.313072,35.741462,northern
HIMO COGI,101363-0,private,Kilimanjaro,Moshi DC,-3.38675,37.54888,northern
HIMO MARANGU,110766-3,private,Kilimanjaro,Moshi DC,-3.38023,37.54419,northern
HINDAWASHI,101365-5,public,Shinyanga,Kishapu DC,-3.96261,34.12837,lake
HINGA,111735-7,public,Ruvuma,Nyasa DC,-10.76849,34.68636,shighland
HINGAWALI,101373-9,public,Lindi,Mtama DC,-10.19586,39.79592,southern
HINJU,101374-7,public,Mtwara,Nanyamba TC,-10.60499,39.77892,southern
HINYUYE,101409-1,private,Kigoma,Kasulu TC,-4.57686,30.04833,central
HIRAM,123853-4,private,Mwanza,Ilemela MC,-2.49398,33.91264,lake
HISANI,114040-9,private,Tanga,Korogwe TC,-5.14467,38.42893,coastal
HISASARA,123880-7,private,Morogoro,Morogoro MC,-6.76574,37.68671,coastal
HISASARA,121213-3,private,Morogoro,Morogoro DC,-7.37747,37.80428,coastal
HITECH SAI,101272-3,private,Dar Es Salaam,Ilala MC,-6.82287,39.28321,coastal
HITECH SAI,110558-4,private,Dar Es Salaam,Ilala MC,-6.79757,39.27784,coastal
Hitech Sai,121216-6,private,Dar Es Salaam,Ilala MC,,,coastal
HK,123610-8,private,Geita,Geita DC,-2.59783,31.56137,lake
HK,124088-6,private,Lindi,Nachingwea DC,-10.36701,38.76297,southern
HNS,124129-8,private,Dar Es Salaam,Temeke MC,-6.96633,39.22921,coastal
HOGORO,101375-4,public,Dodoma,Kongwa DC,-5.95621,36.45091,central
HOLILI,101376-2,public,Kilimanjaro,Rombo DC,-3.36128,37.6351,northern
HOLILI AMEC,101377-0,private,Kilimanjaro,Rombo DC,-3.37817,37.63762,northern
HOLISTIC,113466-7,private,Dar Es Salaam,Ilala MC,-6.89951,39.16785,coastal
HOLLY FAMILY,108886-3,private,Songwe,Tunduma TC,-9.29949,32.76261,shighland
HOLLY MEDICAL CENTRE,112374-4,private,Morogoro,Mvomero DC,-6.918815,37.561774,coastal
HOLLYWOOD,112913-9,private,Iringa,Mafinga TC,-8.30072,35.30279,shighland
HOLO,122503-6,public,Iringa,Iringa DC,-7.34658,35.85571,shighland
HOLY CROSS,110131-0,private,Morogoro,Morogoro MC,-6.77969,37.64878,coastal
HOLY CROSS,104188-8,private,Morogoro,Kilosa DC,-7.31773,36.55305,coastal
HOLY FAMILY,101379-6,private,Arusha,Arusha CC,-3.41223,36.70756,northern
HOLYSPIRIT,101380-4,private,Arusha,Karatu DC,-3.34658,35.67261,northern
HOMBOLO LEPROSY,101382-0,private,Dodoma,Dodoma CC,-5.94233,35.95239,central
Hombolo Makulu,101383-8,public,Dodoma,Dodoma CC,-5.8918,35.95449,central
Homboza,101384-6,public,Morogoro,Mvomero DC,-7.0424,37.4693,coastal
HOMBOZA,101385-3,public,Pwani,Kisarawe DC,-7.06251,39.0522,coastal
HOME OF LIFE,123636-3,private,Morogoro,Morogoro MC,-6.83756,37.63344,coastal
HONANZILA,114428-6,private,Mwanza,Magu DC,-2.55831,33.02012,lake
HONDOGO,101387-9,public,Pwani,Chalinze DC,-6.175448,38.401402,coastal
HONELO,124900-2,private,Tanga,Handeni DC,,,coastal
HONEST,110590-7,private,Dar Es Salaam,Kinondoni MC,-6.61749,39.09882,coastal
HONEST,113297-6,private,Pwani,Kibaha DC,-6.72034,38.73739,coastal
HONGWE,123335-2,public,Lindi,Kilwa DC,-8.54494,39.70501,southern
HONORAL,114598-6,private,Mwanza,Ilemela MC,-2.50396,32.93099,lake
HOPE,112336-3,private,Iringa,Kilolo DC,-7.46861,36.50391,shighland
HOPE,112564-0,private,Mara,Musoma MC,-1.50803,33.79433,lake
HOPE,113252-1,private,Dar Es Salaam,Ubungo MC,-6.80471,39.20942,coastal
HOPE,113306-5,private,Mwanza,Nyamagana MC,-2.6226117,32.946095,lake
HOPE,121326-3,private,Morogoro,Morogoro MC,,,coastal
HOPE,123015-0,private,Mbeya,Mbeya CC,-8.90921,33.46891,shighland
HOPE,120559-0,private,Njombe,Makambako TC,-8.86035,34.82338,shighland
HOPE,112122-7,private,Lindi,Lindi MC,,,southern
HOPE,113273-7,private,Dar Es Salaam,Ubungo MC,,,coastal
HOPE,113991-4,private,Songwe,Tunduma TC,-9.30845,32.76248,shighland
HOPE,114538-2,private,Mwanza,Ilemela MC,-2.49703,32.9031,lake
HOPE,111782-9,private,Arusha,Arusha CC,-3.424183,36.658004,northern
Hope,112446-0,private,Mbeya,Mbeya CC,-8.89579,33.44096,shighland
HOPE,112206-8,private,Ruvuma,Songea MC,-10.67784,35.65157,shighland
HOPE,121142-4,private,Ruvuma,Nyasa DC,-11.32183,35.05633,shighland
HOPE,123675-1,private,Geita,Chato DC,-2.37119,31.72528,lake
Hope,122755-2,private,Dar Es Salaam,Kinondoni MC,,,coastal
HOPE AND GRACE,125107-3,private,Dodoma,Mpwapwa DC,-6.71372,36.36672,central
HOPE EYE CARE,101389-5,private,Dar Es Salaam,Kinondoni MC,-6.78816,39.2646,coastal
HOPE HEALTH,122177-9,private,Mbeya,Mbeya DC,,33.35152,shighland
HOPE LIFE MINAZI MIREFU,120251-4,private,Dar Es Salaam,Ilala MC,,,coastal
HOPE MEDICAL,123581-1,private,Tanga,Handeni TC,-5.42287,38.02381,coastal
HOPE MEDICAL CENTRE,124494-6,private,Dar Es Salaam,Ubungo MC,-6.77478,39.04246,coastal
HOPE MEMORIAL,125160-2,private,Arusha,Monduli DC,-3.38553,35.89196,northern
HOPE MITI MIREFU,113371-9,private,Mwanza,Nyamagana MC,-2.62294,32.94593,lake
HOPE VILLAGE ROTARY,114409-6,private,Ruvuma,Madaba DC,-9.92597,35.54861,shighland
HOPECARE,121042-6,private,Manyara,Kiteto DC,-5.47988,36.56255,northern
HOPEKWEMBE,123498-8,private,Dar Es Salaam,Ubungo MC,-6.81481,39.08641,coastal
HOREB OBSY AND GYN SPECIALIZED,112268-8,private,Mbeya,Mbeya CC,-8.91903,33.47218,shighland
HOREBU HILL,111880-1,private,Arusha,Arusha DC,-3.31431,36.64286,northern
Horizon medical laboratory,122105-0,private,Morogoro,Mlimba DC,,,coastal
HOROHORO,101390-3,public,Tanga,Mkinga DC,-4.62459,39.10087,coastal
HOROHORO BOARDER,111457-8,public,Tanga,Mkinga DC,-4.601755,39.100564,coastal
HORONGO,120527-7,public,Mbeya,Mbeya DC,-8.99527,33.40756,shighland
HOSEA,113287-7,private,Pwani,Kibaha TC,-6.76371,38.95295,coastal
HOSEA,101391-1,private,Songwe,Mbozi DC,-9.106539,32.928697,shighland
HOSEA,121392-5,private,Pwani,Kibaha TC,-6.754585,38.963722,coastal
HOSIANA,111338-0,private,Kilimanjaro,Moshi DC,-3.38099,37.3212,northern
HOSSAN,122224-9,private,Manyara,Babati DC,,,northern
HOSSANA,112684-6,private,Morogoro,Ulanga DC,-8.38455,36.67151,coastal
HOSSANA,114020-1,private,Dar Es Salaam,Temeke MC,-6.93022,39.27243,coastal
HOTELITATU,112091-4,public,Lindi,Kilwa DC,-9.3039,39.4122,southern
HP,122680-2,private,Dar Es Salaam,Ilala MC,-6.91325,39.15707,coastal
HPM,125120-6,private,Songwe,Mbozi DC,-9.00919,32.99681,shighland
HUDUMA,101395-2,private,Katavi,Mlele DC,-6.2224,32.0621,shighland
HUDUMA,101394-5,private,Mwanza,Ukerewe DC,-2.10979,33.09053,lake
HUDUMA,112644-0,private,Mara,Tarime DC,-1.24859,34.47765,lake
HUDUMA,110957-8,private,Mwanza,Nyamagana MC,-2.567096,32.990247,lake
HUDUMA,120837-0,public,Arusha,Karatu DC,-3.368349,35.807172,northern
HUDUMA,112662-2,private,Dar Es Salaam,Temeke MC,-6.84228,39.27534,coastal
HUDUMA,108550-5,private,Kagera,Ngara DC,-2.50479,30.65607,lake
HUDUMA,101393-7,private,Mwanza,Kwimba DC,-3.17688,33.24718,lake
HUDUMA,121192-9,private,Dodoma,Dodoma CC,,,central
HUDUMA,121873-4,private,Kagera,Ngara DC,-2.64088,30.466457,lake
HUDUMA - KILIMAHEWA,101397-8,private,Mwanza,Ilemela MC,-2.49294,32.91076,lake
HUDUMA MASHULENI,101398-6,public,Mwanza,Nyamagana MC,-2.5162,32.89939,lake
HUDUMA MIN,124464-9,private,Morogoro,Kilosa DC,-7.67389,36.36893,coastal
HULEGE LIFE LINE,114451-8,private,Kigoma,Buhigwe DC,-4.5434785,29.902966,central
HULIA,101401-8,public,Ruvuma,Tunduru DC,-10.79896,36.68382,shighland
Humai,110999-0,public,Dodoma,Kondoa DC,-4.66594,35.77838,central
HUMEKWA,122480-7,public,Dodoma,Chemba DC,-5.52574,35.70596,central
Humekwa,101403-4,public,Dodoma,Chamwino DC,-5.53783,35.723189,central
HUMULE,124341-9,public,Kigoma,Uvinza DC,-5.13708,31.16112,central
HUNGUMALWA,121228-1,public,Mwanza,Kwimba DC,-3.15401,33.27383,lake
HUNGUMALWA,109539-7,public,Mwanza,Kwimba DC,-3.17307,33.29689,lake
HUNYARI,101404-2,public,Mara,Bunda DC,-1.98519,34.07844,lake
HURUI,101405-9,private,Dodoma,Kondoa DC,-4.356845,35.877383,central
HURUMA,112491-6,private,Geita,Mbogwe DC,-3.64939,32.16772,lake
HURUMA,111370-3,private,Geita,Chato DC,-3.00299,31.92007,lake
HURUMA,110951-1,private,Mwanza,Nyamagana MC,-2.555756,32.986507,lake
HURUMA,114108-4,private,Songwe,Songwe DC,,,shighland
HURUMA,109424-2,private,Mbeya,Mbeya DC,-8.93496,33.3478,shighland
HURUMA,101416-6,private,Kilimanjaro,Rombo DC,-3.18831,37.61679,northern
HURUMA,111102-0,private,Dar Es Salaam,Ubungo MC,-6.78972,39.16761,coastal
HURUMA,111180-6,private,Manyara,Mbulu DC,-4.18941,35.02219,northern
HURUMA,124173-6,private,Tabora,Sikonge DC,-5.38128,32.79211,central
HURUMA,120878-4,private,Katavi,Mpimbwe DC,-7.25334,31.39487,shighland
HURUMA,111423-0,private,Dar Es Salaam,Temeke MC,-6.97566,39.21271,coastal
HURUMA,113050-9,private,Njombe,Ludewa DC,,,shighland
HURUMA,101412-5,private,Dar Es Salaam,Ilala MC,-6.8435,39.191551,coastal
HURUMA,113065-7,private,Ruvuma,Songea MC,-10.67871,35.64998,shighland
HURUMA,113197-8,private,Tabora,Urambo DC,-5.067357,32.072382,central
HURUMA,110877-8,private,Mwanza,Magu DC,-2.72781,33.61844,lake
HURUMA,114462-5,private,Tabora,Tabora MC,,,central
HURUMA,113110-1,private,Songwe,Tunduma TC,-9.31148,32.76379,shighland
HURUMA,113008-7,private,Kigoma,Kigoma Ujiji MC,-4.91,29.67454,central
HURUMA,101408-3,private,Mtwara,Mtwara MC,-10.275941,40.165785,southern
HURUMA,110948-7,private,Ruvuma,Tunduru DC,-11.0323,37.3261,shighland
HURUMA,112372-8,private,Mwanza,Buchosa DC,-2.524882,32.291692,lake
HURUMA,111174-9,private,Kagera,Muleba DC,-1.83464,31.66721,lake
HURUMA,101423-2,private,Mwanza,Nyamagana MC,-2.52911,32.90924,lake
HURUMA,101415-8,private,Kilimanjaro,Hai DC,-3.33126,37.14866,northern
Huruma,114712-3,private,Mwanza,Ilemela MC,-2.53535,33.0071,lake
HURUMA,121534-2,private,Katavi,Mpanda MC,-6.348242,31.073763,shighland
HURUMA,122022-7,private,Ruvuma,Madaba DC,,,shighland
HURUMA,121574-8,private,Manyara,Kiteto DC,-5.30813,36.74561,northern
HURUMA,121981-5,private,Dar Es Salaam,Kinondoni MC,-6.72165,39.24328,coastal
HURUMA,122776-8,private,Tabora,Urambo DC,-5.06735,32.07239,central
HURUMAH,125147-9,private,Mara,Bunda DC,-2.15209,33.45708,lake
HURUMIA WATOTO,101424-0,private,Mwanza,Nyamagana MC,-2.524793,32.918121,lake
HUSAWA,121290-1,private,Dar Es Salaam,Kigamboni MC,-6.93902,39.46333,coastal
Huzi,101425-7,public,Dodoma,Chamwino DC,-6.652928,35.488999,central
HYADOM,112908-9,private,Manyara,Mbulu DC,-4.19105,35.0202,northern
HYDEMAK,111693-8,private,Tanga,Handeni DC,-5.347129,38.233988,coastal
I & J,113236-4,private,Tanga,Tanga CC,-5.09613,39.09534,coastal
I Care,120478-3,private,Tanga,Tanga CC,-5.0833,39.09953,coastal
IAMBI ELCT,101428-1,private,Singida,Mkalama DC,-4.33969,34.8412,central
IAMBI ELCT,101427-3,private,Singida,Mkalama DC,-4.35331,34.7594,central
IBABA,101429-9,public,Songwe,Ileje DC,-9.395161,33.372384,shighland
IBADAKULI,101430-7,public,Shinyanga,Shinyanga MC,-3.6283,33.4965,lake
IBAGA,121929-4,public,Singida,Mkalama DC,-4.08746,34.60279,central
IBAGA,101431-5,public,Njombe,Makete DC,-9.230418,34.221451,shighland
IBAMBO,109993-6,public,Tabora,Kaliua DC,-4.80697,32.4373,central
IBANDA,120834-7,public,Geita,Geita TC,-2.85115,32.39511,lake
Ibatu,114051-6,public,Njombe,Makambako TC,-8.8763,35.05897,shighland
IBAYA,101434-9,public,Kilimanjaro,Mwanga DC,-3.67751,37.64394,northern
IBEMBWA,109817-7,public,Songwe,Mbozi DC,-9.003431,32.873646,shighland
IBEZYA,114440-1,public,Songwe,Ileje DC,-9.40166,33.18849,shighland
IBIGI,101435-6,private,Mbeya,Rungwe DC,-9.222335,33.640641,shighland
Ibihi,101436-4,public,Njombe,Ludewa DC,-10.05461,34.65991,shighland
Ibihwa,101437-2,public,Dodoma,Bahi DC,-6.005476,35.432887,central
Ibiki,111378-6,public,Njombe,Njombe DC,-9.01523,34.92823,shighland
IBILILO,101438-0,public,Mbeya,Rungwe DC,-9.20464,33.51678,shighland
IBINDI,110210-2,public,Katavi,Nsimbo DC,-6.52424,31.0814,shighland
IBINDO,101440-6,public,Mwanza,Kwimba DC,-2.8021,33.45009,lake
IBIRI,101441-4,public,Tabora,Uyui DC,-4.926491,32.598181,central
IBOFWE,123584-5,public,Iringa,Kilolo DC,-7.86217,35.88211,shighland
IBOJA,122711-5,public,Tabora,Nzega DC,-3.92987,32.93759,central
IBOLELO,123988-8,public,Geita,Geita TC,-2.90195,32.25591,lake
IBOLOGELO,101445-5,public,Tabora,Igunga DC,-4.232986,33.472735,central
IBONDO,111503-9,public,Geita,Geita DC,-3.0197,32.00817,lake
IBONGOYA,101447-1,public,Mwanza,Misungwi DC,-2.73657,33.12861,lake
IBOSA,101448-9,public,Kagera,Bukoba DC,-1.24665,31.8415,lake
IBOYA,101450-5,public,Geita,Mbogwe DC,-3.34981,32.18427,lake
Iboya,101449-7,public,Njombe,Njombe TC,-9.43469,35.03831,shighland
IBRA,113224-0,private,Tanga,Muheza DC,-5.17365,38.78797,coastal
IBRA,113283-6,private,Pwani,Bagamoyo DC,-6.44604,38.90358,coastal
IBRA,113529-2,private,Dar Es Salaam,Temeke MC,-6.96813,39.22689,coastal
IBRA,122437-7,private,Pwani,Chalinze DC,-6.375816,38.586174,coastal
Ibuga,111171-5,public,Kagera,Ngara DC,-2.66612,30.47932,lake
Ibugule,101453-9,public,Dodoma,Bahi DC,-6.419891,35.557223,central
IBUKONI,101454-7,public,Kilimanjaro,Rombo DC,-3.19085,37.641145,northern
IBUMI,101455-4,public,Njombe,Ludewa DC,-10.12776,34.93636,shighland
IBUMILA,101456-2,public,Njombe,Njombe DC,-9.12603,34.84847,shighland
IBUMILA,109148-7,public,Iringa,Iringa DC,-8.03834,35.54185,shighland
IBUMU,101457-0,public,Iringa,Kilolo DC,-7.472041,36.126711,shighland
IBUN JAZARY,111478-4,private,Pwani,Mkuranga DC,-7.01391,39.29823,coastal
IBUNGU,120605-1,public,Mbeya,Kyela DC,-9.59437,33.38445,shighland
IBUNGU,112393-4,private,Manyara,Babati TC,-4.20703,35.74297,northern
IBUTAMISUZI,101458-8,public,Tabora,Igunga DC,-4.167439,33.966628,central
IBUTI,112459-3,public,Morogoro,Gairo DC,-6.134387,36.899792,coastal
IBWAGA,101459-6,public,Dodoma,Kongwa DC,-6.22463,36.47119,central
IBWANZI,101460-4,public,Iringa,Mufindi DC,-8.55016,35.59987,shighland
IBWERA,101461-2,public,Kagera,Bukoba DC,-1.48137,31.6308,lake
ICHEMBA,101464-6,private,Tabora,Kaliua DC,-4.751423,32.356203,central
ICHEMBA GOVERNMENT,109995-1,public,Tabora,Kaliua DC,-4.80352,32.39381,central
ICHESA,101465-3,public,Songwe,Mbozi DC,-9.02352,33.077994,shighland
ICHWANKIMA,101466-1,public,Geita,Chato DC,-2.6111,31.55782,lake
ICS CHARITABLE MOTHER CARE,105314-9,private,Dar Es Salaam,Ilala MC,-6.90181,39.17016,coastal
ICS Mikocheni Charitable,113834-6,private,Pwani,Kibaha DC,-6.73047,38.73205,coastal
ICS ST ESTER,110605-3,private,Dar Es Salaam,Ubungo MC,-6.809656,39.107663,coastal
IDAHINA,101469-5,public,Shinyanga,Ushetu DC,-3.85323,32.1832,lake
IDAMNOLE,101470-3,public,Mtwara,Newala DC,-10.598423,39.250999,southern
IDASI,111746-4,public,Iringa,Kilolo DC,-8.16592,35.95853,shighland
IDEGENDA,101471-1,public,Iringa,Kilolo DC,-8.2653,35.93201,shighland
IDENDE,101472-9,public,Njombe,Makete DC,-9.35172,34.08271,shighland
IDETE,101475-2,public,Iringa,Mufindi DC,-8.95343,35.2148,shighland
IDETE,101474-5,private,Iringa,Kilolo DC,-8.1708,36.0023,shighland
IDETE,101473-7,public,Morogoro,Mlimba DC,-8.101,36.36,coastal
IDETE,121133-3,private,Dar Es Salaam,Kinondoni MC,,,coastal
IDETE PRISON,101476-0,public,Morogoro,Mlimba DC,-8.101,36.489,coastal
IDIBO,101478-6,public,Morogoro,Gairo DC,-6.02354,37.08662,coastal
Idifu,101479-4,public,Dodoma,Chamwino DC,-6.436293,35.982823,central
IDIGA,101480-2,public,Mbeya,Mbeya DC,-8.960626,33.242356,shighland
IDIGA KASALE,120867-7,public,Mbeya,Mbeya DC,-8.96422,33.25941,shighland
IDIHANI,101481-0,public,Njombe,Njombe TC,-9.50728,34.51728,shighland
IDIMI,101482-8,public,Mbeya,Mbeya DC,-8.83185,33.47022,shighland
IDINDILIMUNYO,114827-9,public,Njombe,Wanging'ombe DC,-9.0583,34.680495,shighland
IDIWILI,101483-6,public,Songwe,Mbozi DC,-9.13761,33.15466,shighland
IDODOMA,101485-1,public,Dodoma,Mpwapwa DC,-7.29905,36.374386,central
IDODYANDOLE,101486-9,public,Singida,Itigi DC,-5.939189,34.7698785,central
IDUCHU,111679-7,public,Njombe,Njombe TC,-9.57809,34.78143,shighland
IDUDA,113732-2,public,Mbeya,Mbeya CC,-8.9344,33.55682,shighland
IDUDUMO,120619-2,public,Tabora,Nzega TC,-4.20845,33.30281,central
IDUKILO,101488-5,public,Shinyanga,Kishapu DC,-3.44065,33.65913,lake
IDUNDA,111041-0,public,Morogoro,Ulanga DC,-8.48803,36.69568,coastal
IDUNDA,101492-7,public,Mbeya,Mbeya DC,-8.91558,33.62783,shighland
IDUNDA,101495-0,public,Njombe,Njombe TC,-9.344724,34.928551,shighland
IDUNDA,101494-3,public,Songwe,Mbozi DC,-9.0871,33.204001,shighland
IDUNDA,101491-9,public,Iringa,Mufindi DC,-8.64772,34.8028,shighland
IDUNDA,114842-8,public,Njombe,Wanging'ombe DC,-9.274311,34.367325,shighland
IDUNDILANGA,101496-8,public,Njombe,Njombe TC,-9.349798,34.769419,shighland
IDUO,101497-6,public,Dodoma,Kongwa DC,-6.26319,36.64932,central
IFAKARA,123935-9,public,Morogoro,Ifakara TC,-7.98072,36.89596,coastal
IFAKARA,111520-3,private,Morogoro,Ifakara TC,-8.87111,36.40581,coastal
Ifakara TC,124742-8,public,Morogoro,Ifakara TC,,,coastal
IFINGA,101498-4,private,Ruvuma,Madaba DC,-9.52864,35.5286,shighland
IFINGO,122726-3,public,Iringa,Mafinga TC,-8.25389,35.38831,shighland
IFM  DAR ES SALAAM,123566-2,private,Dar Es Salaam,Ilala MC,-6.91003,39.72001,coastal
IFUCHA,101500-7,public,Tabora,Tabora MC,-5.03441,32.95529,central
IFUGANDI,114942-6,public,Geita,Nyang'hwale DC,-3.03449,32.652847,lake
IFUKO,109189-1,public,Songwe,Songwe DC,-8.571398,33.040289,shighland
IFUMBA,101502-3,public,Tabora,Nzega DC,-3.99586,33.24021,central
IFUMBO,109166-9,public,Mbeya,Chunya DC,-8.705842,33.283777,shighland
IFUNDA,101504-9,public,Iringa,Iringa DC,-8.04745,35.47379,shighland
IFUNDA,121311-5,private,Iringa,Iringa DC,-8.04427,35.47792,shighland
IFUNDA RC,101505-6,private,Iringa,Iringa DC,-8.03627,35.47378,shighland
IFUPA,101507-2,public,Mbeya,Mbeya DC,-8.97624,33.76657,shighland
IFUPIRA,101508-0,public,Iringa,Mufindi DC,-8.48086,35.41646,shighland
IFUWA,101509-8,public,Iringa,Kilolo DC,-7.79231,36.25434,shighland
IFWAGI,101510-6,public,Iringa,Mufindi DC,-8.41888,35.4202,shighland
IFWENKENYA,121540-9,public,Songwe,Songwe DC,-8.39501,33.08563,shighland
IFWENKENYA,109167-7,public,Songwe,Songwe DC,-8.634917,33.149211,shighland
IGAGA B,101512-2,public,Shinyanga,Kishapu DC,-3.65172,33.77272,lake
IGAGALA,110901-6,public,Tabora,Kaliua DC,-4.92637,31.63208,central
IGAGALA,101513-0,public,Tabora,Kaliua DC,-4.932497,31.630234,central
IGAGALA,111933-8,public,Njombe,Wanging'ombe DC,-9.35149,34.65042,shighland
IGAGALA,122264-5,public,Katavi,Tanganyika DC,-6.22424,30.98247,shighland
IGAKA,101515-5,public,Mwanza,Sengerema DC,-2.74643,32.51031,lake
IGALA,113516-9,private,Dar Es Salaam,Temeke MC,-6.87159,39.23482,coastal
IGALA ILALA,113462-6,private,Dar Es Salaam,Ilala MC,,,coastal
IGALAGALILO,112351-2,public,Mwanza,Sengerema DC,-2.53828,32.75431,lake
IGALAMU,101517-1,public,Mbeya,Rungwe DC,-9.333849,33.607606,shighland
IGALE,109442-4,public,Mbeya,Mbeya DC,-9.026906,33.432244,shighland
IGALE,101518-9,public,Songwe,Mbozi DC,-9.026653,33.140008,shighland
IGALILIMI,110211-0,private,Shinyanga,Kahama MC,-3.82874,32.59731,lake
IGALLA,101521-3,public,Mwanza,Ukerewe DC,-2.05011,32.94422,lake
IGALU,114475-7,public,Njombe,Ludewa DC,-10.45453,34.60519,shighland
IGALUKILO,101522-1,public,Simiyu,Busega DC,-2.41046,33.7748,lake
IGALULA,101524-7,public,Kigoma,Uvinza DC,-5.94932,29.89469,central
IGALULA,121623-3,public,Katavi,Tanganyika DC,-6.22425,30.98248,shighland
IGALULA,101525-4,public,Tabora,Uyui DC,-5.21373,33.02824,central
IGALULA,101523-9,public,Tabora,Sikonge DC,-5.64452,32.6132,central
IGALULA,108476-3,public,Mwanza,Sengerema DC,-2.904387,32.709739,lake
IGALULA,122844-4,public,Shinyanga,Ushetu DC,-4.44812,32.33121,lake
IGAMBA,101526-2,public,Songwe,Mbozi DC,-8.991439,32.922639,shighland
IGAMBILO,123768-4,public,Tabora,Tabora MC,-4.91116,32.72469,central
IGANDO,123558-9,public,Geita,Geita DC,-3.13565,31.95052,lake
IGANDO,123997-9,public,Geita,Chato DC,-3.01741,31.71492,lake
Igandu,101528-8,public,Dodoma,Chamwino DC,-6.360067,36.137459,central
IGANDUKA,109900-1,public,Songwe,Mbozi DC,-9.035518,32.861388,shighland
IGANGIDUNG'U,101529-6,public,Iringa,Iringa DC,-7.86967,35.40641,shighland
IGANGWE,121699-3,public,Mbeya,Chunya DC,-7.95074,33.31038,shighland
IGANZO,101530-4,public,Mbeya,Mbeya CC,-8.8935,33.46228,shighland
IGATE,109341-8,public,Geita,Geita DC,-2.64431,32.14796,lake
IGAURI,109646-0,public,Singida,Singida DC,-4.69694,34.7993,central
IGAVA,105732-2,public,Mbeya,Mbarali DC,-8.57664,34.45721,shighland
IGAVA,101532-0,public,Mbeya,Mbarali DC,-8.577894,34.478264,shighland
IGAWA,101534-6,public,Morogoro,Malinyi DC,-8.8231,36.1311,coastal
IGAWA,101533-8,public,Mbeya,Mbarali DC,-8.76661,34.3823,shighland
IGAWISENGA,101536-1,public,Ruvuma,Madaba DC,-9.71286,35.30899,shighland
IGEGU,101538-7,public,Simiyu,Bariadi DC,-2.42796,33.961327,lake
IGEKEMAJA,101539-5,public,Mwanza,Magu DC,-2.59888,33.05013,lake
IGELEKE,101540-3,public,Iringa,Mufindi DC,-8.31138,35.74796,shighland
IGENGE,122889-9,public,Geita,Geita TC,-2.98481,32.29749,lake
IGENGU,123886-4,public,Singida,Mkalama DC,-4.09548,34.58311,central
IGHOMBWE,101542-9,public,Singida,Ikungi DC,-4.9592,34.34603,central
IGHUKA,124020-9,public,Singida,Ikungi DC,-5.11053,34.76794,central
IGIGWA,101543-7,public,Tabora,Sikonge DC,-5.38293,32.79191,central
IGIMA,101544-5,public,Njombe,Wanging'ombe DC,-9.194871,34.742726,shighland
IGIMA,121966-6,public,Morogoro,Mlimba DC,-8.22821,36.62298,coastal
IGLANSONI,101545-2,public,Singida,Ikungi DC,-5.33853,34.48584,central
IGODA,112024-5,public,Iringa,Mufindi DC,-8.53342,35.48879,shighland
IGODIVAHA,101547-8,public,Njombe,Wanging'ombe DC,-9.202117,34.564871,shighland
IGOGO,101548-6,public,Tabora,Igunga DC,-4.292982,33.769723,central
IGOGO,101549-4,public,Mwanza,Nyamagana MC,-2.54044,32.91476,lake
IGOGWE,101551-0,public,Mwanza,Ilemela MC,-2.46514,32.99636,lake
IGOGWE MISSION,101552-8,private,Mbeya,Rungwe DC,-9.152247,33.522732,shighland
IGOJE,111765-4,public,Songwe,Ileje DC,-9.52661,33.42639,shighland
IGOJI I,101553-6,public,Dodoma,Mpwapwa DC,-6.605,36.0979,central
Igoji kusini,114141-5,public,Dodoma,Mpwapwa DC,-6.69956,36.08698,central
IGOKELO,101554-4,public,Mwanza,Misungwi DC,-2.82012,33.04992,lake
IGOKO,101555-1,private,Tabora,Uyui DC,-4.82266,33.1107,central
IGOLA,101556-9,public,Njombe,Njombe TC,-9.589503,34.807778,shighland
IGOLWA,101558-5,private,Mbeya,Mbeya CC,-8.90988,33.47528,shighland
IGOLWA,101557-7,private,Njombe,Makete DC,-9.5213,34.28521,shighland
IGOMA,101560-1,public,Mbeya,Mbeya DC,-8.997398,33.66892,shighland
IGOMA,101561-9,public,Njombe,Njombe TC,-9.482906,34.863756,shighland
IGOMAA,101559-3,public,Iringa,Mufindi DC,-8.22486,34.9454,shighland
IGOMBAVANU,101563-5,public,Iringa,Mufindi DC,-8.24092,35.1361,shighland
IGOMBE,120671-3,public,Tabora,Kaliua DC,-5.32517,31.65244,central
IGOMBE,122907-9,public,Kagera,Bukoba DC,-1.25226,31.81001,lake
IGOMBE,101564-3,public,Mwanza,Magu DC,-2.7932,33.63705,lake
IGOMBE 56,101565-0,public,Tabora,Kaliua DC,-4.54404,32.2416,central
IGOMBE 60,101566-8,public,Tabora,Kaliua DC,-4.56353,32.2657,central
IGOMBOLA. B. ENSARY,109730-2,public,Njombe,Njombe DC,-9.27882,35.28077,shighland
Igominyi,101568-4,public,Njombe,Njombe TC,-9.452406,34.882627,shighland
IGOMTWA,112025-2,public,Iringa,Mufindi DC,-8.21735,35.59701,shighland
IGONGOLO,101569-2,public,Njombe,Njombe DC,-8.964887,34.908995,shighland
IGONGWA,114537-4,public,Simiyu,Maswa DC,-3.22312,33.87172,lake
IGONGWA,101570-0,public,Mwanza,Misungwi DC,-2.94176,32.94291,lake
IGONIA,101541-1,public,Singida,Mkalama DC,-4.09541,34.58298,central
IGOSE,123050-7,public,Singida,Manyoni DC,-5.95285,35.18954,central
IGOSHA,120783-6,public,Tabora,Tabora MC,-4.81339,32.67732,central
IGOSI,101571-8,public,Njombe,Wanging'ombe DC,-9.300512,34.516138,shighland
IGOSI,109831-8,private,Mbeya,Kyela DC,-9.60198,33.86587,shighland
IGOSI HEALTH  I I,121693-6,private,Mbeya,Kyela DC,-9.4844,33.87868,shighland
IGOTA,101572-6,private,Morogoro,Ulanga DC,-8.40999,36.67768,coastal
IGOWEKO,101574-2,public,Tabora,Igunga DC,-4.747721,33.6055,central
IGOWOLE,101576-7,public,Iringa,Mufindi DC,-8.58902,35.1547,shighland
IGUGUNO,101577-5,public,Singida,Mkalama DC,-4.56437,34.63562,central
IGUGUNO R.C,101578-3,private,Singida,Mkalama DC,-4.56667,34.6333,central
IGULA,101579-1,public,Iringa,Iringa DC,-7.42762,35.87829,shighland
IGULUBA,101580-9,public,Iringa,Iringa DC,-7.39652,35.914809,shighland
IGULUMUKI,101581-7,public,Mwanza,Sengerema DC,-2.660354,32.551719,lake
IGUMANGOBO,123902-9,public,Shinyanga,Kishapu DC,-3.45711,33.66724,lake
IGUMANGOBO,124301-3,public,Mwanza,Kwimba DC,-3.15156,33.19161,lake
IGUMBILO,101584-1,public,Njombe,Makete DC,-9.61751,34.35379,shighland
IGUMBILO,101583-3,public,Iringa,Iringa MC,-7.78587,35.74144,shighland
IGUMBIRO,124063-9,public,Morogoro,Ulanga DC,-8.35408,36.67047,coastal
IGUMO,101585-8,public,Tabora,Igunga DC,-4.576971,33.462839,central
IGUNDA,109934-0,public,Songwe,Mbozi DC,-9.021314,33.030927,shighland
IGUNDA,101586-6,public,Shinyanga,Ushetu DC,-3.97723,32.40285,lake
IGUNDU,101588-2,public,Mbeya,Chunya DC,-8.505402,33.539639,shighland
IGUNDU,101587-4,public,Mara,Bunda DC,-2.07092,33.3592,lake
IGUNGA,112114-4,public,Dodoma,Chemba DC,-5.04619,36.02897,central
IGUNGA CHF,101590-8,public,Tabora,Igunga DC,-4.283803,33.885436,central
Igunga DC,124829-3,public,Tabora,Igunga DC,,,central
IGUNGULI,101592-4,public,Tabora,Urambo DC,-4.81306,32.07601,central
IGUNGULI,114933-5,public,Dodoma,Chamwino DC,-6.86693,36.01121,central
IGUNYA,101593-2,public,Simiyu,Maswa DC,-2.89007,33.55495,lake
IGURUBI,101594-0,public,Tabora,Igunga DC,-3.99529,33.7074,central
IGURUSI,101595-7,public,Mbeya,Mbarali DC,-8.82448,33.8518,shighland
IGURWA,120893-3,public,Kagera,Karagwe DC,,,lake
IGUSULE,101596-5,public,Tabora,Nzega DC,-3.94915,32.8572,central
IGWACHANYA,101597-3,private,Njombe,Wanging'ombe DC,-9.06211,34.64546,shighland
IGWAMADETE,101598-1,public,Singida,Manyoni DC,-6.40926,35.1142,central
IGWAMANONI,123922-7,public,Shinyanga,Msalala DC,-3.27084,32.42475,lake
IGWAMANONI,101599-9,public,Shinyanga,Ushetu DC,-3.81917,32.2798,lake
IGWAMANONI,121594-6,public,Shinyanga,Ushetu DC,-3.48121,32.16212,lake
IGWANZOZU,115212-3,public,Mwanza,Buchosa DC,-2.56234,32.45556,lake
IGWISI,101600-5,public,Tabora,Kaliua DC,-4.918523001,31.900047001,central
IHAHI,101602-1,public,Mbeya,Mbarali DC,-8.790693,34.083233,shighland
IHALIMBA,112017-9,public,Iringa,Mufindi DC,-8.26022,35.54225,shighland
IHALO,101603-9,public,Shinyanga,Shinyanga DC,-3.735911,33.022287,lake
IHANDA,101606-2,public,Songwe,Mbozi DC,-9.17193,32.87333,shighland
IHANDA,101605-4,public,Dodoma,Kongwa DC,-6.24322,36.71245,central
IHANGA,101609-6,private,Njombe,Njombe TC,-9.43151,35.14898,shighland
IHANGA,101607-0,public,Geita,Chato DC,-2.954371,31.639281,lake
IHANGA,101608-8,private,Njombe,Makete DC,,,shighland
IHANGA,114173-8,public,Morogoro,Ifakara TC,-8.09307,36.597,coastal
IHANGA,114737-0,public,Njombe,Njombe TC,-9.43434,35.16022,shighland
IHANJA,101610-4,public,Njombe,Wanging'ombe DC,-9.091102,34.659443,shighland
IHANJA,101611-2,public,Singida,Ikungi DC,-5.04446,34.67889,central
IHANZUTWA,101612-0,public,Iringa,Mufindi DC,-8.17373,34.99905,shighland
IHAPA,110863-8,public,Shinyanga,Shinyanga MC,-3.55151,33.41688,lake
IHAPULA,111090-7,public,Shinyanga,Ushetu DC,-3.88784,32.24831,lake
IHARARA,123408-7,public,Mara,Serengeti DC,-2.01083,34.33579,lake
IHAWAGA,111163-2,public,Iringa,Mufindi DC,-8.80649,34.9765,shighland
IHAYABUYAGA,101614-6,public,Mwanza,Magu DC,-2.54702,33.11741,lake
IHEGA,101615-3,private,Geita,Geita DC,-3.21015,32.32518,lake
IHEHA,121454-3,public,Mbeya,Mbarali DC,-8.76689,33.75227,shighland
IHELA,113149-9,public,Njombe,Makete DC,-9.33719,34.22653,shighland
IHELELE,111870-2,public,Mwanza,Misungwi DC,-3.033532,32.778146,lake
IHEMBE,101616-1,public,Kagera,Karagwe DC,-1.73013,31.1329,lake
IHEMBE II,112067-4,public,Kagera,Karagwe DC,-1.7123,31.1614,lake
IHEMI,101617-9,public,Iringa,Iringa DC,-8.01552,35.49462,shighland
IHIMBO,109984-5,public,Iringa,Mufindi DC,-8.46018,35.8653,shighland
IHIMBO,101618-7,private,Iringa,Kilolo DC,-7.91394,35.81413,shighland
IHOMASA,101619-5,public,Iringa,Iringa DC,-8.10825,35.16208,shighland
Ihombwe,111049-3,public,Morogoro,Kilosa DC,-7.28537,36.92231,coastal
IHONGOLE,101620-3,public,Iringa,Mafinga TC,-8.27829,35.27839,shighland
IHOWA,110741-6,public,Songwe,Mbozi DC,-9.03684,33.10531,shighland
IHOWANJA,123928-4,private,Morogoro,Malinyi DC,,,coastal
IHOWANJA,101621-1,public,Morogoro,Malinyi DC,-9.091278,36.0093,coastal
IHOWANZA,101622-9,public,Iringa,Mufindi DC,-8.57039,34.76864,shighland
IHUGI,101623-7,public,Shinyanga,Shinyanga DC,-3.67799,33.01915,lake
Ihumwa,101624-5,public,Dodoma,Dodoma CC,-6.16667,35.8833,central
Ihumwa JWTZ,101625-2,public,Dodoma,Dodoma CC,-6.14807,35.87883,central
IHUNGO SEC. SCHOOL,101627-8,public,Kagera,Bukoba MC,-1.30346,31.813237,lake
IHUSI,101628-6,public,Simiyu,Bariadi DC,-2.5861,34.25456,lake
IJA,101629-4,public,Tanga,Lushoto DC,-4.81373,38.29588,coastal
IJANIJA,101631-0,public,Tabora,Nzega TC,-4.20845,33.30281,central
IJAVA,101632-8,private,Morogoro,Gairo DC,-6.02209,37.15262,coastal
IJIHA,101633-6,public,Simiyu,Busega DC,-2.43772,33.52412,lake
IJINGA,101634-4,public,Mwanza,Magu DC,-2.51014,33.34955,lake
IJOKA,122301-5,public,Mbeya,Busokelo DC,-9.17117,33.81404,shighland
IJUGANYONDO,101636-9,public,Kagera,Bukoba MC,-1.36653,31.793736,lake
IJUMBI,121781-9,public,Kagera,Muleba DC,-1.70854,31.62871,lake
IKAANAMI,122667-9,private,Tanga,Korogwe DC,-5.09015,38.39714,coastal
IKALANGA,122318-9,public,Geita,Bukombe DC,-3.62419,32.06107,lake
IKAMA,101637-7,public,Mbeya,Busokelo DC,-9.26181,33.82516,shighland
IKAMA,101638-5,public,Mbeya,Kyela DC,-9.52616,33.88389,shighland
IKAMA KATUMBA,101639-3,public,Mbeya,Rungwe DC,-9.21826,33.65673,shighland
IKANA,101640-1,public,Songwe,Momba DC,-8.987247,32.413583,shighland
IKANAMALENGA,123060-6,public,Singida,Itigi DC,-5.58101,34.32808,central
IKANDO,121296-8,public,Njombe,Njombe DC,-9.16186,34.83859,shighland
IKANG'ASI,101642-7,public,Njombe,Njombe DC,-9.348999,35.348994,shighland
IKANGALA,114878-2,public,Geita,Nyang'hwale DC,-6.45678,32.45636,lake
IKANUTWA,111722-5,public,Mbeya,Mbarali DC,-8.5993815,34.4046077,shighland
IKASI,101643-5,public,Singida,Manyoni DC,-6.27831,35.2032,central
IKELU,122612-5,public,Njombe,Makambako TC,-8.96013,34.82034,shighland
IKENGELE,112362-9,public,Mwanza,Magu DC,-2.56676,33.13572,lake
IKENGEZA,101645-0,public,Iringa,Iringa DC,-7.49538,35.69905,shighland
IKHANODA,101646-8,public,Singida,Singida DC,-4.59247,34.94807,central
IKHOHO,101647-6,public,Mbeya,Mbeya DC,-8.926536,33.645705,shighland
IKIMILINZOWO,109766-6,public,Iringa,Mufindi DC,-8.74121,34.9355,shighland
IKINDA,114779-2,public,Shinyanga,Msalala DC,-3.3849967,32.31844,lake
IKINDILO,101648-4,public,Simiyu,Itilima DC,-2.84124,34.15954,lake
IKINDWA,101649-2,public,Tabora,Nzega DC,-4.135222,32.883116,central
IKINGA,111763-9,public,Songwe,Ileje DC,-9.47382,33.66896,shighland
IKISA,113836-1,public,Njombe,Njombe TC,-9.45812,34.79711,shighland
IKIWU,101650-0,public,Singida,Singida DC,-4.61379,34.80099,central
IKIZU,101652-6,public,Mara,Bunda DC,-1.90469,34.0215,lake
IKIZU,122766-9,private,Geita,Nyang'hwale DC,,,lake
IKOGA MPYA,101655-9,public,Mbeya,Mbarali DC,-8.2034,34.84099,shighland
IKOKOTO,101656-7,public,Iringa,Kilolo DC,-7.68048,36.12744,shighland
Ikola,101657-5,public,Katavi,Tanganyika DC,-6.73947,30.40773,shighland
IKOLO,101658-3,public,Singida,Mkalama DC,-4.30558,34.70508,central
IKOLO,101659-1,public,Mbeya,Kyela DC,-9.648797,33.891942,shighland
IKOLONGO,101660-9,public,Katavi,Nsimbo DC,-6.26115,31.1726,shighland
IKOMA,101661-7,public,Mara,Rorya DC,-1.19741,34.3452,lake
IKOMBE,101662-5,public,Mbeya,Kyela DC,-9.517805,34.064129,shighland
Ikombo,109666-8,public,Dodoma,Chamwino DC,-5.722259,36.084373,central
Ikombolinga,101663-3,public,Dodoma,Chamwino DC,-6.486684,35.958748,central
IKOMELA,109958-9,public,Songwe,Mbozi DC,-9.161569,32.920189,shighland
IKOMWA,101664-1,public,Tabora,Tabora MC,-4.73001,32.7966,central
IKONDA,101666-6,public,Shinyanga,Kishapu DC,-3.70176,33.72435,lake
IKONDA,101665-8,public,Shinyanga,Shinyanga DC,-3.89934,33.44312,lake
IKONDAMOYO,115033-3,public,Katavi,Nsimbo DC,-6.3961,31.31298,shighland
IKONDO,101668-2,public,Njombe,Njombe DC,-9.081191,35.237702,shighland
IKONGOLO,101669-0,public,Tabora,Uyui DC,-4.85527,32.91111,central
IKONGOSI,101670-8,public,Iringa,Mufindi DC,-8.37603,35.3888,shighland
IKONYA,101672-4,public,Songwe,Mbozi DC,-8.81261,32.76412,shighland
Ikowa,101673-2,public,Dodoma,Chamwino DC,-6.227441,36.149142,central
Ikozi,101674-0,public,Rukwa,Sumbawanga DC,-8.39229,31.8926,shighland
IKUBULU,115329-5,public,Kigoma,Uvinza DC,-6.06849,30.16894,central
IKUINI,101675-7,public,Kilimanjaro,Rombo DC,-3.1815,37.650796,northern
IKUKA,123573-8,public,Iringa,Kilolo DC,-7.65656,36.09936,shighland
IKUKWA,101676-5,public,Mbeya,Mbeya DC,-8.757262,33.288657,shighland
IKULA,101677-3,public,Iringa,Kilolo DC,-7.62929,36.49791,shighland
IKULE,111056-8,public,Morogoro,Mlimba DC,-8.40211,36.02032,coastal
IKULU CHAMWINO,124959-8,public,Dodoma,Chamwino DC,-6.09856,36.03796,central
IKULWA,113904-7,public,Geita,Geita TC,-2.94012,32.29832,lake
IKULWE,110090-8,public,Katavi,Mpimbwe DC,-7.26539,31.45479,shighland
IKUMBILO,101682-3,public,Songwe,Ileje DC,-9.393438,33.043627,shighland
IKUNA,109783-1,public,Njombe,Njombe DC,-9.167715,34.944071,shighland
IKUNA,101683-1,private,Njombe,Njombe DC,-9.15756,34.92371,shighland
IKUNGI,101684-9,public,Singida,Ikungi DC,-5.14214,34.77273,central
Ikungi DC,124815-2,public,Singida,Ikungi DC,,,central
IKUNGU,101685-6,public,Lindi,Nachingwea DC,-10.27719,38.7654,southern
IKUNGUIGAZI,101686-4,public,Geita,Mbogwe DC,-3.23679,31.9269,lake
IKUNGUIGAZI,109760-9,public,Geita,Mbogwe DC,-3.25219,31.97412,lake
IKUNGUIPINA,101687-2,public,Tabora,Igunga DC,-4.439889,33.363114,central
IKUNGULIPU,113106-9,public,Simiyu,Itilima DC,-2.92043,33.99688,lake
IKUNGULYABASHASHI,101688-0,public,Simiyu,Bariadi DC,-2.60944,33.94662,lake
IKUNGULYAMBESHI,108781-6,public,Simiyu,Bariadi DC,-2.57982,33.72621,lake
IKUNGULYANDILI,108832-7,public,Simiyu,Bariadi DC,-2.58495,34.11266,lake
IKUNGULYANKOMA,101690-6,public,Simiyu,Maswa DC,-3.11358,34.12969,lake
IKUNGWE,109735-1,public,Iringa,Iringa DC,-8.18577,35.19242,shighland
IKUNYU,101692-2,public,Kagera,Bukoba DC,-1.50718,31.5718,lake
IKUTI,101693-0,public,Mbeya,Rungwe DC,-9.29796,33.53196,shighland
IKUWO,101694-8,public,Njombe,Makete DC,-9.01511,34.0449,shighland
IKUYU,101695-5,public,Dodoma,Mpwapwa DC,-6.79754,36.38928,central
IKUZA GOVT,114380-9,public,Kagera,Muleba DC,-2.1735,31.750713,lake
IKUZI,101696-3,public,Geita,Bukombe DC,-3.38463,31.5851,lake
IKWAMBA,121783-5,public,Morogoro,Gairo DC,-6.35187,36.91268,coastal
IKWAMBI,112023-7,public,Morogoro,Mlimba DC,-8.295306,36.345527,coastal
IKWEHA,101698-9,public,Iringa,Mufindi DC,-8.35574,34.8521,shighland
IKWETE,115246-1,public,Njombe,Makambako TC,-8.89291,34.76835,shighland
IKWIRIRI,101701-1,private,Pwani,Rufiji DC,-7.952712,38.978004,coastal
ILABIRO,121344-6,public,Kigoma,Kakonko DC,-3.45169,30.67546,central
ILAGAJA,122966-5,public,Tabora,Nzega DC,-4.31561,33.13341,central
ILAGALA,101703-7,public,Kigoma,Uvinza DC,-5.20008,29.835,central
ILAGALA PRISON,101702-9,public,Kigoma,Uvinza DC,-5.177094,29.830549,central
ILAKOZE,121802-3,private,Kigoma,Buhigwe DC,-4.545405,29.903484,central
ILALA AFYA,124130-6,private,Dar Es Salaam,Ilala MC,-6.82755,39.26039,coastal
ILALA AFYA CENTRE,112143-3,private,Dar Es Salaam,Ilala MC,-6.82755,39.26039,coastal
ILALA EYE CENTRE,112769-5,private,Dar Es Salaam,Ilala MC,-6.82899,39.25465,coastal
Ilala MC,124648-7,public,Dar Es Salaam,Ilala MC,,,coastal
ILALABWE,101705-2,public,Mbeya,Rungwe DC,-9.230594,33.565254,shighland
ILALANGULU,101707-8,public,Katavi,Mpimbwe DC,-7.104001,31.1644001,shighland
ILALANGURU,101706-0,public,Kigoma,Uvinza DC,-4.99002,31.11038,central
ILALASIMBA,101708-6,public,Iringa,Iringa DC,-7.77389,35.49609,shighland
ILAMATA,101709-4,public,Simiyu,Maswa DC,-3.11345,33.63135,lake
ILAMBAMBASA,101710-2,public,Simiyu,Maswa DC,-3.14953,34.10192,lake
ILAMBILA,101711-0,public,Rukwa,Kalambo DC,-8.52189,31.5996,shighland
ILAMBILOLE,101712-8,public,Iringa,Iringa DC,-7.58491,35.869,shighland
ILAMBO,115132-3,public,Rukwa,Sumbawanga DC,-8.29403,32.36258,shighland
ILAMBO,101713-6,public,Iringa,Kilolo DC,-7.38233,36.1642,shighland
ILANDUTWA,101714-4,public,Iringa,Iringa DC,-8.11293,35.59285,shighland
ILANGA,110822-4,public,Rukwa,Sumbawanga DC,-8.153901,32.340734,shighland
ILANGA,111758-9,public,Songwe,Ileje DC,-9.32118,33.08541,shighland
ILANGALA MEDICAL,123253-7,private,Mwanza,Ukerewe DC,-1.91528,32.91023,lake
ILANGALE,109139-6,public,Geita,Mbogwe DC,-3.65135,32.10707,lake
ILANGALI,101716-9,public,Dodoma,Chamwino DC,-6.87245,35.087,central
ILANGO,101717-7,public,Rukwa,Kalambo DC,-8.51399,31.67028,shighland
ILANGU,101718-5,public,Katavi,Tanganyika DC,-5.55947,30.37648,shighland
ILASI,101719-3,private,Songwe,Mbozi DC,-9.11126,32.9372,shighland
ILASILO,114152-2,public,Songwe,Songwe DC,-8.63059,33.03154,shighland
ILAWA,101721-9,public,Njombe,Ludewa DC,,,shighland
ILAZO,123648-8,public,Dodoma,Dodoma CC,-6.04961,35.77752,central
ILBORU,101722-7,private,Arusha,Arusha DC,-3.35361,36.68923,northern
ILBORU,113650-6,private,Arusha,Arusha DC,-3.35787,36.69103,northern
ILBORU SECONDARY,121490-7,public,Arusha,Arusha DC,-3.34715,36.68728,northern
ILEBELEBE,101723-5,public,Shinyanga,Kishapu DC,-3.88251,33.51672,lake
ILEGE,120678-8,public,Tabora,Kaliua DC,-4.46457,32.32089,central
ILEJE,101724-3,public,Songwe,Ileje DC,-9.45267,33.183297,shighland
Ileje DC,124823-6,public,Songwe,Ileje DC,,,shighland
ILEKANILO,108477-1,public,Mwanza,Sengerema DC,-2.623741,32.745151,lake
ILELA,101725-0,public,Ruvuma,Mbinga DC,-11.158436,34.868484,shighland
ILELA,101726-8,public,Katavi,Mlele DC,-6.813842,32.089999,shighland
ILELA,114474-0,public,Njombe,Ludewa DC,-10.49868,34.59982,shighland
ILELA,123544-9,private,Shinyanga,Kahama MC,-3.83518,32.58059,lake
ILELAMHINA,124466-4,public,Tabora,Nzega DC,-4.88903,33.10228,central
Ilemba,101728-4,public,Rukwa,Sumbawanga DC,-8.252542,31.984828,shighland
Ilembo,101730-0,public,Rukwa,Sumbawanga DC,-8.39329,31.8171,shighland
ILEMBO,101731-8,public,Mbeya,Mbeya DC,-9.203475,33.354583,shighland
ILEMBULA,101732-6,private,Njombe,Wanging'ombe DC,-8.89859,34.57875,shighland
ILEMBULA,114397-3,public,Njombe,Wanging'ombe DC,-8.88963,34.58756,shighland
ILEMELA,101734-2,public,Geita,Chato DC,-2.62624,31.65726,lake
ILEMELA,101733-4,public,Mwanza,Ilemela MC,-2.454606,32.912918,lake
Ilemela MC,124762-6,public,Mwanza,Ilemela MC,,,lake
ILEMERA,101735-9,public,Kagera,Muleba DC,-1.93494,31.63302,lake
ILEMERA ELCT,101736-7,private,Kagera,Muleba DC,-1.95081,31.62475,lake
ILEMI,120928-7,public,Mbeya,Mbeya CC,-8.88301,33.46374,shighland
ILENGE,122349-4,public,Mbeya,Rungwe DC,-9.20814,33.54055,shighland
ILENGITITU,114092-0,public,Njombe,Njombe DC,-9.04463,34.94612,shighland
ILERA,101737-5,public,Manyara,Kiteto DC,-5.34409,36.44626,northern
Ilevelo,113146-5,public,Njombe,Makete DC,-9.34591,34.14425,shighland
ILEWELO,109576-9,public,Dodoma,Chamwino DC,-6.771502,35.845672,central
ILEYA,101738-3,public,Mbeya,Mbeya DC,-8.757195,33.455758,shighland
ILEYA,109542-1,public,Songwe,Songwe DC,-8.661837,33.182452,shighland
ILEZA,113810-6,public,Songwe,Songwe DC,-8.60173,32.91134,shighland
ILIGAMBA,101739-1,public,Mwanza,Buchosa DC,-2.34736,32.20482,lake
ILIMA,101740-9,public,Mbeya,Rungwe DC,-9.43881,33.68456,shighland
Ilindi,101741-7,public,Dodoma,Bahi DC,-5.948311,35.542796,central
ILINDI,112164-9,public,Shinyanga,Kahama MC,-3.8701,32.62121,lake
ILINDI,101742-5,public,Mbeya,Mbeya DC,-9.081132,33.327233,shighland
ILINDI,124079-5,public,Mbeya,Mbarali DC,-8.62312,33.76513,shighland
ILININDA,101743-3,public,Njombe,Ludewa DC,-9.773661,34.847081,shighland
ILKERIN,121773-6,public,Arusha,Arusha DC,-3.37448,36.57251,northern
ILKIRIMUNI,114863-4,public,Arusha,Meru DC,-3.17125,36.90639,northern
ILKREVI,101745-8,public,Arusha,Arusha DC,-3.37545,36.68302,northern
ILKUROT,121897-3,public,Arusha,Arusha DC,-3.21224,36.62733,northern
ILOBASHI,101747-4,public,Shinyanga,Shinyanga DC,-3.81119,33.42963,lake
ILOGI,123602-5,public,Shinyanga,Msalala DC,-3.53836,32.26464,lake
ILOGOMBE,101748-2,public,Iringa,Mufindi DC,-8.32854,35.8178,shighland
ILOLA,101749-0,public,Shinyanga,Shinyanga DC,-3.75087,33.0513,lake
ILOLANGULU,101751-6,public,Geita,Mbogwe DC,-3.29978,32.07825,lake
ILOLANGULU,101750-8,public,Tabora,Uyui DC,-5.09457,32.6339,central
ILOLANGULU,122696-8,public,Tabora,Uyui DC,-5.09453,32.63462,central
ILOLO,101752-4,public,Mbeya,Rungwe DC,-9.174296,33.58501,shighland
ILOLO,123319-6,public,Dodoma,Chamwino DC,-6.31259,35.87229,central
ILOLO MPYA,101754-0,public,Iringa,Iringa DC,-7.45384,35.48092,shighland
ILOMBA,109510-8,public,Mbeya,Mbeya DC,,33.343178,shighland
ILOMBA,101756-5,public,Songwe,Mbozi DC,-9.164956,33.205262,shighland
ILOMOS,112992-3,private,Rukwa,Sumbawanga DC,-8.56606,32.04139,shighland
ILONGA,101758-1,public,Morogoro,Ulanga DC,-9.05549,36.83124,coastal
ILONGA,120639-0,public,Morogoro,Kilosa DC,-6.75333,37.05043,coastal
Ilonga,101757-3,public,Morogoro,Kilosa DC,-6.7746,37.03793,coastal
ILONGERO,101761-5,public,Singida,Singida DC,-4.66653,34.87204,central
ILONGO,101762-3,public,Mbeya,Mbarali DC,-8.7948,33.7089,shighland
ILONGO,101763-1,public,Singida,Mkalama DC,-4.07116,34.62797,central
ILOPA,101764-9,public,Mbeya,Kyela DC,-9.534972,33.928228,shighland
ILORIENITO,101765-6,public,Arusha,Longido DC,-2.87732,36.18516,northern
ILULA,101766-4,public,Mwanza,Kwimba DC,-3.26035,33.3419,lake
ILULA,101768-0,private,Iringa,Kilolo DC,-7.66368,36.05037,shighland
ILULA,120793-5,public,Iringa,Kilolo DC,-7.67049,36.07476,shighland
ILULA MWAYA,101769-8,private,Iringa,Kilolo DC,-7.68777,36.03482,shighland
ILULA WELLNESS,111542-7,private,Iringa,Kilolo DC,-7.67916,36.03926,shighland
ILULU,120376-9,private,Dodoma,Chemba DC,-5.16193,35.29838,central
ILULU,121264-6,private,Lindi,Nachingwea DC,-10.37129,38.76267,southern
ILUMBA,101771-4,public,Mwanza,Kwimba DC,-2.93665,33.4095,lake
ILUNDA,114060-7,public,Singida,Mkalama DC,-4.45234,34.42331,central
ILUNDE,113381-8,public,Katavi,Mlele DC,,,shighland
ILUNDO,109300-4,public,Mbeya,Rungwe DC,-9.16344,33.55803,shighland
ILUNGU,101775-5,public,Njombe,Makete DC,-9.503776,34.364208,shighland
ILUNGU,101774-8,public,Mbeya,Mbeya DC,-8.94249,33.76195,shighland
ILUNGU,114582-0,public,Mwanza,Magu DC,-2.58842,33.38382,lake
ILYAMCHELE,115179-4,public,Mwanza,Buchosa DC,-2.36727,32.29372,lake
ILYAMCHELE,109718-7,public,Geita,Chato DC,-2.74155,31.61503,lake
IMADE,122285-0,private,Dar Es Salaam,Ubungo MC,-6.48198,39.03727,coastal
IMAGE,121134-1,private,Dodoma,Mpwapwa DC,,,central
IMAGE,101778-9,public,Njombe,Njombe DC,-9.192428,35.100083,shighland
IMAGE NO. 8,101779-7,private,Iringa,Kilolo DC,-7.59957,36.10282,shighland
IMALAKASEKO,101782-1,public,Tabora,Uyui DC,-5.25515,33.1035,central
IMALAMAKOYE,114956-6,public,Tabora,Urambo DC,-5.61726,32.42703,central
IMALAMIHAYO,109800-3,public,Tabora,Tabora MC,-4.96433,32.88211,central
IMALAMIHAYO,101783-9,public,Tabora,Kaliua DC,-5.0155,31.8592,central
IMALAMPAKA,110900-8,public,Tabora,Kaliua DC,-4.948268,31.732557,central
IMALAMPAKA,101784-7,private,Tabora,Sikonge DC,-5.81022,32.9238,central
IMALANGUZU,101785-4,public,Tabora,Igunga DC,-4.12021,33.80187,central
IMALASEKO,101786-2,public,Simiyu,Meatu DC,-3.7226,34.09857,lake
IMALAUPINA,101787-0,public,Tabora,Kaliua DC,-5.157219,31.797484,central
IMALILO,101788-8,public,Tabora,Igunga DC,-4.03821,33.52276,central
IMALILO,101790-4,public,Simiyu,Bariadi TC,-2.85536,33.97102,lake
IMALILO,101789-6,public,Njombe,Wanging'ombe DC,-9.200361,34.40919,shighland
IMALILO SONGWE,109511-6,public,Mbeya,Mbarali DC,-8.61328,34.25666,shighland
IMALINYI,101792-0,public,Njombe,Wanging'ombe DC,-9.191441,34.626722,shighland
IMAM MAHDI,100091-8,private,Pwani,Kibiti DC,-7.72273,38.93851,coastal
IMAN,120738-0,private,Dar Es Salaam,Ilala MC,,,coastal
IMANI,113139-0,private,Singida,Mkalama DC,-4.56755,34.62489,central
IMANI,112877-6,private,Geita,Geita DC,-2.50548,32.01225,lake
IMANI,112740-6,private,Morogoro,Morogoro MC,-6.7311,37.65075,coastal
IMANI,113028-5,private,Kigoma,Kigoma Ujiji MC,-4.88311,29.65265,central
IMANI,114845-1,private,Kilimanjaro,Siha DC,,,northern
IMANI,122189-4,private,Geita,Bukombe DC,-3.2349,31.27055,lake
IMANI,120448-6,private,Morogoro,Morogoro MC,-6.70076,37.6386,coastal
IMANI,112712-5,private,Morogoro,Morogoro MC,,,coastal
IMANI,101794-6,private,Shinyanga,Shinyanga MC,-3.67179,33.42085,lake
IMANI,115267-7,private,Dodoma,Dodoma CC,-6.20256,35.72878,central
IMANI,120395-9,private,Mtwara,Mtwara MC,,,southern
IMANI,121613-4,private,Mwanza,Ilemela MC,,,lake
Imani,121919-5,private,Dodoma,Chamwino DC,,,central
IMANI HEALTH CARE,122794-1,private,Shinyanga,Msalala DC,,,lake
IMANI HEALTH CARE,124037-3,private,Mwanza,Nyamagana MC,-2.54668,32.98282,lake
IMANI HOMBOLO,123271-9,private,Dodoma,Dodoma CC,-5.95509,35.97232,central
IMANI MEDICAL HEALTH LABORATOEY,121120-0,private,Morogoro,Ifakara TC,,,coastal
IMARA,124586-9,private,Dar Es Salaam,Kinondoni MC,-6.63649,39.16245,coastal
IMARA LIFE CARE,124854-1,private,Dar Es Salaam,Kinondoni MC,-6.18234,39.27151,coastal
IMBASENYI,123445-9,public,Arusha,Meru DC,-3.34549,36.90155,northern
IMBIBIA,101800-1,public,Arusha,Arusha DC,-3.265367,36.56532,northern
IMBILILI,124188-4,public,Manyara,Babati TC,-4.15944,35.69583,northern
IMECC COMPANY LIMITED,101801-9,private,Iringa,Iringa MC,-7.77453,35.69962,shighland
IMEHE,113212-5,public,Njombe,Makete DC,-9.33881,34.10679,shighland
IMEKUWA,101802-7,public,Mtwara,Mtwara DC,-10.21407,40.05,southern
IMEZU,114719-8,public,Mbeya,Mbeya DC,-8.868132,33.620229,shighland
IMMA,113280-2,private,Pwani,Bagamoyo DC,-6.44336,38.90743,coastal
IMMACULATE HEART SISTERS KITENGA,121084-8,private,Mara,Tarime DC,-1.277361,34.25007,lake
IMPERIAL,120475-9,private,Pwani,Chalinze DC,-6.62974,38.28939,coastal
IMPILO,120400-7,private,Dar Es Salaam,Kigamboni MC,,,coastal
IMRAN'S,121230-7,private,Dar Es Salaam,Ilala MC,-6.80386,39.28601,coastal
IMTU,101805-0,private,Dar Es Salaam,Kinondoni MC,-6.71129,39.20972,coastal
INALA,101806-8,public,Mwanza,Kwimba DC,-2.70772,33.29633,lake
INALA,124607-3,private,Tabora,Tabora MC,-5.04688,32.84458,central
INALO,122868-3,public,Simiyu,Itilima DC,-2.91173,33.93071,lake
INFECTIOUS DISEASE CENTER,101808-4,public,Dar Es Salaam,Ilala MC,-6.82372,39.28492,coastal
INGONYEKI NAHIPA,124031-6,private,Manyara,Kiteto DC,-5.55808,36.56255,northern
INIHO,101811-8,public,Njombe,Makete DC,-9.27137,34.0228,shighland
INKU,122115-9,private,Tanga,Kilindi DC,-5.43257,37.57362,coastal
INSIGHT VISION  CENTRE,114186-0,private,Dar Es Salaam,Ilala MC,-6.81751,39.28898,coastal
INSPIRE MEDICAL SERVICES,112448-6,private,Shinyanga,Shinyanga MC,-3.6644153,33.4006869,lake
INTEGRAL MEDICINE,120333-0,private,Dar Es Salaam,Kinondoni MC,,,coastal
INTERNATIONAL EYE,112364-5,private,Dar Es Salaam,Kinondoni MC,-6.7785,39.25769,coastal
INTERNATIONAL OPTICA,112730-7,private,Dar Es Salaam,Ilala MC,-6.822162,39.283657,coastal
INUKA REHABILITATION CENTRE,111932-0,private,Njombe,Wanging'ombe DC,-8.854156,34.62751,shighland
INYALA,111835-5,public,Geita,Geita DC,-2.9531,31.94898,lake
INYONGA,101817-5,public,Katavi,Mlele DC,-6.76288,32.0529,shighland
INZOMVU,101818-3,public,Dodoma,Mpwapwa DC,-6.48087,36.5739,central
IOM Makere,124595-0,private,Kigoma,Kasulu DC,,,central
Ipala,101819-1,public,Dodoma,Dodoma CC,-6.01667,35.9333,central
IPALAMWA,101820-9,private,Iringa,Kilolo DC,-7.94469,36.10113,shighland
IPANDE,101822-5,public,Mbeya,Kyela DC,-9.490642,33.827537,shighland
IPANDE,101823-3,public,Singida,Itigi DC,-5.79594,34.57513,central
IPANZYA,109939-9,public,Songwe,Mbozi DC,-9.094889,32.775882,shighland
IPAPA,109936-5,public,Songwe,Mbozi DC,-9.10205,32.75121,shighland
IPARAMASA,122369-2,public,Geita,Chato DC,-3.16781,31.87991,lake
IPATA,112445-2,public,Songwe,Momba DC,-8.58712,32.3732,shighland
IPELELE,101826-6,public,Njombe,Makete DC,-9.243361,33.960592,shighland
IPEPO,112232-4,public,Njombe,Makete DC,,,shighland
IPERA,101827-4,public,Dodoma,Mpwapwa DC,-7.11596,36.48875,central
IPILILI,124075-3,public,Tabora,Nzega TC,-4.02297,33.01837,central
IPILILO,101828-2,public,Simiyu,Maswa DC,-3.08093,34.09113,lake
IPILILO,121812-2,private,Shinyanga,Shinyanga DC,-3.3996682,32.889977,lake
IPILIMO,109273-3,public,Iringa,Mufindi DC,-8.77238,35.0112,shighland
IPINDA,101829-0,private,Mbeya,Mbeya CC,-8.91027,33.46217,shighland
IPINDE,101831-6,public,Morogoro,Mlimba DC,-9.08979,35.7011,coastal
IPINGO,101832-4,public,Lindi,Ruangwa DC,-10.4075,39.0065,southern
IPOGOLO,101833-2,public,Iringa,Iringa MC,-7.793893,35.698778,shighland
Ipogolo RC,109554-6,private,Iringa,Iringa MC,-7.79781,35.70082,shighland
IPOLE,101835-7,public,Tabora,Sikonge DC,-5.79014,32.7322,central
IPONJOLA,122348-6,public,Mbeya,Rungwe DC,-9.24576,33.55954,shighland
IPONYA,124859-0,public,Shinyanga,Kahama MC,-3.86614,32.76001,lake
IPONYA,101836-5,public,Geita,Mbogwe DC,-3.71033,32.10254,lake
IPOROTO,109562-9,public,Songwe,Mbozi DC,-8.825852,32.850428,shighland
IPULULU,101838-1,public,Tabora,Uyui DC,-5.247021,32.941791,central
IPUMBULYA,101839-9,public,Tabora,Igunga DC,-4.29161,33.75334,central
IPUMPILA,112176-3,public,Songwe,Momba DC,-9.104452,32.414405,shighland
IPUNGA,101840-7,public,Songwe,Mbozi DC,-9.12796,32.79315,shighland
IPWAGA,101841-5,public,Katavi,Tanganyika DC,-5.6405,30.35635,shighland
IPWANI,101842-3,public,Mbeya,Mbarali DC,-8.66616,34.6616,shighland
IPYANA,101843-1,public,Songwe,Mbozi DC,-9.061102,33.170573,shighland
IRAGUA,122837-8,public,Morogoro,Ulanga DC,-8.50426,36.53144,coastal
IRAGUA,101844-9,public,Morogoro,Ulanga DC,-8.52954,36.51198,coastal
IRAGUA R.C,101845-6,private,Morogoro,Ulanga DC,-8.54324,36.5187,coastal
IRAMBA,101848-0,public,Mara,Serengeti DC,-1.695331,34.286046,lake
IRAMBA,101847-2,public,Mara,Bunda DC,-1.97744,33.3989,lake
IRAMBA,109841-7,public,Iringa,Mufindi DC,-8.71596,34.9098,shighland
Iramba,121888-2,private,Singida,Iramba DC,,,central
Iramba DC,124816-0,public,Singida,Iramba DC,,,central
IRAMBANDOGO,109340-0,public,Simiyu,Meatu DC,-3.53685,34.52528,lake
IRAMBO,101850-6,public,Mbeya,Mbeya DC,-8.937659,33.681499,shighland
IRDP,111126-9,public,Dodoma,Dodoma CC,-6.122704,35.745145,central
IRENE KILIMAHEWA,101852-2,private,Pwani,Mkuranga DC,-7.37337,39.08953,coastal
IRENTE,111922-1,public,Tanga,Lushoto DC,-4.83439,38.32823,coastal
IRENZA,115166-1,public,Mwanza,Buchosa DC,-2.40036,32.33541,lake
IRINDI,101853-0,public,Iringa,Kilolo DC,-7.56186,36.24714,shighland
Iringa DC,124670-1,public,Iringa,Iringa DC,,,shighland
Iringa Lutheran,121672-0,private,Iringa,Iringa MC,,,shighland
Iringa MC,124671-9,public,Iringa,Iringa MC,,,shighland
Iringa Mvumi,101856-3,public,Dodoma,Chamwino DC,-6.482167,35.925108,central
IRINGA OPTICAL SHOP,112950-1,private,Iringa,Iringa MC,,,shighland
IRINGO,101858-9,public,Mara,Musoma MC,-1.499819,33.808302,lake
IRIOKO,122096-1,private,Singida,Ikungi DC,,,central
IRISYA,101859-7,public,Singida,Ikungi DC,-4.67788,34.59324,central
IRISYA,122245-4,public,Singida,Ikungi DC,-4.41049,34.37648,central
IRKASWA,101860-5,public,Arusha,Longido DC,-2.86618,37.3264,northern
IRKIUSHIOIBOR,101744-1,public,Manyara,Kiteto DC,-4.79417,36.38869,northern
IRKUJITI,120662-2,public,Manyara,Simanjiro DC,-4.65581,37.4937,northern
IROLE,101863-9,private,Iringa,Kilolo DC,-7.73041,35.85453,shighland
IROLE GOVT,120791-9,public,Iringa,Kilolo DC,-7.71982,35.84676,shighland
IRUGWA,101864-7,public,Mwanza,Ukerewe DC,-1.73136,33.35865,lake
IRUSIM MEDICAL LABORATORY,123267-7,private,Ruvuma,Tunduru DC,-10.87683,37.65426,shighland
ISABA,109419-2,public,Mara,Butiama DC,-1.66355,33.88346,lake
ISABILO,122449-2,public,Geita,Geita DC,-2.87535,32.22589,lake
ISACK,120647-3,private,Pwani,Chalinze DC,-6.628368,38.268635,coastal
Isagehe,101866-2,public,Shinyanga,Kahama MC,-3.90842,32.76879,lake
ISAGENHE,101867-0,public,Tabora,Nzega DC,-4.34118,32.8949,central
ISAGWA,101868-8,public,Iringa,Kilolo DC,-7.83511,36.11444,shighland
ISAKA STATION,123601-7,public,Shinyanga,Msalala DC,-3.53848,32.56993,lake
ISAKAMALIWA,101871-2,public,Tabora,Igunga DC,-4.072373,34.043974,central
ISALALO,101872-0,public,Songwe,Mbozi DC,-9.02753,32.74731,shighland
ISALAVANU,101873-8,public,Iringa,Mafinga TC,-8.24433,35.21088,shighland
Isale,101874-6,public,Rukwa,Nkasi DC,-7.632708,31.091892,shighland
ISAMBARA,121043-4,public,Kagera,Biharamulo DC,,,lake
ISAMILO,101875-3,public,Mwanza,Misungwi DC,-2.73179,32.94381,lake
ISAMILO,114819-6,public,Mwanza,Nyamagana MC,-2.30441,32.54512,lake
ISAMILO,120785-1,private,Mwanza,Nyamagana MC,-2.514079,32.907901,lake
ISANDULA A,101876-1,public,Songwe,Mbozi DC,-9.22531,32.87588,shighland
ISANDULA B,101877-9,public,Songwe,Mbozi DC,-9.195377,32.934072,shighland
ISANGA,110953-7,public,Simiyu,Maswa DC,-3.25155,33.63381,lake
ISANGA,101878-7,public,Simiyu,Bariadi TC,-2.83461,33.94178,lake
ISANGA,111685-4,public,Songwe,Momba DC,-9.15975,32.51744,shighland
ISANGA,122839-4,public,Mbeya,Mbeya CC,-8.90003,33.45786,shighland
Isanga Prison,101881-1,public,Dodoma,Dodoma CC,-6.17976,35.7078,central
ISANGALA,101882-9,public,Mbeya,Mbeya DC,-8.988462,33.311819,shighland
ISANGATI,101883-7,public,Mbeya,Mbeya DC,-9.074866,33.428915,shighland
ISANGAWANA,120841-2,public,Mbeya,Chunya DC,-7.83294,33.34851,shighland
ISANGE,112231-6,public,Mbeya,Busokelo DC,-9.186,33.82926,shighland
Isangha,101885-2,public,Dodoma,Bahi DC,-6.37873,35.6661,central
ISANGIJO,112363-7,public,Mwanza,Magu DC,-2.55596,33.06565,lake
ISANJU,120704-2,public,Mara,Bunda DC,-2.00168,33.44495,lake
ISANSA,101887-8,public,Songwe,Mbozi DC,-8.91494,32.99572,shighland
ISANZU,101889-4,private,Singida,Mkalama DC,-4.08683,34.7478,central
ISANZU,101888-6,private,Tabora,Nzega DC,-4.26895,33.0803,central
ISANZU,101890-2,public,Songwe,Songwe DC,-8.51626,32.69701,shighland
ISAPULANO,101891-0,public,Njombe,Makete DC,-9.189071,34.059247,shighland
ISEBANDA,101892-8,public,Simiyu,Meatu DC,-3.60403,34.11758,lake
ISEBANDA,112117-7,public,Mwanza,Nyamagana MC,-2.62375,32.99007,lake
ISEBYA,122582-0,public,Geita,Mbogwe DC,-3.23722,32.05532,lake
ISECHE,121541-7,public,Songwe,Songwe DC,-8.28518,33.03016,shighland
ISELE,101895-1,public,Iringa,Kilolo DC,-7.96146,35.93985,shighland
ISELE,108489-6,public,Iringa,Iringa DC,-7.36163,35.43133,shighland
ISENENGEJA,114208-2,public,Mwanza,Misungwi DC,-3.21446,32.84751,lake
ISENGA,111213-5,public,Tabora,Uyui DC,-5.15524,32.64389,central
ISENGA,101897-7,public,Katavi,Tanganyika DC,-5.53721,30.58343,shighland
ISENGULE,111455-2,public,Katavi,Tanganyika DC,-6.72725,30.39466,shighland
ISENGWA,101899-3,private,Simiyu,Meatu DC,-3.46372,34.20035,lake
ISENZANYA,101900-9,public,Songwe,Mbozi DC,-8.79571,32.71506,shighland
ISERESERE,101901-7,public,Mara,Serengeti DC,-1.579779,34.361012,lake
Isesa,101903-3,public,Mwanza,Misungwi DC,-2.9855,32.84793,lake
ISESA,101902-5,public,Rukwa,Sumbawanga MC,-8.0169,31.676673,shighland
ISEVYA,101904-1,public,Tabora,Tabora MC,-5.014012,32.819886,central
ISHENGA,101905-8,public,Singida,Mkalama DC,-4.39467,34.68498,central
ISHENTA,101906-6,public,Songwe,Ileje DC,-9.353532,33.223252,shighland
ISHIHIMULWA,101907-4,public,Tabora,Uyui DC,-4.401121,32.5131,central
ISHILANGA,112837-0,private,Geita,Mbogwe DC,-3.64748,32.16473,lake
ISHINDE,120246-4,private,Kilimanjaro,Same DC,,,northern
ISHINDE,101909-0,public,Kilimanjaro,Same DC,-3.99257,37.70264,northern
ISHINSI,101910-8,public,Singida,Mkalama DC,-4.35319,34.59969,central
ISHISHANGH'OLO,114912-9,public,Mwanza,Sengerema DC,-2.71434,32.55287,lake
ISHOLOLO,122489-8,public,Geita,Bukombe DC,-3.51404,32.01019,lake
ISHOZI,101911-6,public,Kagera,Missenyi DC,-1.15674,31.76817,lake
ISHPONGA,109489-5,public,Manyara,Hanang DC,-4.61171,35.09292,northern
ISIKIZYA,101912-4,public,Tabora,Uyui DC,-4.8643,33.1004,central
ISIKO,112820-6,private,Geita,Geita TC,-2.89943,32.22851,lake
ISIMA,101913-2,public,Geita,Geita DC,-2.84458,31.89713,lake
ISIMIKE,101914-0,public,Njombe,Wanging'ombe DC,-8.720098,34.84635,shighland
ISIMILA,113288-5,private,Dar Es Salaam,Ilala MC,-6.82116,39.26942,coastal
ISINDAGOSI,111936-1,public,Njombe,Wanging'ombe DC,-9.08029,34.714435,shighland
ISIPII,101916-5,public,Iringa,Mufindi DC,-8.58014,35.6434,shighland
ISITU,101917-3,public,Mbeya,Mbarali DC,-8.85471,34.0118,shighland
ISITU,114057-3,public,Njombe,Njombe DC,-9.12882,35.03849,shighland
ISLAMIC CULTURE SCHOOL,101468-7,private,Dar Es Salaam,Ilala MC,-6.827092,39.207248,coastal
ISMANI,101921-5,public,Iringa,Iringa DC,-7.47632,35.80545,shighland
ISMANI LWANG'A,101920-7,private,Iringa,Iringa DC,-7.48116,35.81673,shighland
ISOKO,101922-3,private,Songwe,Ileje DC,-9.48081,33.50019,shighland
ISOLE,101923-1,public,Mwanza,Sengerema DC,-2.839447,32.751015,lake
ISOLIWAYA,101924-9,public,Njombe,Njombe DC,-9.215299,35.199622,shighland
ISOLO,101925-6,public,Mwanza,Magu DC,-2.81383,33.69012,lake
ISOMIA,123034-1,public,Singida,Singida MC,-4.87239,34.59882,central
ISONDA,114870-9,public,Geita,Nyang'hwale DC,-6.45678,38.21455,lake
ISONGO,101926-4,public,Morogoro,Ulanga DC,-8.73116,36.7135,coastal
ISONGOLE,101927-2,public,Songwe,Ileje DC,-9.473844,33.177189,shighland
ISONGOLE,101929-8,public,Mbeya,Rungwe DC,-9.03528,33.6074,shighland
ISONGOLE,114027-6,public,Mbeya,Rungwe DC,-9.04228,33.6121,shighland
ISONGWA,101930-6,public,Tabora,Urambo DC,-5.22153,32.30064,central
ISONSO,101931-4,public,Mbeya,Mbeya DC,-9.313615,33.424214,shighland
ISOWEZYA,114126-6,public,Songwe,Mbozi DC,-8.90863,32.9617,shighland
ISP. ORTHOPAEDICS REHABILITATION SERVICES AND CONSULTANCY LIMITED,112807-3,private,Mwanza,Nyamagana MC,-2.52248,32.90709,lake
ISSECO,101932-2,private,Mara,Serengeti DC,-2.007787,34.343062,lake
ISSEKE,101933-0,public,Singida,Manyoni DC,-6.42847,35.02782,central
ISSENYE GOVT,101934-8,public,Mara,Serengeti DC,-1.990244,34.352392,lake
ISSUNA,101935-5,private,Singida,Ikungi DC,-5.38796,34.75666,central
ISSUNA A,110903-2,public,Singida,Ikungi DC,-5.40843,34.76096,central
IST,101813-4,private,Dar Es Salaam,Kinondoni MC,-6.75895,39.27835,coastal
ISTANBUL HEALTH CARE CENTER,111496-6,private,Pwani,Mkuranga DC,-7.27558,39.13413,coastal
ISTIQAAMA,101936-3,private,Dar Es Salaam,Ubungo MC,-6.80537,39.246403,coastal
ISUGILO,101937-1,public,Tabora,Igunga DC,-4.153001,33.5036001,central
ISULILO,115260-2,public,Simiyu,Maswa DC,-3.12138,33.39514,lake
ISUMBWE,101938-9,public,Katavi,Tanganyika DC,-5.71272,30.50283,shighland
ISUNGA,121920-3,public,Mwanza,Kwimba DC,-2.75402,33.30421,lake
ISUNGANGHOLO,101939-7,public,Shinyanga,Kishapu DC,-3.78854,33.99172,lake
ISUNURA,101941-3,public,Mbeya,Mbarali DC,-8.62823,34.4177,shighland
ISUPILO,101942-1,public,Iringa,Mufindi DC,-8.3375,35.3908,shighland
ISUSUMYA,124211-4,public,Dodoma,Chemba DC,-5.24383,36.24981,central
ISUTO,101940-5,public,Mbeya,Mbeya DC,-9.095239,33.28271,shighland
ISWAGO,112185-4,public,Mbeya,Mbeya DC,-9.135534,33.35882,shighland
ISYAGA,101944-7,public,Morogoro,Ulanga DC,-8.95125,36.71584,coastal
ISYESYE,101945-4,public,Mbeya,Mbeya CC,-8.910041,33.50744,shighland
ISYESYE,124384-9,public,Mbeya,Mbeya CC,-8.88377,33.49925,shighland
ISYONJE,101946-2,public,Mbeya,Rungwe DC,-9.00501,33.62849,shighland
ITABA,122866-7,public,Simiyu,Meatu DC,-3.64422,34.41391,lake
ITABA,101947-0,public,Kigoma,Kibondo DC,-3.60476,30.60009,central
ITABAGUMBA,101948-8,private,Mwanza,Buchosa DC,-2.28368,32.31454,lake
ITAGA,101950-4,public,Tabora,Tabora MC,-4.94072,32.74548,central
ITAGANO,101951-2,public,Mbeya,Mbeya CC,-8.83446,33.46171,shighland
ITAGATA,101952-0,public,Mbeya,Rungwe DC,-9.23327,33.67103,shighland
ITAGATA,101953-8,public,Singida,Itigi DC,-5.90944,34.20068,central
ITAGUTWA,101954-6,public,Iringa,Iringa DC,-7.61682,35.69462,shighland
ITAHWA,122908-7,public,Kagera,Bukoba DC,-1.36044,31.75941,lake
ITAJA,101955-3,public,Singida,Singida DC,-4.7146,35.06777,central
ITAKA,110265-6,public,Songwe,Mbozi DC,-8.87137,32.77084,shighland
ITAKA,101956-1,public,Songwe,Mbozi DC,-8.87573,32.80337,shighland
ITAKA JKT,114069-8,public,Songwe,Mbozi DC,-8.88933,32.79726,shighland
ITALAGWE,121787-6,public,Morogoro,Gairo DC,-6.06591,37.13651,coastal
ITALE,101958-7,public,Tabora,Igunga DC,-4.30967,33.52545,central
ITALE,113861-9,public,Songwe,Ileje DC,-9.28163,33.32834,shighland
ITALE,101959-5,public,Songwe,Ileje DC,-9.251551,33.296749,shighland
ITAMBA,101961-1,public,Mbeya,Mbarali DC,-8.72022,34.22225,shighland
ITAMBA,109602-3,public,Iringa,Iringa MC,-7.72668,35.64384,shighland
ITAMBO,109805-2,public,Njombe,Wanging'ombe DC,-9.100548,34.641447,shighland
ITAMBO,101962-9,public,Njombe,Njombe DC,-9.396581,35.342844,shighland
ITAMBOLEO,111526-0,public,Mbeya,Mbarali DC,-8.3324,33.9372,shighland
ITANANA,101964-5,public,Tabora,Nzega DC,-4.17896,32.9006,central
ITANDURA,122391-6,public,Mara,Tarime DC,-1.43615,34.44931,lake
Itaswi,101965-2,public,Dodoma,Kondoa DC,-4.54836,35.9969,central
ITEBELE,120798-4,public,Shinyanga,Ushetu DC,-4.06767,32.65775,lake
ITEBULA,111337-2,public,Kigoma,Uvinza DC,-5.14233,31.05239,central
ITEBULANDA,101966-0,public,Tabora,Urambo DC,-5.2105,32.07982,central
ITEERA,121686-0,public,Kagera,Kyerwa DC,-1.505739,30.93277,lake
ITEGA,111769-6,public,Songwe,Ileje DC,,,shighland
ITEGAMATWI,113912-0,public,Tabora,Urambo DC,-5.15428,32.28965,central
ITEKESHA,111522-9,public,Rukwa,Kalambo DC,-8.428437,31.66658,shighland
Itela,101969-4,public,Rukwa,Sumbawanga DC,-8.324539,31.745628,shighland
ITENDE,101970-2,public,Mbeya,Mbeya CC,-8.90539,33.40045,shighland
ITENDE JKT,101971-0,public,Mbeya,Mbeya CC,-8.91713,33.42975,shighland
ITENGULE,101972-8,private,Iringa,Mufindi DC,-8.57638,34.8167,shighland
ITENGULINYI,109141-2,public,Iringa,Iringa DC,-8.03353,35.38697,shighland
ITENKA,110875-2,public,Katavi,Nsimbo DC,-6.49908,30.99402,shighland
ITENKA B,123990-4,public,Katavi,Nsimbo DC,-6.42801,30.98925,shighland
ITENSA,101974-4,public,Mbeya,Mbeya CC,-8.89032,33.54758,shighland
ITENTULA,109915-9,public,Songwe,Mbozi DC,-8.884261,32.693822,shighland
ITEPULA,109668-4,public,Songwe,Mbozi DC,-8.965963,32.897574,shighland
ITETE,101976-9,public,Morogoro,Malinyi DC,-8.66453,36.4155,coastal
ITETE,121514-4,public,Morogoro,Malinyi DC,-8.66271,36.43945,coastal
ITETE,101977-7,private,Mbeya,Busokelo DC,-9.301621,33.847241,shighland
ITETE MISSION,101979-3,private,Morogoro,Malinyi DC,,,coastal
ITETEMIA,101980-1,public,Tabora,Tabora MC,-5.10085,32.79068,central
ITETEMYA,113019-4,public,Katavi,Tanganyika DC,-6.78721,30.43802,shighland
ITEZI,113731-4,public,Mbeya,Mbeya CC,-8.90238,33.53426,shighland
ITHNA ASHERI CHARITABLE,125155-2,private,Arusha,Arusha CC,-3.37419,36.68128,northern
ITHNAASHERI CHARITABLE,101462-0,private,Arusha,Arusha CC,-3.37424,36.68132,northern
ITIGI,101982-7,public,Singida,Itigi DC,-5.70764,34.49025,central
Itigi DC,124817-8,public,Singida,Itigi DC,,,central
ITIJI,113733-0,public,Mbeya,Mbeya CC,-8.90017,33.43292,shighland
ITILIMA,101983-5,public,Shinyanga,Kishapu DC,-3.73723,33.49049,lake
Itilima DC,124811-1,public,Simiyu,Itilima DC,,,lake
ITILO,123316-2,public,Tabora,Nzega TC,-4.02716,33.01722,central
ITIMBA,101984-3,public,Mbeya,Mbeya DC,-8.872009,33.288765,shighland
ITIMBO,101986-8,public,Iringa,Mafinga TC,-8.27211,35.42537,shighland
ITIMBO,101985-0,public,Iringa,Kilolo DC,-8.0021,35.84579,shighland
ITINDE,111583-1,public,Shinyanga,Msalala DC,-3.5871438,32.4610629,lake
ITINDI,101987-6,public,Rukwa,Nkasi DC,-7.19301,31.16431,shighland
ITINDI,109446-5,public,Songwe,Songwe DC,-8.66771,32.99604,shighland
ITINJE,101988-4,public,Simiyu,Meatu DC,-3.4187,34.11671,lake
ITINKA,101989-2,public,Tabora,Uyui DC,-5.05068,32.41302,central
ITIPULA,101990-0,public,Njombe,Njombe TC,-9.40872,35.20171,shighland
ITIRYO,113798-3,public,Mara,Tarime DC,-1.38935,34.68099,lake
ITISO,121782-7,public,Dodoma,Chamwino DC,-5.62451,36.01972,central
Itiso Government,101992-6,public,Dodoma,Chamwino DC,-5.635217,36.022249,central
ITISO RC,101993-4,private,Dodoma,Chamwino DC,-5.635302,36.03234,central
ITITI,122617-4,public,Singida,Singida MC,-4.77675,34.65782,central
ITIZI,115268-5,public,Mbeya,Mbeya DC,-9.11081,33.41962,shighland
ITIZIRO,114154-8,public,Songwe,Songwe DC,-7.81981,32.79347,shighland
ITOBO,101995-9,public,Tabora,Nzega DC,-4.17209,33.0152,central
ITOLWA,101997-5,public,Dodoma,Chemba DC,-5.042742,36.231495,central
ITONA,101998-3,public,Iringa,Mufindi DC,-8.46025,35.3849,shighland
ITONGOITALE,101999-1,public,Shinyanga,Kishapu DC,-3.42352,33.1632,lake
ITONYA,102000-7,public,Iringa,Kilolo DC,-8.08356,36.05833,shighland
ITOPE,102001-5,public,Mbeya,Kyela DC,-9.56038,33.80992,shighland
ITOWO,102002-3,public,Njombe,Wanging'ombe DC,-9.11316,34.69908,shighland
ITUBUKILO,112814-9,public,Simiyu,Bariadi DC,-2.80982,33.81453,lake
ITUHA,102003-1,public,Mbeya,Mbeya CC,-8.93127,33.50536,shighland
ITUHA,112601-0,private,Mbeya,Mbeya CC,-8.93177,33.50745,shighland
ITUHA AFYA CARE,121570-6,private,Mbeya,Mbeya CC,-8.9087,33.50171,shighland
ITULA,111569-0,public,Mbeya,Rungwe DC,-9.35831,33.65263,shighland
ITULABUSIGA,115176-0,public,Mwanza,Buchosa DC,-2.41118,32.14311,lake
ITULAHUMBA,102004-9,public,Njombe,Wanging'ombe DC,-9.088232,34.75537,shighland
ITULAVANU,121461-8,public,Iringa,Mufindi DC,-8.38335,35.34645,shighland
ITULIKE,102005-6,public,Njombe,Njombe TC,-9.28991,34.71133,shighland
ITULU,120549-1,public,Tabora,Tabora MC,-5.12946,32.85902,central
ITUMBA,121324-8,public,Mbeya,Chunya DC,-8.62009,33.53462,shighland
ITUMBA,102008-0,public,Tabora,Igunga DC,-4.56271,33.8603,central
ITUMBA,102007-2,public,Songwe,Ileje DC,-9.40125,33.18812,shighland
ITUMBA,120687-9,public,Tabora,Igunga DC,-4.29136,33.49419,central
ITUMBA,123231-3,public,Singida,Itigi DC,-6.32171,33.92282,central
ITUMBI,114026-8,public,Mbeya,Chunya DC,-8.372854,33.316359,shighland
ITUMBO,120788-5,public,Shinyanga,Ushetu DC,-4.03576,32.42073,lake
ITUMBULA,121386-7,public,Songwe,Momba DC,-8.45104,32.47979,shighland
ITUMPI,102010-6,public,Songwe,Mbozi DC,-8.876562,33.023085,shighland
ITUNDAUKULU,102011-4,public,Tabora,Uyui DC,-5.19809,33.14157,central
ITUNDU,102012-2,public,Tabora,Urambo DC,-5.08777,32.15168,central
Itunduma,112223-3,public,Njombe,Njombe DC,-9.80301,34.81072,shighland
ITUNDURU,102014-8,public,Tabora,Igunga DC,-4.135481,33.654685,central
Itundwi,113590-4,public,Dodoma,Kondoa DC,-4.65129,35.84785,central
ITUNGE,121214-1,public,Mbeya,Kyela DC,-9.58166,33.90103,shighland
ITUNGI,102016-3,public,Iringa,Kilolo DC,-7.71338,36.08047,shighland
ITUNUNDU,102017-1,private,Iringa,Iringa DC,-7.35669,35.49771,shighland
ITUNUNU,102018-9,public,Mara,Serengeti DC,-1.782034,34.615874,lake
ITUNYA,102019-7,public,Katavi,Tanganyika DC,-6.84411,30.51716,shighland
ITWAGA,109441-6,public,Iringa,Iringa DC,-8.0635,35.63282,shighland
ITWANGI,102021-3,public,Shinyanga,Shinyanga DC,-3.8549,33.09761,lake
IVALALILA,102022-1,public,Njombe,Makete DC,-9.21819,34.1019,shighland
IVIGO,108654-5,public,Njombe,Wanging'ombe DC,-9.253929,34.540137,shighland
IVILIKINGE,102023-9,public,Njombe,Makete DC,-9.23885,34.0467,shighland
IVUNA,108876-4,public,Songwe,Momba DC,-8.440311,32.528315,shighland
IWA,102027-0,private,Kilimanjaro,Moshi DC,-3.31932,37.46828,northern
IWAFI,102028-8,public,Njombe,Njombe DC,-9.34479,35.28809,shighland
IWALA,123294-1,public,Mbeya,Mbeya DC,-8.89627,33.35018,shighland
IWALANJE,102029-6,public,Songwe,Mbozi DC,-8.866979,32.951258,shighland
IWALANJE,102030-4,public,Mbeya,Mbeya DC,-8.960129,33.585922,shighland
IWALANJE,122956-6,public,Mbeya,Mbarali DC,-8.57789,34.47826,shighland
IWAMBI,102031-2,public,Mbeya,Mbeya CC,-8.92118,33.37757,shighland
IWE NURU,122547-3,private,Tabora,Tabora MC,,,central
IWELA,102032-0,public,Njombe,Ludewa DC,-9.72853,34.55656,shighland
IWELIMO,123116-6,public,Simiyu,Maswa DC,-2.75194,33.97583,lake
IWEMBA,122187-8,private,Morogoro,Kilosa DC,,,coastal
IWIJI,102033-8,public,Mbeya,Mbeya DC,-9.258864,33.243067,shighland
IWINDI,102034-6,public,Mbeya,Mbeya DC,-8.96198,33.34939,shighland
IWONDO,102035-3,public,Dodoma,Mpwapwa DC,-6.66976,36.00625,central
IWOWO,102036-1,public,Mbeya,Mbeya DC,-9.129976,33.311263,shighland
IWUNGILO,102037-9,public,Njombe,Njombe TC,-9.525149,34.863264,shighland
IYEGEYA,111578-1,public,Iringa,Mufindi DC,-8.60085,35.5734,shighland
IYELA,120927-9,public,Mbeya,Mbeya CC,-8.92579,33.63625,shighland
IYENDWE,102038-7,private,Songwe,Momba DC,-8.997106,32.201764,shighland
IYENGA,109577-7,public,Songwe,Mbozi DC,-8.858038,33.036073,shighland
Iyenge,102039-5,public,Dodoma,Mpwapwa DC,-6.62478,36.39081,central
IYENZE,122356-9,public,Geita,Nyang'hwale DC,-3.18289,32.48942,lake
IYOGELO,102042-9,public,Geita,Bukombe DC,-3.548291,31.973681,lake
IYOGWE,102044-5,public,Morogoro,Gairo DC,-5.99523,37.19476,coastal
IYOKA,102045-2,public,Njombe,Makete DC,-9.357827,34.022755,shighland
IYOMBO,121551-6,public,Tabora,Nzega DC,-4.29933,33.11412,central
IYOVYO,110990-9,public,Songwe,Songwe DC,-8.53206,32.836749,shighland
IYULA,102047-8,public,Songwe,Mbozi DC,-9.070641,33.1353,shighland
IYUMBU,110805-9,public,Singida,Ikungi DC,-5.14825,34.04325,central
Iyumbu,112175-5,public,Dodoma,Dodoma CC,-6.19465,35.85034,central
IYUNGA,102048-6,public,Mbeya,Mbeya CC,-8.93656,33.42447,shighland
IYUNGA MAPINDUZI,120955-0,public,Mbeya,Mbeya DC,-9.06574,33.38815,shighland
Izava,102049-4,public,Dodoma,Chamwino DC,-5.561118,36.260151,central
IZAZI,102050-2,public,Iringa,Iringa DC,-7.21526,35.71203,shighland
IZENGABATOGILWE,110961-0,public,Tabora,Urambo DC,-5.26204,32.2815,central
IZIGO,102051-0,public,Kagera,Muleba DC,-1.62679,31.7168,lake
IZIMBILI,102052-8,public,Tabora,Urambo DC,-5.22519,32.4091,central
IZIMBYA,102053-6,private,Kagera,Bukoba DC,-1.55155,31.45841,lake
IZINDABO,115151-3,public,Mwanza,Buchosa DC,-2.293114,32.456291,lake
Izinga,102054-4,public,Rukwa,Nkasi DC,-8.028149,30.908202,shighland
IZIWA,102055-1,public,Mbeya,Mbeya CC,-8.87336,33.39793,shighland
IZIWASUNGU,110081-7,public,Katavi,Mpimbwe DC,-7.41726,31.42739,shighland
IZIZIMBA,102056-9,public,Mwanza,Kwimba DC,-3.32763,32.96392,lake
IZUBA,111759-7,public,Songwe,Ileje DC,-9.46309,33.12214,shighland
IZUMACHELI,111504-7,public,Geita,Geita DC,-2.4166,31.96187,lake
IZUMBA,123604-1,public,Shinyanga,Msalala DC,-3.51955,32.48847,lake
IZUMBWE,102058-5,public,Mbeya,Mbeya DC,-8.984278,33.392905,shighland
IZUMBWE II,102059-3,public,Mbeya,Mbeya DC,-9.22028,33.27173,shighland
IZUO,102060-1,public,Mbeya,Mbeya DC,-9.07595,33.371116,shighland
IZYIRA,102061-9,public,Mbeya,Mbeya DC,-9.270141,33.167531,shighland
J B,122981-4,private,Dar Es Salaam,Ubungo MC,-6.32402,39.60431,coastal
J&J,121989-8,private,Mwanza,Nyamagana MC,-2.51822,32.90371,lake
J&R,124090-2,private,Dar Es Salaam,Ubungo MC,-6.32345,39.13271,coastal
J.K.T,102063-5,public,Lindi,Nachingwea DC,-10.41651,38.61678,southern
J.K.T MAFINGA,103878-5,public,Iringa,Mafinga TC,-8.33173,35.30266,shighland
J4,124328-6,private,Dodoma,Chamwino DC,-5.48535,35.84342,central
JABAL HIRA,102066-8,private,Pwani,Kibaha DC,-6.71331,38.73441,coastal
JACK'S HEALTH,122710-7,private,Tanga,Korogwe TC,-5.15445,38.28295,coastal
JACKOB,113061-6,private,Njombe,Njombe TC,,,shighland
JADE,121053-3,private,Mwanza,Ilemela MC,-2.52231,32.93392,lake
JADYN,122046-6,private,Dar Es Salaam,Ubungo MC,-6.46127,39.04408,coastal
JAE,123658-7,private,Dar Es Salaam,Kinondoni MC,,,coastal
JAEMA MEDICAL CARE,124124-9,private,Kilimanjaro,Moshi DC,-11.52492,37.32797,northern
JAFFERIES,123182-8,private,Mwanza,Nyamagana MC,-2.51796,32.90164,lake
JAFFERY,102069-2,private,Kilimanjaro,Moshi MC,-3.35472,37.34309,northern
JAFOR,113323-0,private,Mwanza,Nyamagana MC,-2.589884,32.922749,lake
JAHA,121215-8,private,Dar Es Salaam,Ilala MC,-6.67292,39.71975,coastal
JAIDEN,114713-1,private,Simiyu,Busega DC,-2.96147,34.13661,lake
JAJA,102071-8,public,Pwani,Kibiti DC,-8.19462,39.35731,coastal
JAJA FAMILY,121073-1,private,Dar Es Salaam,Ubungo MC,-6.498281,39.070201,coastal
JAJA FAMILY,124193-4,private,Pwani,Mkuranga DC,-7.00617,39.31095,coastal
JAJOT,121348-7,private,Dodoma,Dodoma CC,,,central
JAKAYA KIKWETE CARDIAC INSTITUTE,111836-3,public,Dar Es Salaam,Ilala MC,-6.80378,39.27423,coastal
JAM,113167-1,private,Shinyanga,Kishapu DC,-3.5498137,33.558292,lake
JAM,112672-1,private,Dar Es Salaam,Ilala MC,-6.93579,39.13684,coastal
JAMBO,120502-0,private,Dar Es Salaam,Ubungo MC,,,coastal
JAMBO,120373-6,private,Dodoma,Dodoma CC,,,central
JAMES,120533-5,private,Geita,Geita TC,-2.8743281,32.244984,lake
JAMES NEVILLE,111585-6,private,Kilimanjaro,Moshi DC,-3.32247,37.36665,northern
JAMII,112563-2,private,Mara,Serengeti DC,-1.83926,34.67377,lake
JAMII,121564-9,private,Dar Es Salaam,Ilala MC,,,coastal
JAMII,122745-3,private,Morogoro,Kilosa DC,-6.87616,37.28096,coastal
JAMII AFYACARE,121019-4,private,Iringa,Iringa DC,-7.160389,35.769805,shighland
JAMII II,124092-8,private,Pwani,Bagamoyo DC,-6.62711,39.04689,coastal
JAMII KIBUGUMO,122940-0,private,Dar Es Salaam,Kigamboni MC,-6.86661,39.37137,coastal
JAMILA,112305-8,private,Lindi,Nachingwea DC,-10.37105,38.76031,southern
JANA,102073-4,public,Shinyanga,Msalala DC,-3.79832,32.98216,lake
JANDA,102074-2,public,Kigoma,Buhigwe DC,-4.62413,29.87331,central
JANESCOM,114426-0,private,Mwanza,Sengerema DC,-2.65137,32.64042,lake
JANETH CARES FOR YOU,120375-1,private,Dodoma,Dodoma CC,-6.39839,35.75178,central
JANGALO,102075-9,public,Dodoma,Chemba DC,-5.049334,36.203375,central
JANGO MEDICAL,123543-1,private,Dar Es Salaam,Kinondoni MC,-6.66856,39.17529,coastal
JANGWANI,122406-2,public,Ruvuma,Nyasa DC,-11.17152,35.81636,shighland
Janseen,121359-4,private,Mwanza,Nyamagana MC,-2.532731,32.9136532,lake
JANUARY MEDICAL LABORATORY  SERVICES,121136-6,private,Pwani,Chalinze DC,-6.63497,38.24021,coastal
JANUVA,113200-0,private,Geita,Geita TC,,,lake
JAPE,112831-3,private,Geita,Geita DC,-3.11788,32.2357,lake
JARIBU MPAKANI,102076-7,public,Pwani,Kibiti DC,-7.54576,39.1317,coastal
JASME HEALTH CARE,125032-3,private,Pwani,Kibaha TC,-6.77222,38.99077,coastal
JASMEG,112687-9,private,Morogoro,Morogoro MC,,,coastal
JASMEG,124139-7,private,Morogoro,Morogoro MC,-6.44125,37.54362,coastal
JAY JAY,110739-0,private,Mbeya,Mbeya CC,-8.90224,33.4629,shighland
JAY'S,123694-2,private,Mbeya,Mbeya CC,-8.53589,33.26566,shighland
JB,122923-6,private,Tabora,Tabora MC,-5.01823,32.79275,central
JBK HEALTH,124432-6,private,Dar Es Salaam,Ilala MC,-6.91324,39.20586,coastal
JC,113368-5,private,Mwanza,Nyamagana MC,-2.62351,32.94551,lake
JC,113385-9,private,Mwanza,Ilemela MC,-2.49221,32.91003,lake
JD,122032-6,private,Dar Es Salaam,Ubungo MC,-6.46123,39.04412,coastal
JDSM EYE & VISION CARE,112859-4,private,Dodoma,Dodoma CC,-6.17818,35.74823,central
JDSM EYE AND SIGHT CARE DODOMA BRANCH,112954-3,private,Dodoma,Dodoma CC,,,central
JEBU,124532-3,private,Tabora,Tabora MC,-5.00198,32.80439,central
JEBU,124487-0,private,Mtwara,Newala TC,,,southern
JEFA'S,122033-4,private,Morogoro,Ifakara TC,,,coastal
JEHOVA SHAMMAH,121528-4,private,Dodoma,Chamwino DC,,,central
JEHOVAH SHALOM,121135-8,private,Dodoma,Dodoma CC,,,central
JEHOVAH SHALOM,123342-8,private,Dodoma,Dodoma CC,-6.16278,35.89851,central
Jehovarapha Crosby,112215-9,private,Dodoma,Dodoma CC,-6.12818,35.74606,central
JEK TANZANITE POLY,114833-7,private,Dar Es Salaam,Kigamboni MC,-6.86237,39.360592,coastal
JEMA,113246-3,private,Dar Es Salaam,Ubungo MC,-6.75468,39.04994,coastal
JEMA,102079-1,public,Arusha,Ngorongoro DC,-2.13714,35.88556,northern
JEMIX HEALTH CARE,123039-0,private,Dar Es Salaam,Ubungo MC,-6.74119,39.16869,coastal
Jemsa,102080-9,private,Dar Es Salaam,Ilala MC,-6.84412,39.18449,coastal
JEN-K,122188-6,private,Pwani,Bagamoyo DC,-6.528725,38.98634,coastal
JENEFA,111302-6,private,Morogoro,Kilosa DC,-7.66203,36.99272,coastal
JENIPHER,124320-3,private,Dodoma,Chamwino DC,-6.59881,35.81624,central
JEREMIA,113523-5,private,Dar Es Salaam,Temeke MC,-6.86268,39.26733,coastal
JEREMIA,112942-8,private,Mtwara,Newala DC,-10.65191,39.33437,southern
JEREN,124117-3,private,Njombe,Njombe TC,-9.54893,35.10874,shighland
JERICO MEDICAL LABORATORY,122764-4,private,Mbeya,Mbarali DC,,,shighland
JERUSALEM,120546-7,private,Geita,Geita TC,-2.9167297,32.16613,lake
JERUSALEM,113554-0,private,Mara,Serengeti DC,-4.8915877,38.29026,lake
JERUSALEM,122021-9,private,Ruvuma,Mbinga DC,,,shighland
JERUSALEM,125112-3,private,Songwe,Mbozi DC,-9.00275,33.03988,shighland
JERUSALEM MEDICAL LABORATORY,121122-6,private,Dodoma,Dodoma CC,-6.23378,35.71233,central
JERUSAREM MAABARA,122996-2,private,Simiyu,Maswa DC,-2.95261,33.66611,lake
JESE MA,122904-6,private,Dar Es Salaam,Ilala MC,-6.95821,39.09201,coastal
JESHINI,106879-0,public,Mtwara,Masasi TC,,,southern
JESS OPTICIANS,112605-1,private,Dar Es Salaam,Ilala MC,-6.817517,39.285686,coastal
JESSE,124417-7,private,Mwanza,Sengerema DC,-2.65425,32.64389,lake
JETA,122122-5,private,Mara,Tarime TC,-5.5640635,38.910007,lake
JF,121054-1,private,Mwanza,Ilemela MC,,,lake
JH,120718-2,private,Morogoro,Morogoro MC,,,coastal
JIB,113254-7,private,Dar Es Salaam,Ubungo MC,-6.81353,39.24429,coastal
JIBASSA,121119-2,private,Morogoro,Kilosa DC,,,coastal
Jibondo,102081-7,public,Pwani,Mafia DC,-8.05228,39.71948,coastal
JIGABHA,122451-8,private,Arusha,Arusha CC,,,northern
JIJA,102083-3,public,Simiyu,Maswa DC,-2.85265,33.61258,lake
JIJUE,113379-2,private,Mwanza,Ilemela MC,-2.51381,32.97446,lake
JIK,113215-8,private,Tanga,Muheza DC,-5.17462,38.79244,coastal
JILALA,114437-7,private,Njombe,Wanging'ombe DC,-8.89834,34.57843,shighland
JILALA,123676-9,private,Geita,Geita TC,-2.84169,32.42205,lake
JILEKA lab,122067-2,private,Mbeya,Busokelo DC,-9.26779,33.81343,shighland
JILYENDYAYE,120613-5,private,Dar Es Salaam,Ubungo MC,-6.490371,39.141581,coastal
JIM,114364-3,private,Mwanza,Ilemela MC,-2.53159,32.94845,lake
Jimbo,102084-1,public,Pwani,Mafia DC,-7.78982,39.8611,coastal
Jimmy,121405-5,private,Dar Es Salaam,Kinondoni MC,,,coastal
JINAMO,102085-8,public,Simiyu,Meatu DC,-3.73179,34.5243,lake
JINJIMILI,123422-8,public,Mwanza,Magu DC,-2.74716,33.66541,lake
JIONEE MWENYEWE,102088-2,public,Tabora,Urambo DC,-4.93861,32.16771,central
JIPE,102089-0,public,Kilimanjaro,Mwanga DC,-3.57208,37.7189,northern
JIPER,121068-1,private,Dar Es Salaam,Kinondoni MC,,,coastal
JIPIME,112844-6,private,Geita,Geita DC,-2.50074,32.00998,lake
JITEGEMEE,124089-4,private,Dar Es Salaam,Ilala MC,-6.95536,39.09524,coastal
JITENGENI,125022-4,public,Tanga,Handeni DC,-5.24503,38.49857,coastal
JITIHADA,111387-7,private,Iringa,Iringa MC,-7.78377,35.69437,shighland
JJ EYETECH,121033-5,private,Dar Es Salaam,Kinondoni MC,-6.78069,39.26522,coastal
JJ POLYCLINIC,120281-1,private,Arusha,Karatu DC,-3.33916,35.67273,northern
JJM,122174-6,private,Shinyanga,Kishapu DC,-3.43966,33.52414,lake
JK,123037-4,private,Dar Es Salaam,Kigamboni MC,-6.82313,39.32064,coastal
JKM,124093-6,private,Dar Es Salaam,Ubungo MC,-6.02174,39.53674,coastal
JKT MAKUYUNI,112045-0,public,Arusha,Monduli DC,-3.33125,36.1017667,northern
JKT MLALE,105176-2,public,Ruvuma,Songea DC,-10.79784,35.27141,shighland
JM,122478-1,private,Tanga,Muheza DC,,,coastal
JM,124201-5,private,Njombe,Njombe TC,-9.30052,34.77627,shighland
JM  MEDICAL,122657-0,private,Morogoro,Morogoro MC,-6.46285,37.38473,coastal
JM SOLOMON,112216-7,private,Dodoma,Dodoma CC,-6.1522,35.72225,central
JMD,123722-1,private,Mwanza,Ilemela MC,-2.50639,32.97108,lake
JMS HUMAN HEALTH,111491-7,private,Arusha,Arusha CC,-3.365352,36.689535,northern
JN- MAGAYE,123577-9,private,Dar Es Salaam,Ubungo MC,-6.79979,39.23729,coastal
JOAC,113778-5,private,Mtwara,Masasi DC,-10.49819,39.02691,southern
JOBAJ,102087-4,public,Arusha,Karatu DC,-3.553294,35.340498,northern
JOBAMA HEAD 2 TOE SUPER SPECIALIZED ORTHOPAEDIC&PHYSIOTHERAPY CLINIC MBEZI,122293-4,private,Dar Es Salaam,Kinondoni MC,-6.71947,39.23158,coastal
JOBENA & RUSH,120557-4,private,Dar Es Salaam,Ubungo MC,,,coastal
JOBI,111844-7,private,Arusha,Arusha CC,-3.375044,36.676086,northern
JODA,121110-1,private,Dar Es Salaam,Ubungo MC,,,coastal
JODAMA HEALTH CARE,112519-4,private,Dar Es Salaam,Ubungo MC,-6.738482,39.160515,coastal
JOFREDE,122705-7,private,Tanga,Tanga CC,-4.07139,39.08573,coastal
JOGOHYA,102096-5,public,Tabora,Igunga DC,-4.11283,33.84317,central
JOGOLO,102097-3,public,Dodoma,Chemba DC,-5.224799,35.177004,central
JOHAMA,112723-2,private,Morogoro,Kilosa DC,-6.827572,36.987854,coastal
JOHESB,113481-6,private,Dar Es Salaam,Kinondoni MC,-6.674763,39.171021,coastal
JOHN MEDICAL LABORATORY,120504-6,private,Geita,Bukombe DC,-3.3407,31.526716,lake
JOHN MONGELA,112340-5,public,Mwanza,Magu DC,-2.58083,33.32684,lake
JOJIRO,102099-9,public,Mwanza,Kwimba DC,-3.03848,33.26088,lake
Jojo,102100-5,public,Pwani,Mafia DC,-7.76527,39.80673,coastal
JOJO HEALTH CARE,114677-8,private,Dar Es Salaam,Ilala MC,-6.49465,39.11105,coastal
JOLE OPTICAL CENTRE,113159-8,private,Morogoro,Morogoro MC,,,coastal
JOLE OPTICAL CENTRE,113158-0,private,Morogoro,Morogoro MC,,,coastal
JOMI,113502-9,private,Dar Es Salaam,Kinondoni MC,-6.63071,39.1522,coastal
JOMU,120806-5,public,Shinyanga,Msalala DC,,,lake
JONAH,125093-5,private,Geita,Geita TC,-2.53513,32.26546,lake
JORDAN,123535-7,private,Dodoma,Dodoma CC,-6.13931,35.70079,central
JORDAN UNIVERSITY,110302-7,private,Morogoro,Morogoro MC,-6.80639,37.70037,coastal
JOREB,114407-0,private,Tabora,Uyui DC,-4.401124,32.5133,central
JOSAGI,112952-7,private,Kilimanjaro,Moshi DC,-3.43775,37.38665,northern
JOSE,124083-7,private,Morogoro,Ifakara TC,-8.04673,36.46255,coastal
JOSEPH,122652-1,private,Singida,Manyoni DC,,,central
Joseph Medical Care,102102-1,private,Mwanza,Magu DC,-2.5927,33.44506,lake
JOY,112649-9,private,Morogoro,Ifakara TC,,,coastal
JOY,114008-6,private,Songwe,Tunduma TC,-9.32107,32.77419,shighland
JOY LABORATORY,114072-2,private,Dar Es Salaam,Kigamboni MC,-6.86165,39.35436,coastal
JOYCE,121022-8,private,Geita,Geita DC,-2.5513,32.192383,lake
JOYCE  HOME,122460-9,private,Mbeya,Chunya DC,-8.03016,33.26629,shighland
JOYFUL,113468-3,private,Dar Es Salaam,Kinondoni MC,-6.76789,39.26918,coastal
JOYMIK HEALTHCARE,125006-7,private,Dar Es Salaam,Kinondoni MC,-6.35197,39.07511,coastal
JPG,122906-1,private,Dar Es Salaam,Temeke MC,-6.84441,39.27111,coastal
JPM,112646-5,private,Dar Es Salaam,Ilala MC,-6.82712,39.19635,coastal
JPM,110775-4,private,Dar Es Salaam,Ubungo MC,-6.73964,39.16628,coastal
JR,121803-1,private,Tanga,Muheza DC,-5.42288,38.29522,coastal
JR,123751-0,private,Mwanza,Nyamagana MC,-2.52056,32.90874,lake
JRM,114354-4,private,Mwanza,Ilemela MC,-2.47369,32.93527,lake
JS,114247-0,private,Dar Es Salaam,Ubungo MC,,,coastal
JS,121195-2,private,Dar Es Salaam,Ubungo MC,-6.426221,39.064441,coastal
JS,122196-9,private,Njombe,Makambako TC,-8.84484,34.82378,shighland
JS 2,121117-6,private,Dar Es Salaam,Ubungo MC,,,coastal
JS BARBRA,102064-3,public,Dar Es Salaam,Kinondoni MC,-6.75627,39.23964,coastal
JUA,123483-0,private,Mwanza,Ilemela MC,-2.09377,32.09875,lake
JUAKALI,102104-7,private,Arusha,Meru DC,-3.35397,36.84,northern
Juani,102105-4,public,Pwani,Mafia DC,-7.99095,39.78129,coastal
JUDA,120493-2,private,Dar Es Salaam,Temeke MC,-6.89275,39.22765,coastal
JUDIN,124153-8,private,Morogoro,Morogoro MC,-6.73923,37.64214,coastal
JUDWIL,125150-3,private,Kilimanjaro,Rombo DC,-2.99786,37.56271,northern
Juhudi,122101-9,private,Dar Es Salaam,Kinondoni MC,,,coastal
JULIUS NYERERE HYDROPOWER PROJECT,121079-8,private,Morogoro,Morogoro DC,-7.79373,37.84917,coastal
JULLY,112320-7,private,Rukwa,Nkasi DC,-7.4965,31.03876,shighland
JULLY NURSING & MATERNITY HOME LABORATORY,124155-3,private,Rukwa,Nkasi DC,,,shighland
JULPASTORY MEDICAL,124095-1,private,Morogoro,Kilosa DC,-6.56285,37.10852,coastal
JUMA HOMERA,124242-9,public,Ruvuma,Tunduru DC,-11.54934,36.93283,shighland
JUMA JACOB,122074-8,private,Kagera,Bukoba MC,,,lake
JUMA KISIWANI,102106-2,public,Mwanza,Sengerema DC,-2.4395,32.7397,lake
JUMAPILI,123277-6,private,Kigoma,Kasulu DC,-4.60277,30.11638,central
JUMKI,121105-1,private,Mwanza,Ilemela MC,-2.53186,32.94361,lake
JUNAIDI,125099-2,private,Dar Es Salaam,Kigamboni MC,-6.82732,39.31561,coastal
JUNIOR,123953-2,private,Lindi,Ruangwa DC,-10.08411,38.93419,southern
JUPITER OBS/GYN,114103-5,private,Mbeya,Mbeya CC,-8.9226,33.42661,shighland
JUSTICE KORONGWE,114404-7,private,Rukwa,Nkasi DC,-7.17144,30.54858,shighland
JUVA,102108-8,private,Dodoma,Kongwa DC,-5.812854,36.435591,central
JW MEDICAL,123856-7,private,Dar Es Salaam,Ilala MC,-6.93886,39.14375,coastal
JWTZ CHANGANYIKENI,102113-8,public,Dar Es Salaam,Kinondoni MC,-6.77228,39.18434,coastal
JWTZ MAKOKO,104112-8,public,Mara,Musoma MC,-1.498352,33.769976,lake
JWTZ UBUNGO,102117-9,public,Dar Es Salaam,Ubungo MC,-6.81032,39.19725,coastal
K & V,123493-9,private,Mbeya,Mbeya CC,,33.48849,shighland
K'S,103323-2,private,Mbeya,Mbeya CC,-8.90945,33.45367,shighland
K'SAMLI HEALTH,123528-2,private,Dar Es Salaam,Ilala MC,-6.86241,39.23201,coastal
K.B.J,114301-5,private,Morogoro,Ifakara TC,,,coastal
K.G AFYA CARE,110656-6,private,Dar Es Salaam,Ubungo MC,-6.75628,39.09964,coastal
K.H,111383-6,private,Dar Es Salaam,Ubungo MC,-6.783336,39.11571,coastal
K.K,114434-4,private,Mwanza,Ukerewe DC,-2.104932,33.076465,lake
K.K.K.T,112825-5,private,Mara,Tarime TC,-1.34467,34.3836,lake
K.K.K.T. IMANI,102120-3,private,Mwanza,Ilemela MC,-2.50375,32.90213,lake
K.T.B,121945-0,private,Tabora,Uyui DC,-4.96817,32.35241,central
K4 HEALTHCARE,124165-2,private,Dar Es Salaam,Ilala MC,-7.00851,39.07081,coastal
K9 JWTZ,108552-1,public,Kagera,Ngara DC,-2.53551,30.78685,lake
KAAGYA,102123-7,public,Kagera,Bukoba DC,-1.161097,31.855456,lake
KAANAN,111517-9,private,Morogoro,Mlimba DC,-8.5023,35.9356,coastal
KAANANI,112719-0,private,Morogoro,Morogoro MC,-6.760126,37.609461,coastal
KABAGANGA,111741-5,public,Mwanza,Buchosa DC,-2.39144,32.445216,lake
KABALE,122948-3,public,Songwe,Ileje DC,-9.47768,33.43602,shighland
KABALE,102126-0,public,Kagera,Bukoba DC,-1.33273,31.7545,lake
"KABALE""B""",110087-4,public,Kagera,Muleba DC,-1.86493,31.57631,lake
Kabalenzi,102128-6,public,Kagera,Ngara DC,-2.52926,30.5701,lake
KABALLE,122712-3,public,Tabora,Nzega DC,-4.51484,32.93759,central
KABANGA,113320-6,private,Mwanza,Ilemela MC,-2.50415,32.89577,lake
Kabanga,111511-2,public,Kagera,Ngara DC,-2.63492,30.47025,lake
KABANGA MISSION,102132-8,private,Kigoma,Kasulu TC,-4.509331,30.105081,central
KABANGA PRIVATE,102133-6,private,Kagera,Ngara DC,-2.64679,30.45889,lake
KABARE,110261-5,public,Kagera,Muleba DC,-1.84344,31.54995,lake
KABARE,102125-2,private,Kigoma,Kakonko DC,-3.128926,30.870933,central
KABASA,102137-7,public,Mara,Bunda TC,-1.97002,33.8146,lake
KABIGA AICT,102138-5,private,Geita,Nyang'hwale DC,,,lake
KABILA,115069-7,public,Shinyanga,Kishapu DC,-3.35763,33.57912,lake
KABILA,108606-5,public,Mwanza,Magu DC,-2.72905,33.62637,lake
KABINGA HEALTH,123527-4,private,Kigoma,Kigoma Ujiji MC,-4.90408,29.61701,central
KABINGO,102140-1,public,Kigoma,Kakonko DC,-3.3185,30.9189,central
KABONDO,102142-7,public,Simiyu,Meatu DC,-3.5957,34.07744,lake
KABONDO,120807-3,public,Shinyanga,Msalala DC,,,lake
KABOYA,102143-5,public,Kagera,Muleba DC,-1.59586,31.7442,lake
KABUGA,115032-5,public,Katavi,Nsimbo DC,-6.120596,31.097689,shighland
KABUJE QUALITY,124429-2,private,Mbeya,Rungwe DC,-9.59116,33.94228,shighland
KABUKU,102144-3,public,Tanga,Handeni DC,-5.49802,38.4732,coastal
KABUKU NDANI,102145-0,public,Tanga,Handeni DC,-5.52059,38.51312,coastal
KABULANZWILI,112044-3,public,Kigoma,Kasulu DC,-4.703308,30.360681,central
KABUNDE,115219-8,public,Katavi,Mpimbwe DC,-7.36166,31.41663,shighland
KABUNGU,102146-8,public,Katavi,Tanganyika DC,-6.30444,30.97492,shighland
KABURONGE,102147-6,public,Katavi,Nsimbo DC,-6.13147,31.119,shighland
KABUSUNGU,102148-4,public,Mwanza,Ilemela MC,-2.43143,33.0199,lake
Kabwe,102149-2,public,Rukwa,Nkasi DC,-7.0466,30.5533,shighland
KABWE,115174-5,public,Rukwa,Nkasi DC,-7.73111,30.33531,shighland
KABWE EYE WEAR,112986-5,private,Mbeya,Mbeya CC,-8.91167,33.46497,shighland
KABYAILE,111826-4,public,Kagera,Missenyi DC,-1.19067,31.78275,lake
KACHWAMBA,102150-0,public,Geita,Chato DC,-2.6599,31.57784,lake
KADA MUGUMU,100671-7,private,Mara,Serengeti DC,-1.83825,34.67377,lake
KADANDO,102151-8,public,Kilimanjaro,Same DC,-4.2909,38.02837,northern
KADARI,121569-8,private,Mbeya,Mbeya DC,-9.20335,33.34958,shighland
KADASHI,109556-1,public,Mwanza,Kwimba DC,-2.80064,33.51511,lake
KADOTO,102152-6,public,Simiyu,Maswa DC,-2.95195,33.66369,lake
KADUDA,123561-3,public,Geita,Geita DC,-3.12998,31.96602,lake
KAENGESA,120380-1,private,Rukwa,Sumbawanga DC,-8.26527,31.70453,shighland
KAENGESA GOVERNMENT,123041-6,public,Rukwa,Sumbawanga DC,-8.14137,31.41586,shighland
KAENGESA SEMINARY,120382-7,private,Rukwa,Sumbawanga DC,-8.26053,31.68524,shighland
KAFISHA,112410-6,public,Katavi,Tanganyika DC,-6.72828,30.45959,shighland
KAFITA,102154-2,public,Geita,Nyang'hwale DC,-3.23541,32.58459,lake
KAFUKOKA,102155-9,public,Rukwa,Kalambo DC,-8.37728,31.21324,shighland
KAFUKULA,111754-8,public,Rukwa,Kalambo DC,-8.56457,31.79541,shighland
KAFUNJO,113920-3,public,Kagera,Karagwe DC,-1.59386,30.89311,lake
KAFUNZO,102156-7,public,Mwanza,Buchosa DC,-2.4575,32.1912,lake
KAFURU,124045-6,public,Katavi,Mlele DC,-6.59953,32.04161,shighland
KAGABO,123501-9,private,Dar Es Salaam,Temeke MC,-6.87103,39.24979,coastal
KAGEMU,102158-3,public,Kagera,Bukoba MC,-1.35568,31.801602,lake
KAGENYI,102159-1,public,Kagera,Kyerwa DC,-1.41417,30.79806,lake
KAGERA NKANDA,102163-3,public,Kigoma,Kasulu DC,-4.580962,30.581582,central
KAGERA SALIENT,109969-6,private,Kagera,Missenyi DC,-1.25211,31.42428,lake
KAGERA SUGAR,102166-6,private,Kagera,Missenyi DC,-1.21332,31.27517,lake
KAGOMA,102168-2,public,Kagera,Muleba DC,-1.76839,31.69913,lake
KAGOMA,109779-9,public,Kagera,Biharamulo DC,-2.794597,31.581383,lake
KAGONDO,102169-0,private,Kagera,Muleba DC,-1.54749,31.7043,lake
KAGONGO,102170-8,public,Kilimanjaro,Mwanga DC,-3.69776,37.43056,northern
KAGONGO,110148-4,public,Kigoma,Kigoma DC,-4.79859,29.64718,central
KAGONGWA,102171-6,public,Tabora,Igunga DC,-4.37166,33.21331,central
KAGONGWA,102172-4,public,Shinyanga,Kahama MC,-3.86622,32.75998,lake
Kagongwa Kishima,101919-9,private,Shinyanga,Kahama MC,-3.87521,32.76557,lake
KAGU,102174-0,public,Geita,Geita DC,-2.7448,32.05064,lake
KAGUGU,121457-6,public,Ruvuma,Mbinga TC,-11.07919,35.02433,shighland
KAGUNGA,122261-1,public,Katavi,Tanganyika DC,-6.55233,30.70968,shighland
KAGUNGA,102175-7,public,Kigoma,Kigoma DC,-4.46976,29.65557,central
KAGUNGA,102176-5,public,Mwanza,Sengerema DC,-2.91612,32.62475,lake
KAGUNGA PRIVATE,121732-2,private,Kigoma,Kigoma DC,-4.45238,29.66049,central
KAGUNGULI,102177-3,public,Mwanza,Ukerewe DC,-2.00909,33.07472,lake
KAGURUKA,102178-1,public,Kigoma,Kasulu DC,-4.795592,30.252973,central
KAGUTU,120898-2,public,Kagera,Karagwe DC,-1.50207,30.11025,lake
KAGWE,120700-0,public,Geita,Bukombe DC,-3.46335,32.0175,lake
KAHAMA,102180-7,public,Mwanza,Ilemela MC,-2.4935,32.990407,lake
KAHAMA,124616-4,private,Dodoma,Dodoma CC,-6.16301,35.75201,central
Kahama MC,124801-2,public,Shinyanga,Kahama MC,,,lake
KAHAMA NHALANGA,102182-3,public,Tabora,Nzega DC,-4.17478,32.7832,central
Kahama Optical works&Eye Care,113338-8,private,Shinyanga,Kahama MC,-3.83103,32.59678,lake
KAHANGA,108906-9,public,Kagera,Karagwe DC,-1.8873,31.13512,lake
KAHE,102184-9,public,Kilimanjaro,Moshi DC,-3.48675,37.46003,northern
KAHE,102185-6,public,Kilimanjaro,Rombo DC,-3.048642,37.615526,northern
Kahhobaco,123776-7,private,Kigoma,Kasulu TC,,,central
KAHHOBACO,111176-4,private,Kigoma,Kasulu TC,-4.59256,30.10677,central
KAHORORO,102186-4,public,Kagera,Bukoba MC,-1.30298,31.84233,lake
KAHUMULO,102188-0,public,Mwanza,Sengerema DC,-2.68085,32.80726,lake
KAHUNDA,102190-6,private,Mwanza,Buchosa DC,-2.40044,32.06131,lake
KAIBANJA,102191-4,public,Kagera,Bukoba DC,-1.418657,31.573011,lake
KAIGARA,102192-2,public,Kagera,Muleba DC,-1.83242,31.6709,lake
KAILA,123545-6,private,Dodoma,Dodoma CC,-6.20101,35.67857,central
KAINAM,102193-0,public,Manyara,Mbulu TC,-3.91903,35.58611,northern
KAIRUKI,104985-7,private,Dar Es Salaam,Kinondoni MC,-6.77315,39.25497,coastal
KAIRUKI,120561-6,private,Dar Es Salaam,Ubungo MC,-6.78543,39.10919,coastal
KAIRUKI  GREEN IVF (KGIVF),120857-8,private,Dar Es Salaam,Kinondoni MC,-6.53854,39.01526,coastal
KAISHO,102195-5,public,Kagera,Kyerwa DC,-1.26382,30.68813,lake
KAIZILEGE,120500-4,private,Kagera,Missenyi DC,-1.26055,31.41081,lake
KAIZIREGE AND KEMEBOS SCHOOLS,123504-3,private,Kagera,Bukoba MC,-1.36635,31.79271,lake
KAIZORA,122615-8,private,Dar Es Salaam,Kinondoni MC,,,coastal
KAJANA,102197-1,public,Kigoma,Buhigwe DC,-4.33145,30.14784,central
KAJEJE,123390-7,public,Kigoma,Uvinza DC,-5.31489,29.90767,central
KAJIMA,102198-9,public,Ruvuma,Tunduru DC,-10.65773,37.05073,shighland
KAJORO,122179-5,private,Geita,Chato DC,-3.03274,31.75813,lake
KAJUNJUMELE,102200-3,public,Mbeya,Kyela DC,-9.596828,33.925798,shighland
KAKANJA,102202-9,public,Kagera,Kyerwa DC,-1.42187,30.91092,lake
KAKEBE,112165-6,public,Shinyanga,Kahama MC,-3.94175,32.47924,lake
KAKENENO,122371-8,public,Geita,Chato DC,-2.88576,31.62757,lake
KAKESE,108690-9,public,Katavi,Mpanda MC,-6.425668,30.988416,shighland
KAKESE,120870-1,public,Katavi,Mpanda MC,-6.40243,31.00006,shighland
KAKESIO,109665-0,public,Arusha,Ngorongoro DC,-3.37888,34.98792,northern
KAKINDO,102205-2,public,Kagera,Missenyi DC,-1.16542,31.4893,lake
KAKINDU,122304-9,public,Mbeya,Rungwe DC,-9.25161,33.50367,shighland
KAKIRI,122397-3,public,Kagera,Missenyi DC,-1.16411,31.27351,lake
KAKIRO,102207-8,public,Kagera,Karagwe DC,-1.4539,31.14891,lake
KAKOBE,108703-0,public,Mwanza,Buchosa DC,-2.37301,32.32772,lake
KAKOLA,111584-9,public,Shinyanga,Msalala DC,-3.154,32.2642,lake
KAKOLA,102210-2,public,Tabora,Tabora MC,-4.83333,32.76671,central
KAKOLA MZAZI,122548-1,private,Shinyanga,Msalala DC,-3.24094,32.46372,lake
KAKOLA NO 9,122171-2,public,Shinyanga,Msalala DC,-3.13274,32.30621,lake
KAKONKO,102211-0,public,Kigoma,Kakonko DC,-3.273,30.98278,central
Kakonko DC,124692-5,public,Kigoma,Kakonko DC,,,central
KAKONKO MISSION,110849-7,private,Kigoma,Kakonko DC,-3.23367,30.95587,central
KAKORA,102209-4,public,Geita,Nyang'hwale DC,-3.089447,32.72158,lake
KAKOZI,123386-5,public,Songwe,Momba DC,-9.09141,32.49746,shighland
KAKUBILO,112883-4,private,Geita,Geita DC,-2.61096,32.07074,lake
KAKUBILO,102213-6,public,Geita,Geita DC,-2.6109,32.07659,lake
KAKULUNGU,102214-4,public,Tabora,Nzega DC,-4.78826,32.96541,central
KAKUMBI,124266-8,public,Geita,Mbogwe DC,-3.55776,32.20275,lake
KAKUNYU,110219-3,public,Kagera,Missenyi DC,-1.03253,30.93962,lake
KAKUNYU,121790-0,public,Kagera,Missenyi DC,,,lake
KAKURAIJO,102216-9,public,Kagera,Karagwe DC,-1.75401,30.99677,lake
Kala,102217-7,public,Rukwa,Nkasi DC,-8.13235,30.96761,shighland
KALA,102218-5,private,Rukwa,Nkasi DC,-8.13727,30.97017,shighland
KALAELA,102219-3,public,Rukwa,Kalambo DC,-8.46187,31.57675,shighland
KALAGWA,110049-4,public,Shinyanga,Msalala DC,-3.69546,32.49026,lake
KALALANGABO,110150-0,public,Kigoma,Kigoma DC,-4.84441,29.62343,central
KALALANI,102221-9,public,Tanga,Korogwe DC,-4.605729,38.755959,coastal
KALALASI,102222-7,public,Rukwa,Kalambo DC,-8.4159,31.5744,shighland
Kalamba,113422-0,public,Dodoma,Kondoa DC,-4.83153,35.96685,central
Kalambazite,102223-5,public,Rukwa,Sumbawanga DC,-8.39822,31.9359,shighland
Kalambo DC,124787-3,public,Rukwa,Kalambo DC,,,shighland
KALANGALALA,102225-0,public,Mwanza,Sengerema DC,-2.80612,32.7934,lake
KALANGALE,121248-9,public,Tabora,Uyui DC,-4.85111,33.65921,central
KALANGALI,102228-4,public,Mbeya,Chunya DC,-8.005416,33.298054,shighland
KALANGALI,102227-6,public,Singida,Itigi DC,-6.0781,33.95542,central
KALE,113807-2,public,Rukwa,Kalambo DC,-8.30424,31.53815,shighland
KALEBELA,111482-6,public,Mbeya,Rungwe DC,-9.34024,33.72955,shighland
KALEBEZO,102231-8,public,Mwanza,Buchosa DC,-2.50805,32.3578,lake
KALELA,102232-6,public,Kigoma,Kasulu DC,-4.814065,29.932381,central
KALEMA,102233-4,public,Kagera,Bukoba DC,-1.2148,31.82606,lake
KALEMAWE,102234-2,public,Kilimanjaro,Same DC,-4.435717,38.085697,northern
KALEMBO,102235-9,private,Songwe,Ileje DC,-9.487144,33.448977,shighland
KALEMELA,102237-5,public,Simiyu,Busega DC,-2.29663,33.7128,lake
KALEMELA A,102238-3,public,Tabora,Urambo DC,-5.00787,32.044441,central
KALENGA,102239-1,public,Iringa,Iringa DC,-7.80415,35.6011,shighland
KALENGA MEDICAL,121190-3,private,Dar Es Salaam,Kinondoni MC,,,coastal
KALENGAKERO,102240-9,private,Morogoro,Malinyi DC,,,coastal
KALENGE,102241-7,public,Kigoma,Uvinza DC,-4.95686,29.87916,central
KALENGE,102242-5,public,Kagera,Biharamulo DC,-3.15412,31.0654,lake
KALEPULA,102243-3,public,Rukwa,Kalambo DC,-8.76712,31.53226,shighland
KALIFUTA,112738-0,private,Morogoro,Ulanga DC,-8.33671,36.81878,coastal
KALIHAMWE,113031-9,private,Kigoma,Kigoma Ujiji MC,-4.88848,29.64081,central
KALILANI,122409-6,public,Kigoma,Uvinza DC,-6.00029,29.77991,central
KALILANKULUKULU,102247-4,public,Katavi,Tanganyika DC,-6.36715,30.93901,shighland
KALILANKULUKULU- GEREZANI,122851-9,public,Katavi,Tanganyika DC,-6.84075,31.46721,shighland
KALINZI,114452-6,private,Kigoma,Kigoma DC,-4.616783,29.725578,central
KALINZI,102248-2,public,Kigoma,Kigoma DC,-4.616765,29.725559,central
KALINZI,121771-0,public,Kigoma,Kigoma DC,-4.60581,29.72921,central
KALISA OPTICAL CENTRE,121163-0,private,Mwanza,Nyamagana MC,-2.51301,32.90007,lake
KALITA PRINMAT,102249-0,private,Dar Es Salaam,Ubungo MC,-6.71179,39.13544,coastal
KALITU,115050-7,public,Shinyanga,Kishapu DC,-3.91326,33.72142,lake
Kaliua DC,124830-1,public,Tabora,Kaliua DC,,,central
KALIUA GOVN,109992-8,public,Tabora,Kaliua DC,-5.043827,31.804701,central
KALOBE,102253-2,private,Mbeya,Mbeya CC,-8.92347,33.42175,shighland
KALOBE,114654-7,public,Mbeya,Mbeya CC,-8.91226,33.39754,shighland
KALOLA,102254-0,public,Tabora,Uyui DC,-5.04021,32.4905,central
KALOLE,120805-7,public,Shinyanga,Msalala DC,,,lake
Kalole,102255-7,public,Rukwa,Sumbawanga DC,-8.18631,31.7408,shighland
KALOLENI,102257-3,public,Kilimanjaro,Moshi MC,-3.37162,37.3443,northern
KALOLENI,102256-5,public,Tabora,Nzega DC,-4.800522,33.033178,central
KALORINE LABOARATORY,121711-6,private,Morogoro,Mlimba DC,,,coastal
KALUKO,111523-7,public,Rukwa,Kalambo DC,-8.54995,31.48701,shighland
KALULU,102259-9,public,Ruvuma,Tunduru DC,-10.60361,36.82174,shighland
Kalumbaleza,102260-7,public,Rukwa,Sumbawanga DC,-7.62137,31.5067,shighland
KALUMELE,102261-5,public,Tanga,Lushoto DC,-4.83439,38.32823,coastal
KALUNDE,102262-3,public,Tabora,Tabora MC,-4.97291,32.69661,central
KALUNDE,123306-3,private,Geita,Geita DC,-2.99617,31.92937,lake
KALUNDE TC,111580-7,public,Tabora,Tabora MC,,,central
KALUNDWA,102263-1,public,Morogoro,Morogoro DC,-6.92776,37.78272,coastal
"KALUNG""OYO",123177-8,public,Kilimanjaro,Same DC,-4.26496,38.03269,northern
KALUNGU,102265-6,public,Katavi,Nsimbo DC,-6.18307,31.19062,shighland
KALYA,102267-2,public,Kigoma,Uvinza DC,-6.47149,30.0092,central
KAM,124003-5,private,Dar Es Salaam,Ilala MC,-6.71448,39.21209,coastal
KAM Med,102269-8,private,Arusha,Arusha CC,-3.378285,36.696048,northern
KAM MUSIKA HOSPITAL,120347-0,private,Dar Es Salaam,Ubungo MC,-6.781748,39.176788,coastal
KAMACHUMU,102270-6,public,Kagera,Muleba DC,-1.62696,31.61398,lake
KAMAGAMBO,102271-4,public,Kagera,Karagwe DC,-1.60774,30.93779,lake
KAMALA-BANGWE,121364-4,public,Kigoma,Kigoma Ujiji MC,-4.90272,29.62391,central
KAMALAMPAKA,115018-4,public,Katavi,Mlele DC,-6.74779,32.13304,shighland
KAMALENDI,102272-2,public,Tabora,Urambo DC,-5.17193,31.90223,central
KAMANGA,109541-3,private,Mwanza,Nyamagana MC,-2.59272,32.92379,lake
KAMANGA,112060-9,public,Mwanza,Sengerema DC,-2.5354,32.83826,lake
KAMARA,102274-8,public,Kigoma,Kigoma DC,-4.85109,29.7378,central
KAMASI,102275-5,public,Mwanza,Ukerewe DC,-1.86272,32.8535,lake
KAMATA,102276-3,private,Tabora,Sikonge DC,-6.853519,33.223454,central
KAMAWE,102277-1,public,Rukwa,Kalambo DC,-8.57048,31.59895,shighland
KAMBAI,102278-9,public,Tanga,Muheza DC,-4.9822,38.70577,coastal
Kambala,102279-7,public,Morogoro,Mvomero DC,-6.318,37.583,coastal
KAMBANGWA,105906-2,public,Dar Es Salaam,Kinondoni MC,-6.78858,39.25442,coastal
KAMBARAGE-POLICE,102282-1,public,Shinyanga,Shinyanga MC,-3.66102,33.41862,lake
KAMBASEGELA,102283-9,public,Mbeya,Busokelo DC,-9.3952,33.8175,shighland
KAMBEWES',124521-6,private,Dar Es Salaam,Ubungo MC,-6.80709,39.14532,coastal
Kambi katete,111347-1,public,Rukwa,Nkasi DC,,,shighland
KAMBI YA CHOKAA,110807-5,public,Manyara,Simanjiro DC,-3.47554,37.18903,northern
KAMBI YA SIMBA,102287-0,public,Kilimanjaro,Mwanga DC,-3.594476,37.70814,northern
KAMBI YA SIMBA,102286-2,public,Arusha,Karatu DC,-3.277992,35.801515,northern
KAMBIKATOTO,102288-8,public,Mbeya,Chunya DC,-7.14417,33.48823,shighland
KAMBO,102289-6,public,Rukwa,Kalambo DC,-8.47923,31.72767,shighland
KAMBUBU,109756-7,public,Mara,Bunda DC,-1.93945,33.99943,lake
KAMBUZI,109202-2,public,Katavi,Nsimbo DC,-6.05102,31.09518,shighland
KAMENA,120523-6,public,Geita,Geita DC,-3.07612,32.32741,lake
KAMENYANGA,120855-2,public,Singida,Itigi DC,-5.69302,34.75687,central
KAMHANGA,120368-6,public,Geita,Geita DC,-2.731884,32.313951,lake
KAMINULA,102291-2,public,Katavi,Nsimbo DC,-6.15346,31.16321,shighland
KAMIS,112924-6,private,Iringa,Iringa MC,,,shighland
KAMISA,115213-1,public,Mwanza,Buchosa DC,-2.48277,32.47943,lake
KAMJELA,112413-0,public,Katavi,Tanganyika DC,-5.74673,30.56616,shighland
Kamnyazya,102293-8,public,Rukwa,Sumbawanga DC,-8.485531,32.084525,shighland
KAMNYONGE SDA,106702-4,private,Mara,Musoma MC,-1.51136,33.79264,lake
KAMO,113367-7,private,Mwanza,Nyamagana MC,-2.5490127,32.9655702,lake
KAMSAMBA,102294-6,public,Songwe,Momba DC,-8.35759,32.2943,shighland
KAMSANGA,115022-6,public,Katavi,Tanganyika DC,-6.36714,30.90879,shighland
KAMSEKWA,102295-3,public,Tabora,Urambo DC,-5.06803,32.06374,central
KAMSEKWA,109842-5,public,Tabora,Kaliua DC,,,central
KAMSISI,113144-0,public,Katavi,Mlele DC,-6.647414,32.114138,shighland
KAMUGEGI,102297-9,public,Mara,Butiama DC,-1.73528,33.79443,lake
KAMUGENDI,102290-4,public,Mara,Butiama DC,-1.64677,34.07882,lake
KAMULI,102298-7,public,Kagera,Kyerwa DC,-1.29292,30.85323,lake
KAMUNYONGE,115005-1,public,Mara,Musoma MC,-1.50808,33.79918,lake
KAMWANGA,102299-5,public,Arusha,Longido DC,-2.87804,37.36434,northern
KAMWENE,122119-1,private,Dodoma,Chemba DC,,,central
KANAAN LAND,111489-1,private,Arusha,Arusha CC,-3.405768,36.644791,northern
KANAANI,123838-5,private,Tabora,Uyui DC,-5.29138,33.69547,central
KANAANI,124518-2,private,Tabora,Uyui DC,-4.97225,33.48745,central
KANAANI,123472-3,private,Dar Es Salaam,Ubungo MC,-6.82001,39.15505,coastal
KANAMALENGA,102300-1,public,Njombe,Wanging'ombe DC,-8.92325,34.64173,shighland
KANANA,114648-9,private,Mwanza,Ilemela MC,-2.50215,32.91374,lake
KANANA,114477-3,private,Mwanza,Ilemela MC,-2.47861,32.93862,lake
KANANI,123878-1,private,Tabora,Urambo DC,-5.09061,32.06315,central
KANANI'S DIAGNOSTIC LABORATORY,122998-8,private,Tabora,Uyui DC,-4.97392,33.49063,central
Kanazi,102304-3,public,Kagera,Ngara DC,-2.56184,30.5807,lake
KANAZI,102302-7,public,Kigoma,Kasulu TC,-4.4997,30.212668,central
KANAZI,102305-0,public,Kagera,Bukoba DC,-1.46256,31.7376,lake
Kanchule,122768-5,private,Mbeya,Chunya DC,,,shighland
KANDAGA,102306-8,public,Kigoma,Uvinza DC,-4.96095,29.84394,central
KANDASHE,114246-2,public,Arusha,Meru DC,-3.20779,36.9366,northern
KANDASHI,102307-6,public,Kilimanjaro,Siha DC,-3.1887,36.9526,northern
KANDAWALE,102308-4,public,Lindi,Kilwa DC,-8.58324,38.8025,southern
KANDEGESHO,109553-8,public,Kagera,Karagwe DC,-1.8293,30.95011,lake
KANDETE,102310-0,public,Mbeya,Kyela DC,-9.564271,33.789829,shighland
KANDITA,109322-8,private,Tanga,Pangani DC,-5.42484,38.97905,coastal
Kandita Hale,122431-0,private,Tanga,Korogwe DC,-5.29825,38.60614,coastal
KANDITA NAYOTH HEALTH DIAGNOSTIC,113241-4,private,Tanga,Korogwe TC,-5.14952,38.43624,coastal
KANEGELE,114862-6,public,Geita,Nyang'hwale DC,-6.45678,38.21491,lake
KANEGERE,102312-6,public,Geita,Mbogwe DC,-3.69864,32.26665,lake
KANEMBWA JKT,102314-2,public,Kigoma,Kakonko DC,-3.50767,30.83466,central
KANG'ATA,102321-7,public,Tanga,Handeni DC,-5.65958,37.8986,coastal
KANG'ATA HEALTH,123274-3,private,Tanga,Handeni DC,-5.36125,38.43234,coastal
KANGA,102316-7,public,Morogoro,Mvomero DC,-6.000705,37.746794,coastal
KANGA,109159-4,public,Songwe,Songwe DC,-8.579571,33.058581,shighland
Kanga,102317-5,public,Pwani,Mafia DC,-7.72607,39.85335,coastal
KANGAGA,102318-3,public,Mbeya,Mbarali DC,-8.76362,34.5025,shighland
KANGAGAI,102319-1,public,Tanga,Lushoto DC,-4.5999,38.31963,coastal
KANGARIANI,120824-8,public,Mara,Tarime DC,-1.27543,34.46799,lake
"KANGAYE ""B""",114367-6,private,Mwanza,Ilemela MC,,,lake
KANGE,113225-7,private,Tanga,Tanga CC,-5.098164,39.040047,coastal
KANGE,102322-5,public,Tanga,Tanga CC,-5.09969,39.04266,coastal
KANGE JWTZ,102323-3,public,Tanga,Tanga CC,-5.09686,39.01545,coastal
KANGEME,102324-1,public,Tabora,Kaliua DC,-5.42692,31.58125,central
KANIHA,102326-6,public,Kagera,Biharamulo DC,-3.28951,31.42389,lake
KANIKELELE,102329-0,public,Njombe,Njombe DC,-9.217842,35.261245,shighland
KANING'OMBE,102330-8,private,Iringa,Iringa DC,-7.91847,35.47658,shighland
Kanisa La Mungu,123914-4,private,Tabora,Kaliua DC,,,central
KANISA LA MUNGU (KLM),102332-4,private,Dar Es Salaam,Ilala MC,-6.82138,39.21319,coastal
KANKOKORO,123333-7,public,Kilimanjaro,Same DC,-4.46977,38.07422,northern
KANKWALE,102335-7,public,Rukwa,Sumbawanga MC,-7.8984,31.59168,shighland
KANOGE,102336-5,public,Tabora,Kaliua DC,-4.79369,32.33266,central
KANOGE,113373-5,public,Katavi,Mlele DC,-6.69811,31.99061,shighland
KANOGE,102337-3,public,Katavi,Nsimbo DC,-6.16843,31.1212,shighland
KANOGE 1,115029-1,public,Katavi,Nsimbo DC,-6.42397,31.23509,shighland
KANONDO,102338-1,public,Rukwa,Sumbawanga MC,-7.91286,31.5697,shighland
KANONI,108913-5,public,Kagera,Karagwe DC,-1.35581,31.03124,lake
KANSAY,102340-7,private,Arusha,Karatu DC,-3.66907,35.59363,northern
KANTALEMWA,102341-5,public,Rukwa,Kalambo DC,-8.83154,31.6404,shighland
KANTAWA,115171-1,public,Rukwa,Nkasi DC,-7.75048,31.35773,shighland
KANUDA  MEDICAL  CARE POLYCLINIC,120393-4,private,Mtwara,Mtwara MC,,,southern
KANUMBA,122103-5,private,Simiyu,Bariadi TC,-2.80831,33.99129,lake
KANYAMA,108684-2,public,Mwanza,Magu DC,-2.56932,33.02935,lake
KANYELELE,102342-3,public,Mbeya,Busokelo DC,-9.26227,33.7671,shighland
KANYELELE,121746-2,public,Mwanza,Sengerema DC,-2.68936,32.47444,lake
KANYENJA,113819-7,public,Morogoro,Ifakara TC,,,coastal
KANYENYE,102344-9,public,Tabora,Uyui DC,-4.81548,32.88202,central
KANYERERE,102343-1,public,Mwanza,Misungwi DC,-2.66868,33.09776,lake
KANYEZI,102345-6,public,Rukwa,Kalambo DC,-8.66089,31.86467,shighland
KANYIGO,102346-4,public,Kagera,Missenyi DC,-1.07691,31.74676,lake
KANYIGO,121789-2,public,Kagera,Missenyi DC,-1.51111,31.44811,lake
KANYIMBI,102347-2,public,Mtwara,Masasi DC,,,southern
KANYINDO,123995-3,public,Geita,Chato DC,-2.95005,31.54196,lake
Kanyinya,102348-0,public,Kagera,Ngara DC,-2.6206,30.63536,lake
KANYONGA,121021-0,private,Tabora,Uyui DC,-5.11705,33.112,central
KANYONZA,102349-8,public,Kigoma,Kakonko DC,-3.24181,31.00056,central
KAOLE,102352-2,public,Pwani,Bagamoyo DC,-6.46135,38.93841,coastal
KAONGA,112174-8,public,Songwe,Momba DC,-8.68779,32.37329,shighland
KAOZE,102353-0,public,Rukwa,Sumbawanga DC,-8.45989,32.15831,shighland
KAPALALA,115031-7,public,Katavi,Nsimbo DC,-6.41494,31.16124,shighland
KAPALALA,109171-9,public,Songwe,Songwe DC,-8.065178,32.684799,shighland
Kapalamsenga,102355-5,public,Katavi,Tanganyika DC,-6.81406,30.49082,shighland
KAPAMISYA,102356-3,public,Mbeya,Kyela DC,-9.53283,33.82014,shighland
KAPANDA,102357-1,public,Katavi,Nsimbo DC,-6.48943,31.07813,shighland
KAPANGA,122263-7,public,Katavi,Tanganyika DC,-6.32127,30.70968,shighland
KAPARAMSENGA,102358-9,public,Kigoma,Uvinza DC,-5.803808,29.955492,central
KAPELA MEDICAL,123677-7,private,Geita,Bukombe DC,-3.47421,31.90101,lake
KAPELE,102359-7,public,Rukwa,Kalambo DC,-8.57806,31.17511,shighland
KAPELE,108865-7,public,Songwe,Momba DC,-9.068834,32.182498,shighland
KAPELE,120313-2,public,Songwe,Momba DC,,,shighland
KAPELEKESI,102361-3,public,Songwe,Ileje DC,-9.528385,33.489666,shighland
KAPEMBA,115024-2,public,Katavi,Tanganyika DC,-5.53721,30.58446,shighland
KAPETA,102362-1,public,Songwe,Ileje DC,-9.473826,33.668962,shighland
KAPINGA,123264-4,private,Ruvuma,Mbinga DC,-11.03637,34.80029,shighland
KAPOMBE,110952-9,private,Mbeya,Mbeya CC,-8.91871,33.41432,shighland
KAPOZWA,102363-9,public,Rukwa,Kalambo DC,-8.58475,31.24245,shighland
KAPUGI,102364-7,public,Mbeya,Rungwe DC,-9.317925,33.591683,shighland
KAPUNGA,112098-9,public,Mbeya,Mbarali DC,-8.68967,34.05553,shighland
KARAGO,102366-2,public,Kigoma,Uvinza DC,-5.28404,29.80053,central
Karagwe DC,124679-2,public,Kagera,Karagwe DC,,,lake
KARAGWE DISTRICT,113921-1,public,Kagera,Karagwe DC,-1.48837,31.16418,lake
KARAMBA,102368-8,public,Kilimanjaro,Mwanga DC,-3.771923,37.834105,northern
KARAMBA,102369-6,public,Kilimanjaro,Same DC,-4.478201,38.112974,northern
KARAMBI,102370-4,public,Kagera,Muleba DC,-2.10592,31.5024,lake
KARANGAI,102372-0,public,Arusha,Meru DC,-3.47771,36.8687,northern
KARANGASI,102229-2,public,Tabora,Uyui DC,-5.562109,34.008944,central
KARANSI,120851-1,public,Kilimanjaro,Siha DC,-3.18324,36.99722,northern
KARASECO,102375-3,private,Kagera,Karagwe DC,-1.46307,31.18084,lake
KARASHA,110376-1,public,Songwe,Mbozi DC,-9.04305,32.97258,shighland
KARATU,102376-1,public,Arusha,Karatu DC,-3.339992,35.669432,northern
Karatu DC,124643-8,public,Arusha,Karatu DC,,,northern
KARATU LUTHERAN,102377-9,private,Arusha,Karatu DC,-3.337586,35.626898,northern
KARATU RC,102378-7,private,Arusha,Karatu DC,-3.34556,35.68218,northern
KAREMA,102381-1,public,Katavi,Tanganyika DC,-6.81633,30.44368,shighland
KARIAKOO,102382-9,private,Dar Es Salaam,Ilala MC,-6.81983,39.27571,coastal
KARIAKOO EYE CENTRE,112968-3,private,Mwanza,Nyamagana MC,,,lake
KARITU,102385-2,public,Tabora,Nzega DC,-4.30573,32.9786,central
KARMEL,102386-0,private,Kilimanjaro,Moshi DC,-3.33759,37.48723,northern
KARONGO,108579-4,public,Kagera,Kyerwa DC,-1.54798,30.91296,lake
KARSHAY,109210-5,private,Mtwara,Tandahimba DC,-10.75318,39.62988,southern
KARUKEKERE,102387-8,public,Mara,Bunda DC,-2.06709,33.5447,lake
KARUMO,102390-2,public,Mwanza,Sengerema DC,-2.500977,32.805992,lake
KASAHUNGA,102391-0,public,Mara,Bunda DC,-2.15067,33.5112,lake
KASAKA,102392-8,public,Kigoma,Kibondo DC,-3.74841,30.59518,central
KASAKA,110146-8,private,Kigoma,Kigoma DC,-4.86057,29.69613,central
KASALA,102393-6,public,Geita,Chato DC,-2.89902,31.79016,lake
KASALA,114244-7,public,Mbeya,Kyela DC,-9.54976,33.84537,shighland
KASAMBO,122340-3,private,Dar Es Salaam,Ubungo MC,-6.81575,39.23151,coastal
KASAMWA,102395-1,private,Geita,Geita TC,-2.8475,32.42935,lake
KASAMWA RHC,102394-4,public,Geita,Geita TC,-2.85115,32.39511,lake
KASANDA,102396-9,public,Kigoma,Kakonko DC,-3.37508,30.8734,central
KASANDALALA,102397-7,public,Tabora,Sikonge DC,-5.42964,32.7422,central
KASANG'WA,102404-1,public,Geita,Geita DC,-2.721869,31.850882,lake
KASANGA,102399-3,public,Tabora,Nzega DC,-4.41358,32.68431,central
KASANGA,102400-9,public,Iringa,Mufindi DC,-8.63447,35.13924,shighland
KASANGA,102398-5,public,Rukwa,Kalambo DC,-8.45802,31.14373,shighland
KASANGA,121850-2,public,Morogoro,Morogoro DC,-6.18448,37.72445,coastal
KASANGA MISSION,102401-7,private,Morogoro,Morogoro DC,-7.19666,37.74436,coastal
Kasange,102402-5,public,Kagera,Ngara DC,-2.44414,30.53767,lake
KASANGEZI,102403-3,public,Kigoma,Kasulu DC,-4.777712,30.036449,central
KASANII,124297-3,public,Singida,Manyoni DC,-6.08972,34.72412,central
KASANSA,121606-8,public,Katavi,Mpimbwe DC,-7.46123,31.38927,shighland
KASANU,102406-6,public,Songwe,Momba DC,-8.369221,32.362852,shighland
KASANZU,121995-5,private,Lindi,Kilwa DC,-9.51872,39.48919,southern
KASAPA,124367-4,public,Rukwa,Nkasi DC,-7.95754,31.31184,shighland
KASAPO,102407-4,public,Kilimanjaro,Same DC,-4.33708,37.8582,northern
KASATO,121889-0,public,Kagera,Biharamulo DC,,,lake
KASEKE,102408-2,public,Kigoma,Kigoma DC,-5.01667,29.7833,central
Kasekela,102409-0,public,Rukwa,Sumbawanga DC,-7.46799,31.44349,shighland
KASEKESE,122153-0,private,Katavi,Tanganyika DC,-6.55199,30.688606,shighland
KASEKESE,102410-8,public,Katavi,Tanganyika DC,-6.55233,30.68803,shighland
KASELA,102411-6,public,Tabora,Nzega DC,-4.0982,33.007,central
KASELYA,102412-4,public,Singida,Iramba DC,-4.69654,34.50416,central
KASEMA,102414-0,private,Rukwa,Sumbawanga MC,-7.960423,31.614008,shighland
KASEME,102415-7,public,Geita,Geita DC,-3.10909,31.95451,lake
KASENGA,102417-3,public,Geita,Chato DC,-2.639851,31.448732,lake
KASENI,102418-1,public,Mwanza,Ukerewe DC,-1.94137,32.84717,lake
Kaseni,110865-3,public,Mwanza,Misungwi DC,-2.66092,32.9848,lake
KASENSE,102419-9,public,Rukwa,Sumbawanga MC,-7.97996,31.5049,shighland
KASENYI,102420-7,public,Mwanza,Sengerema DC,-2.51264,32.59708,lake
KASHABA,122396-5,public,Kagera,Missenyi DC,-1.15161,31.15491,lake
KASHAGULU,102423-1,public,Kigoma,Uvinza DC,-6.45671,30.04182,central
KASHAI,121788-4,public,Kagera,Bukoba MC,-1.32781,31.81257,lake
KASHAI,102424-9,public,Kagera,Bukoba MC,-1.32189,31.81814,lake
KASHAI,113037-6,private,Kagera,Bukoba MC,-1.32191,31.81808,lake
KASHAMBYA,121225-7,private,Kagera,Missenyi DC,-1.27268,31.41364,lake
KASHANGA,102425-6,public,Kagera,Missenyi DC,-1.20881,31.70203,lake
KASHANGU,124011-8,public,Singida,Itigi DC,,,central
Kasharazi,102426-4,public,Kagera,Ngara DC,-2.52161,30.75093,lake
KASHASHA,102428-0,private,Kagera,Missenyi DC,-1.22897,31.64319,lake
KASHASHI,102427-2,public,Kilimanjaro,Siha DC,-3.2097,37.1224,northern
KASHAULILI,108697-4,private,Katavi,Mpanda MC,-6.344848,31.074057,shighland
KASHENYE,102431-4,public,Kagera,Missenyi DC,-1.00699,31.75645,lake
KASHIMBA,113328-9,private,Mwanza,Ilemela MC,-2.532311,32.9397,lake
KASHINDYE,123343-6,private,Dodoma,Dodoma CC,-6.20064,35.71401,central
KASHISHI,102432-2,public,Tabora,Kaliua DC,-4.38537,32.3813,central
KASHISHI,121607-6,public,Katavi,Mpimbwe DC,-7.17112,31.28811,shighland
KASHISHI,123831-0,public,Tabora,Kaliua DC,-4.38537,32.38132,central
KASHISHI,102433-0,public,Geita,Geita DC,-3.07492,32.20141,lake
KASHISHI,102434-8,public,Shinyanga,Msalala DC,-3.52784,32.74006,lake
KASHISHI,102435-5,public,Simiyu,Itilima DC,-3.00501,33.84295,lake
KASHOZI,102436-3,private,Kagera,Bukoba DC,-1.22549,31.80813,lake
KASI,122062-3,private,Dar Es Salaam,Ilala MC,-6.84189,39.21153,coastal
KASIGA,111859-5,private,Morogoro,Ifakara TC,-8.14811,36.68411,coastal
KASILATI,122151-4,private,Mbeya,Mbeya CC,,33.505196,shighland
KASIMANA,102437-1,public,Tabora,Kaliua DC,-4.59867,32.1206,central
KASIMBI,113444-4,private,Dar Es Salaam,Ilala MC,,,coastal
KASIMINGI,114455-9,private,Simiyu,Busega DC,-2.32134,33.6681,lake
KASINDAGA,121047-5,public,Kagera,Muleba DC,-2.263912,31.50757,lake
KASINDE,109717-9,public,Songwe,Momba DC,-8.931355,32.13484,shighland
KASINDE,112411-4,public,Katavi,Tanganyika DC,-6.29778,30.91999,shighland
KASISA,102439-7,public,Mwanza,Buchosa DC,-2.48777,32.51288,lake
KASISI,102440-5,public,Tabora,Urambo DC,-5.13452,32.13768,central
KASISI,111336-4,public,Kigoma,Uvinza DC,-5.05531,30.96591,central
KASISI B,120782-8,public,Tabora,Uyui DC,-5.05036,32.57936,central
KASITU,102441-3,public,Rukwa,Kalambo DC,-8.45751,31.37496,shighland
KASOKOLA,102442-1,public,Katavi,Mpanda MC,-6.27889,31.06566,shighland
KASOLI,102443-9,public,Simiyu,Bariadi DC,-2.57833,33.67857,lake
KASOMEKO,102444-7,public,Mwanza,Sengerema DC,-2.518219,32.711871,lake
KASONGATI,102445-4,public,Kigoma,Kakonko DC,-3.30533,30.79337,central
KASOTA,109270-9,public,Geita,Geita DC,-2.73586,32.16666,lake
KASOTA,112892-5,private,Geita,Geita DC,-2.73938,32.17618,lake
KASOZIBAKAYA,102447-0,public,Kagera,Biharamulo DC,-2.81081,31.68854,lake
KASSOGA MEMORIAL,121153-1,private,Shinyanga,Shinyanga DC,-3.5719125,32.9324,lake
KASU,102448-8,public,Rukwa,Nkasi DC,-7.65316,31.33374,shighland
KASUBUYA,122355-1,public,Geita,Nyang'hwale DC,-3.18289,32.48942,lake
KASUGA,102449-6,public,Kigoma,Kakonko DC,-3.25927,30.90755,central
KASUGUTI,102450-4,public,Mara,Bunda DC,-2.16534,33.5821,lake
KASUKU,102451-2,public,Kigoma,Uvinza DC,-4.90331,29.74438,central
Kasulo,102452-0,public,Kagera,Ngara DC,-2.51648,30.8217,lake
Kasulu DC,124693-3,public,Kigoma,Kasulu DC,,,central
Kasulu TC,124694-1,public,Kigoma,Kasulu TC,,,central
KASULU TC,102453-8,public,Kigoma,Kasulu TC,-4.56113,30.0967,central
KASULWA,108710-5,private,Kigoma,Kigoma Ujiji MC,-4.94929,29.64658,central
KASUMO,102454-6,private,Kigoma,Buhigwe DC,-4.36226,30.10765,central
KASUNGAMILE,102456-1,public,Mwanza,Sengerema DC,-2.58995,32.7167,lake
KASUNGAMILE MAGEREZA,123062-2,public,Mwanza,Sengerema DC,-2.67541,32.57665,lake
KASUNGU,112467-6,public,Tabora,Kaliua DC,-5.011027,31.788824,central
KASYABONE,102458-7,private,Mbeya,Busokelo DC,-9.39949,33.86813,shighland
KATAHOKA,102459-5,public,Kagera,Biharamulo DC,-2.73532,31.39751,lake
KATALA,122529-1,private,Dar Es Salaam,Ilala MC,-6.95199,39.13097,coastal
KATANDA,121360-2,public,Kagera,Karagwe DC,-1.38309,31.15686,lake
KATANDALA,102460-3,private,Rukwa,Sumbawanga MC,-7.951357,31.620793,shighland
KATANGA,102461-1,public,Kigoma,Kakonko DC,-3.45169,30.6753,central
Katani,102463-7,public,Rukwa,Nkasi DC,-7.70237,31.2866,shighland
KATAPULO,102464-5,public,Rukwa,Kalambo DC,-8.16851,31.3547,shighland
KATARE,102466-0,public,Kagera,Bukoba DC,-1.08723,31.8374,lake
KATAVI,121927-8,public,Katavi,Mpanda MC,-6.31372,31.09003,shighland
KATAZI,102467-8,public,Rukwa,Kalambo DC,-8.53029,31.7441,shighland
KATE,102468-6,public,Rukwa,Nkasi DC,-7.85349,31.17794,shighland
KATE VA,102469-4,private,Rukwa,Nkasi DC,-7.860027,31.175091,shighland
KATEMBE,120654-9,private,Mwanza,Ilemela MC,-2.49849,32.91116,lake
KATEMBE,121046-7,public,Kagera,Muleba DC,-2.218998,31.657843,lake
KATENDE,102470-2,public,Geita,Chato DC,-2.70833,31.67925,lake
KATENGE,120564-0,public,Njombe,Wanging'ombe DC,-8.81956,34.76862,shighland
KATERA,122886-5,public,Kagera,Kyerwa DC,-1.26165,30.68547,lake
KATERERE,102472-8,public,Kagera,Ngara DC,-2.59913,30.60954,lake
KATESH,102473-6,public,Manyara,Hanang DC,-4.52109,35.37946,northern
KATESH PENTECOSTAL,112288-6,private,Manyara,Hanang DC,-4.52473,35.38627,northern
KATESHI,112039-3,private,Manyara,Hanang DC,-4.52523,35.38482,northern
KATETE,102474-4,public,Rukwa,Kalambo DC,-8.62538,31.50629,shighland
KATETE,115325-3,public,Kigoma,Uvinza DC,-5.09836,29.81534,central
KATETE,102475-1,public,Geita,Chato DC,-2.375205,31.685286,lake
KATETE,108849-1,public,Songwe,Tunduma TC,-9.256486,32.838614,shighland
KATIJI,111399-2,private,Mtwara,Masasi DC,,,southern
KATIKATI,102477-7,public,Manyara,Kiteto DC,-5.00634,36.34838,northern
KATINDIUKA,123134-9,public,Morogoro,Ifakara TC,-8.13961,36.70623,coastal
KATISUNGA,121485-7,public,Katavi,Nsimbo DC,-6.47248,31.09491,shighland
KATO AFRICAN HEALTH CARE,124933-3,private,Dar Es Salaam,Ubungo MC,-6.34545,39.36675,coastal
KATOMA,102481-9,public,Mwanza,Buchosa DC,-2.56798,32.3708,lake
KATOMA,102482-7,public,Geita,Geita DC,-2.53303,32.05973,lake
KATOMA,102480-1,public,Kagera,Bukoba DC,-1.29175,31.7616,lake
KATOME,124446-6,public,Geita,Bukombe DC,-3.40107,31.96497,lake
KATONGOLO,115057-2,public,Rukwa,Nkasi DC,-7.43002,30.64936,shighland
Katonto,102483-5,public,Rukwa,Sumbawanga DC,-8.228946,31.726507,shighland
KATORO,102484-3,public,Geita,Geita DC,-3.00863,31.93249,lake
KATORO,102485-0,public,Kagera,Bukoba DC,-1.39549,31.4958,lake
KATORO,115229-7,public,Geita,Geita DC,-3.00161,31.95964,lake
KATORO TCMC,102486-8,private,Geita,Geita DC,-3.00239,31.9257,lake
KATUKA,102487-6,public,Rukwa,Kalambo DC,-8.11485,31.52625,shighland
KATUMA,102488-4,public,Katavi,Tanganyika DC,-6.32127,30.70968,shighland
KATUMBA,102489-2,public,Katavi,Nsimbo DC,-6.19233,31.14245,shighland
KATUMBA AZIMIO,102491-8,public,Rukwa,Sumbawanga MC,-8.08157,31.66584,shighland
KATUMBA I,102493-4,public,Mbeya,Rungwe DC,-9.23005,33.62703,shighland
KATUMBA II,102490-0,public,Mbeya,Rungwe DC,-9.226294,33.641747,shighland
KATUMBA SONGWE,102492-6,public,Mbeya,Kyela DC,-9.694057,33.922921,shighland
KATUMBI,110853-9,public,Kigoma,Uvinza DC,-6.000293,29.779903,central
KATUNDA,121253-9,public,Tabora,Uyui DC,-5.28634,32.25051,central
KATUNDU,102495-9,public,Kigoma,Buhigwe DC,-4.25664,30.18938,central
KATUNDULU,102496-7,public,Mbeya,Rungwe DC,-9.37857,33.67226,shighland
KATUNGURU,102497-5,public,Mwanza,Sengerema DC,-2.50944,32.67532,lake
KATURUKILA,102499-1,private,Morogoro,Mlimba DC,-8.08856,36.68098,coastal
KATWE,115159-6,public,Mwanza,Buchosa DC,-2.41278,32.08883,lake
KATWE,102500-6,public,Kagera,Karagwe DC,-1.41536,31.12823,lake
KAUMU,123311-3,private,Mtwara,Masasi TC,-10.72281,38.81445,southern
Kaunda,102502-2,public,Mwanza,Misungwi DC,-2.75807,32.98291,lake
KAUTHAR MEDICAL,123162-0,private,Dar Es Salaam,Ilala MC,-6.46085,39.28764,coastal
KAUZENI,122580-4,public,Morogoro,Morogoro MC,-6.89746,37.60006,coastal
Kavifuti,102504-8,public,Rukwa,Sumbawanga DC,-8.69023,32.0667,shighland
KAWALYOWA,121222-4,public,Katavi,Mpanda MC,-6.22761,31.63014,shighland
KAWAWA,102506-3,public,Mtwara,Mtwara DC,-10.372583,40.090017,southern
KAWAWA,102505-5,public,Dodoma,Chamwino DC,-5.971917,36.05055,central
KAWAYA,102507-1,public,Kilimanjaro,Hai DC,-3.46035,37.2209,northern
KAWE,102508-9,public,Dar Es Salaam,Kinondoni MC,-6.73995,39.22662,coastal
KAWEKAMO,123427-7,public,Mwanza,Ilemela MC,-2.49552,32.92933,lake
KAWEKAPINA,102510-5,public,Tabora,Uyui DC,-5.28577,32.994,central
KAWETERE,102511-3,public,Mbeya,Mbeya DC,-8.848027,33.505838,shighland
KAYANDA,114431-0,private,Mwanza,Ilemela MC,-2.47277,32.91173,lake
KAYANGA PRISON,102514-7,public,Kagera,Karagwe DC,-1.53188,31.15598,lake
KAYENZE,108478-9,public,Mwanza,Buchosa DC,-2.5847,32.2779,lake
KAYENZE,124278-3,public,Katavi,Tanganyika DC,-6.19609,30.33004,shighland
KAYENZE,102515-4,public,Geita,Nyang'hwale DC,-3.28394,32.60414,lake
KAYENZE,121096-2,private,Geita,Geita DC,-2.810405,32.03877,lake
KAYENZE,120959-2,public,Mwanza,Ilemela MC,-2.39261,33.06739,lake
KAYS,113433-7,private,Dar Es Salaam,Ilala MC,,,coastal
KAZAMOYO,102517-0,public,Ruvuma,Tunduru DC,-11.35993,37.44131,shighland
KAZAMOYO,122404-7,public,Mtwara,Nanyumbu DC,-10.51222,38.37242,southern
KAZAROHO,102518-8,public,Tabora,Kaliua DC,-4.98873,31.8535,central
KAZI,115136-4,public,Rukwa,Sumbawanga DC,-8.26209,31.72265,shighland
KAZIBURE HEALTH  CARE,120578-0,private,Mtwara,Masasi DC,,,southern
KAZIKAZI,120644-0,public,Singida,Itigi DC,-5.59682,34.2445,central
KAZILA,111752-2,public,Rukwa,Kalambo DC,-8.365688,31.71628,shighland
KAZILAMIHUNDA,102519-6,public,Kigoma,Kakonko DC,-3.42581,30.83846,central
KAZILANKANDA,102520-4,private,Mwanza,Ukerewe DC,-2.04624,33.00356,lake
KAZIMA,121489-9,public,Katavi,Mpanda MC,-6.32741,31.09213,shighland
KAZIMZUMBWI,108590-1,public,Pwani,Kisarawe DC,-7.00039,38.71558,coastal
KAZINGA,122909-5,public,Kagera,Bukoba DC,-1.45155,31.53326,lake
KAZINGATI,102521-2,public,Kagera,Ngara DC,-2.73639,30.68297,lake
KAZOLE,123398-0,public,Pwani,Mkuranga DC,-7.012655,39.326065,coastal
Kazovu,102522-0,public,Rukwa,Nkasi DC,-7.247511,30.554301,shighland
KAZURAMIMBA,102523-8,public,Kigoma,Uvinza DC,-4.99287,29.99455,central
KBD MEDICAL,110580-8,private,Dar Es Salaam,Kinondoni MC,-6.78477,39.26323,coastal
KBD ROYAL,111365-3,private,Dar Es Salaam,Kinondoni MC,-6.77556,39.23792,coastal
KCMC,102525-3,private,Kilimanjaro,Moshi MC,,,northern
KDM,124001-9,private,Dodoma,Dodoma CC,-6.14949,35.74876,central
KEA CLINIC,112772-9,private,Dodoma,Dodoma CC,-6.15091,35.73873,central
KEBAGA,122822-0,public,Mara,Tarime TC,-1.38364,34.38462,lake
KEBANCHEBANCHE,102528-7,public,Mara,Serengeti DC,-1.688372,34.56162,lake
KEBOSONGO,114977-2,public,Mara,Serengeti DC,-1.85954,34.72333,lake
KEBWEYE,114817-0,public,Mara,Tarime DC,-1.35731,34.5606,lake
KEIKEI,122432-8,public,Dodoma,Kondoa DC,-4.78521,36.04006,central
KEKO MEDICAL SERVICES,103268-9,private,Dar Es Salaam,Temeke MC,-6.839139,39.274025,coastal
Keko Mwanga,102531-1,public,Dar Es Salaam,Temeke MC,-6.836683,39.276667,coastal
Keko Prison,102532-9,public,Dar Es Salaam,Temeke MC,-6.841671,39.276169,coastal
KELEI,110776-2,private,Dar Es Salaam,Ubungo MC,-6.71303,39.17087,coastal
KELEMA,102533-7,public,Dodoma,Chemba DC,-5.112777,35.822232,central
KELLEN,108441-7,private,Pwani,Kibaha TC,-6.78148,38.98859,coastal
KEMAKORERE,123153-9,public,Mara,Tarime DC,-1.38071,34.45115,lake
KEMAMBO GROUP,113791-8,private,Mara,Tarime DC,-1.46351,34.5276,lake
KEMBWI,120828-9,public,Mara,Tarime DC,,,lake
KEMIL & DIASON,112049-2,private,Dar Es Salaam,Kinondoni MC,-6.62015,39.09701,coastal
KEMMY,113425-3,private,Dar Es Salaam,Ilala MC,,,coastal
KEMUGESI,102537-8,public,Mara,Serengeti DC,-1.772239,34.4131,lake
KEN MEDICAL,121978-1,private,Dar Es Salaam,Ilala MC,-6.85321,39.17995,coastal
KENGELE,123980-5,private,Katavi,Mpanda MC,-6.51391,30.73051,shighland
KENI,102538-6,public,Kilimanjaro,Rombo DC,-3.2352,37.61027,northern
KENI PARISH,102539-4,private,Kilimanjaro,Rombo DC,-3.23422,37.61969,northern
KENKE,121935-1,public,Singida,Mkalama DC,-4.42451,34.72491,central
KENNY,113228-1,private,Tanga,Korogwe TC,-5.13733,38.45294,coastal
KENNY,120650-7,private,Dar Es Salaam,Ubungo MC,,,coastal
KENOKWE,114975-6,public,Mara,Serengeti DC,-1.87542,34.50421,lake
KENOSHUKURU,112225-8,private,Mtwara,Nanyumbu DC,-10.93371,38.38936,southern
KENYAMANYORI,109914-2,public,Mara,Tarime TC,-1.38419,34.40572,lake
KENYAMONTA,123413-7,public,Mara,Serengeti DC,-1.71749,34.26912,lake
KENYANA,102542-8,public,Mara,Serengeti DC,-1.725373,34.495149,lake
KENYANA,122774-3,public,Kagera,Missenyi DC,,,lake
KENYANGI,123367-5,public,Mara,Tarime DC,-1.29141,34.42858,lake
KERA,123478-0,private,Dar Es Salaam,Ubungo MC,-6.76405,39.04373,coastal
KERATO,123256-0,private,Mwanza,Nyamagana MC,-2.53405,32.93161,lake
KEREBE,102544-4,public,Kagera,Muleba DC,-1.473878,32.113628,lake
KERENGE,102546-9,public,Tanga,Korogwe DC,-5.02698,38.53418,coastal
KERENGE,122443-5,public,Tanga,Korogwe DC,-5.18271,38.36182,coastal
KERUKEREGE,114979-8,public,Mara,Serengeti DC,-1.79734,34.34689,lake
KESHENI MISSION,110701-0,private,Dar Es Salaam,Temeke MC,-6.94387,39.27725,coastal
KETAKETA,102547-7,public,Morogoro,Ulanga DC,-9.09988,36.74228,coastal
KETO,110679-8,private,Dar Es Salaam,Kinondoni MC,-6.71839,39.20016,coastal
KETUMBEINE,103195-4,private,Arusha,Longido DC,-2.83191,36.30613,northern
KEWAMAMBA,122475-7,public,Mara,Tarime DC,-1.39733,34.34851,lake
KEWANJA,114816-2,public,Mara,Tarime DC,-1.3825,34.5335,lake
KEYMARK,120344-7,private,Kagera,Karagwe DC,-1.53251,31.15113,lake
KEZA,102548-5,private,Kigoma,Kakonko DC,-3.4012,30.8642,central
KEZA,102549-3,public,Kagera,Ngara DC,-2.79167,30.72093,lake
KGM-,123861-7,private,Kilimanjaro,Hai DC,-3.30891,37.20146,northern
KHARUMWA,102551-9,public,Geita,Nyang'hwale DC,-3.19991,32.6574,lake
KHARUMWA JUMUIYA YA WAZAZI,109564-5,private,Geita,Nyang'hwale DC,-3.20168,32.6503,lake
KHEIR,111892-6,private,Dar Es Salaam,Kigamboni MC,-6.876184,39.395086,coastal
KHOJA SHIA ITHNAASHERI CHARITABLE EYE CENTRE,120273-8,private,Dar Es Salaam,Temeke MC,-6.863617,39.260143,coastal
KHUBUNKO,102553-5,public,Dodoma,Chemba DC,-5.48301,35.635516,central
KHUSHO,102554-3,private,Tanga,Korogwe TC,-5.16354,38.46114,coastal
KHUSUMAY,102555-0,public,Arusha,Karatu DC,-3.472663,35.622913,northern
KIA,102557-6,public,Kilimanjaro,Hai DC,-3.421484,37.06664,northern
KIA,102556-8,private,Arusha,Meru DC,-3.37403,36.78446,northern
KIA RC,102558-4,private,Kilimanjaro,Hai DC,-3.38625,37.0629,northern
KIABAKARI JWTZ,102559-2,public,Mara,Butiama DC,-1.77209,33.8481,lake
KIABAKARI MAGEREZA,102560-0,public,Mara,Butiama DC,-1.77482,33.8218,lake
KIAGATA,102562-6,public,Mara,Butiama DC,-1.66007,34.10725,lake
KIAN,123670-2,private,Dar Es Salaam,Kinondoni MC,-6.78586,39.26563,coastal
Kianda,102563-4,public,Rukwa,Sumbawanga DC,-8.293211,31.755769,shighland
Kianda Igonda,102564-2,public,Rukwa,Sumbawanga DC,-8.50992,32.1819,shighland
KIANG'S,124454-0,private,Pwani,Kibaha TC,-6.74105,38.95523,coastal
KIANGARA,102565-9,public,Lindi,Liwale DC,-9.94778,38.36778,southern
KIASI,102566-7,public,Pwani,Kibiti DC,-8.00296,39.4238,coastal
KIAZE,111998-1,private,Arusha,Arusha CC,-3.36279,36.67261,northern
KIBADA,102567-5,public,Dar Es Salaam,Kigamboni MC,-6.88959,39.3389,coastal
KIBADA,122760-2,public,Pwani,Mafia DC,-7.87669,39.78889,coastal
KIBADA MISSION MEDICAL LABORATORY,111882-7,private,Dar Es Salaam,Kigamboni MC,-6.89114,39.34,coastal
KIBAFUTA,102568-3,public,Tanga,Tanga CC,-5.00254,39.02122,coastal
Kibaha DC,124779-0,public,Pwani,Kibaha DC,,,coastal
KIBAHA DC,113938-5,public,Pwani,Kibaha DC,-6.77883,38.72324,coastal
KIBAHA MJI,113982-3,public,Pwani,Kibaha TC,-6.74722,38.96934,coastal
KIBAHA SPECIALIZED POLYCLINIC,114836-0,private,Pwani,Kibaha TC,-6.74775,38.90356,coastal
Kibaha TC,124780-8,public,Pwani,Kibaha TC,,,coastal
KIBAIGWA,102569-1,public,Dodoma,Kongwa DC,-6.08691,36.65185,central
KIBAKWE,102570-9,public,Dodoma,Mpwapwa DC,-6.71652,36.36575,central
KIBAKWE RC,102571-7,private,Dodoma,Mpwapwa DC,-6.7154,36.36607,central
Kibale,122911-1,private,Mbeya,Mbeya CC,,,shighland
KIBAMBA,121447-7,public,Pwani,Mkuranga DC,-7.08558,39.26114,coastal
KIBANDAI' A',124222-1,public,Ruvuma,Mbinga DC,-11.03991,34.80905,shighland
KIBANDE,102573-3,public,Kigoma,Buhigwe DC,-4.37845,29.89961,central
Kibanga,102574-1,public,Kagera,Muleba DC,-1.8862,31.5663,lake
KIBAO,102576-6,public,Iringa,Mufindi DC,-8.59585,35.286,shighland
KIBAONI,124566-1,public,Mtwara,Nanyamba TC,-10.73559,39.79157,southern
KIBAONI,102578-2,public,Tanga,Muheza DC,-5.1024,38.84752,coastal
KIBAONI,111724-1,public,Mbeya,Mbarali DC,-8.808766,34.0775091,shighland
KIBAONI,102580-8,public,Katavi,Mpimbwe DC,-7.10166,31.16221,shighland
KIBAONI,114763-6,public,Pwani,Chalinze DC,-6.22576,38.39461,coastal
KIBAONI,115270-1,private,Pwani,Kisarawe DC,-6.90793,39.07044,coastal
KIBAONI,121996-3,private,Mbeya,Chunya DC,-8.51505,33.41566,shighland
KIBAONI,123458-2,public,Morogoro,Mvomero DC,-7.05671,37.57638,coastal
KIBARE,102586-5,public,Kagera,Kyerwa DC,-1.0669,30.81455,lake
KIBASILA JWTZ,102587-3,public,Pwani,Kisarawe DC,-6.91587,39.07156,coastal
KIBATA,102588-1,public,Lindi,Kilwa DC,-8.446517,38.974583,southern
KIBATI,102589-9,public,Morogoro,Mvomero DC,-5.93376,37.4356,coastal
KIBAYA,102590-7,public,Manyara,Kiteto DC,-5.31618,36.5666,northern
Kibedya,102591-5,public,Morogoro,Gairo DC,-6.10047,36.92879,coastal
KIBEHE,102592-3,public,Geita,Chato DC,-2.4768,31.72818,lake
KIBENA,102593-1,public,Iringa,Iringa DC,-8.16792,35.39214,shighland
KIBENA,114494-8,public,Iringa,Iringa DC,-8.16099,35.38756,shighland
KIBENA TEA,112135-9,private,Njombe,Njombe TC,-9.211167,34.778849,shighland
KIBENGU,102594-9,public,Iringa,Mufindi DC,-8.26526,35.72651,shighland
KIBEREGE,102595-6,public,Morogoro,Ifakara TC,-7.950623,36.855853,coastal
KIBEREGE,122638-0,private,Morogoro,Ifakara TC,-8.08919,36.68146,coastal
KIBEREGE PRISON,102596-4,public,Morogoro,Ifakara TC,-7.976173,36.855517,coastal
KIBETA,121901-3,public,Kagera,Bukoba MC,-1.34222,31.79878,lake
KIBEWANI,121548-2,public,Tanga,Mkinga DC,-4.73641,39.07049,coastal
KIBIBONI,102597-2,public,Tanga,Mkinga DC,-4.93333,39.0948,coastal
KIBIGIRI,102598-0,public,Singida,Iramba DC,-4.37458,34.2522,central
KIBIHANZE,112675-4,private,Morogoro,Morogoro MC,-6.7667,37.65421,coastal
KIBIMBA,102600-4,public,Kagera,Kyerwa DC,-1.32792,30.95087,lake
KIBINDU,102602-0,public,Tanga,Handeni DC,-5.55411,38.1424,coastal
KIBINDU,102601-2,public,Pwani,Chalinze DC,-5.99322,37.92274,coastal
KIBINGO,102604-6,public,Kigoma,Kibondo DC,-3.7001,30.6557,central
KIBINGO,102603-8,public,Kagera,Kyerwa DC,-1.15797,30.6577,lake
KIBIRASHI,102605-3,public,Tanga,Kilindi DC,-5.37947,37.4336,coastal
KIBIRIZI,121365-1,public,Kigoma,Kigoma Ujiji MC,-4.85303,29.62219,central
KIBIRIZI,102606-1,public,Kagera,Bukoba DC,-1.609518,31.41844,lake
KIBITI,102607-9,public,Pwani,Kibiti DC,-7.72743,38.93405,coastal
Kibiti DC,124781-6,public,Pwani,Kibiti DC,,,coastal
KIBITI RC,104323-1,private,Pwani,Kibiti DC,-7.42371,38.56372,coastal
KIBITILWA,102608-7,public,Mwanza,Kwimba DC,-3.227442,33.329889,lake
KIBO,102611-1,public,Kilimanjaro,Moshi DC,-3.24295,37.5193,northern
KIBO,122186-0,private,Katavi,Tanganyika DC,-6.22422,30.982414,shighland
KIBO,102610-3,public,Katavi,Tanganyika DC,-6.22424,30.98247,shighland
KIBO PAEDIATRIC,102613-7,private,Kilimanjaro,Moshi MC,-3.35768,37.33734,northern
KIBOGOIZI,109558-7,public,Kagera,Karagwe DC,-1.70848,31.17848,lake
KIBOGWA,110424-9,public,Morogoro,Morogoro DC,-7.0264,37.6659,coastal
KIBOLE,102616-0,public,Mbeya,Busokelo DC,-9.34961,33.88008,shighland
KIBONA,121362-8,public,Kagera,Karagwe DC,-1.35121,30.10701,lake
KIBONDEMAJI,122972-3,public,Dar Es Salaam,Temeke MC,-6.91911,39.28438,coastal
KIBONDENI,102617-8,private,Pwani,Kibaha TC,-6.75642,38.92532,coastal
KIBONDO,112869-3,public,Kagera,Karagwe DC,-1.74861,30.97367,lake
KIBONDO DC,109191-7,public,Kigoma,Kibondo DC,-3.58426,30.7158,central
Kibondo DC,124695-8,public,Kigoma,Kibondo DC,,,central
Kibong'oto Infectious Diseases (KIDH),110886-9,public,Kilimanjaro,Siha DC,-3.21778,37.04354,northern
KIBORIANI,122714-9,public,Dodoma,Mpwapwa DC,-6.32761,36.49921,central
KIBORILONI,102620-2,public,Kilimanjaro,Moshi MC,-3.33559,37.37273,northern
KIBOSHO,102621-0,private,Kilimanjaro,Moshi DC,-3.23564,37.31929,northern
KIBOSHO BARAZANI,102622-8,public,Kilimanjaro,Moshi DC,-3.23683,37.30835,northern
KIBUGUMO,102623-6,public,Dar Es Salaam,Kigamboni MC,-6.868549,39.367586,coastal
KIBUKO,102624-4,public,Morogoro,Mvomero DC,-7.11101,37.5615,coastal
KIBUKO,121847-8,public,Morogoro,Morogoro DC,-6.95177,37.83817,coastal
KIBUMAYE,102625-1,private,Mara,Tarime TC,-1.37495,34.41807,lake
KIBUMAYE,121437-8,public,Mara,Tarime TC,-1.37198,34.41602,lake
KIBUMBA,102626-9,public,Geita,Chato DC,-2.87143,31.8498,lake
KIBUMBE,102627-7,private,Mbeya,Rungwe DC,-9.149265,33.54057,shighland
KIBUNGO CHINI MISSION,102628-5,private,Morogoro,Morogoro DC,-7.01231,37.8141,coastal
KIBUNGO JUU,110433-0,public,Morogoro,Morogoro DC,-7.01688,37.7297,coastal
KIBUNGO KUNGWE,102630-1,public,Morogoro,Morogoro DC,-6.90181,37.8805,coastal
KIBUTUKA,102631-9,public,Lindi,Liwale DC,-10.01959,38.40558,southern
KIBUYE,102632-7,public,Kigoma,Kibondo DC,-3.8112,30.4182,central
KIBUYI,102633-5,public,Mara,Rorya DC,-1.42431,33.81523,lake
KIBUYI COMMUNITY,112830-5,private,Mara,Rorya DC,-1.405491,33.78184,lake
KIBUYUNI,102634-3,public,Pwani,Mkuranga DC,-7.30131,38.9255,coastal
KIBWAYA,113723-1,public,Morogoro,Morogoro DC,-6.93078,37.80893,coastal
KIBWE,102635-0,public,Mbeya,Rungwe DC,-9.265573,33.541892,shighland
KIBWE,110914-9,public,Morogoro,Morogoro MC,-6.71361,37.64548,coastal
KIBWEGERE,102637-6,public,Dar Es Salaam,Ubungo MC,-6.786772,39.018587,coastal
KIBWEMWENDA,113760-3,public,Pwani,Kisarawe DC,-6.86047,38.80201,coastal
KIBWERA,102638-4,public,Kagera,Karagwe DC,-1.31806,31.12159,lake
KIBWIGWA,102640-0,public,Kigoma,Buhigwe DC,-4.42307,29.84052,central
KICHANANGA,102641-8,public,Kigoma,Kibondo DC,-3.8404,30.59007,central
KICHANGANI,111421-4,public,Morogoro,Morogoro DC,-7.2966,37.559,coastal
KICHANGANI,102644-2,public,Tanga,Tanga CC,-5.12245,39.01545,coastal
KICHANGANI,102642-6,public,Morogoro,Ulanga DC,-8.41525,36.67879,coastal
Kichangani,112019-5,public,Dodoma,Kondoa TC,-4.88535,35.77296,central
KICHANGANI,123000-2,private,Morogoro,Morogoro MC,-6.81431,37.67852,coastal
KICHANGANI,122670-3,private,Morogoro,Mlimba DC,-8.51367,35.51482,coastal
Kichangani,102643-4,public,Morogoro,Morogoro MC,-6.81019,37.69278,coastal
KICHEBA,102645-9,public,Tanga,Muheza DC,-5.10929,38.78848,coastal
Kichemchem,102646-7,public,Dar Es Salaam,Temeke MC,-6.914032,39.29272,coastal
KICHONDA,102648-3,public,Lindi,Liwale DC,-9.69553,38.01726,southern
KICOB,100896-0,public,Shinyanga,Shinyanga MC,-3.71309,33.40294,lake
KIDABAGA,102649-1,public,Iringa,Kilolo DC,-8.10364,35.89879,shighland
KIDABU,113410-5,public,Simiyu,Maswa DC,-2.90232,33.50963,lake
KIDAGANDA,108542-2,public,Simiyu,Maswa DC,-3.32254,34.03354,lake
KIDAHWE,102654-1,public,Kigoma,Kigoma DC,-4.876731,29.825928,central
KIDALU,102651-7,public,Tabora,Igunga DC,-4.14722,34.01814,central
KIDARAFA,113151-5,public,Singida,Mkalama DC,-4.21552,34.92175,central
KIDARU,102652-5,public,Singida,Iramba DC,-4.10851,34.48972,central
KIDATU,111518-7,public,Morogoro,Ifakara TC,-7.70225,36.95911,coastal
KIDEGEMBYE,102655-8,public,Njombe,Njombe DC,-9.278304,35.004862,shighland
KIDELE,109734-4,private,Mbeya,Mbeya CC,-8.92049,33.48351,shighland
KIDELEKO,123341-0,private,Dodoma,Dodoma CC,-6.21104,35.72558,central
KIDELEKO,102656-6,public,Tanga,Handeni TC,-5.49478,38.01525,coastal
KIDENGE,102657-4,public,Dodoma,Mpwapwa DC,-6.75137,36.46881,central
Kidete,102658-2,public,Morogoro,Kilosa DC,-6.64499,36.70848,coastal
KIDETE,122464-1,public,Tabora,Sikonge DC,-5.48353,32.52088,central
KIDIA,109563-7,private,Kilimanjaro,Moshi DC,-3.30309,37.41348,northern
KIDIBO,120402-3,private,Mtwara,Masasi TC,-10.72085,38.81746,southern
KIDIDIMA,102660-8,private,Tanga,Muheza DC,-5.19126,38.80172,coastal
Kidodi,102662-4,public,Morogoro,Kilosa DC,-7.60599,36.99187,coastal
KIDODOMA,102663-2,public,Ruvuma,Tunduru DC,-11.03815,37.18311,shighland
Kidogobasi,102664-0,public,Morogoro,Kilosa DC,-7.63726,37.02481,coastal
KIDOGOZERO,102665-7,public,Pwani,Chalinze DC,-6.65231,38.7058,coastal
KIDOKA,102666-5,public,Dodoma,Chemba DC,-5.407006,35.852318,central
KIDOMOLE,111328-1,public,Pwani,Bagamoyo DC,-6.448501,38.743105,coastal
KIDOPE,114807-1,public,Njombe,Makete DC,,,shighland
KIDS FIRST PEDIATRIC,114557-2,private,Dar Es Salaam,Temeke MC,-6.87033,39.22504,coastal
KIDUDUYE,102667-3,public,Kigoma,Kakonko DC,-3.50138,30.59273,central
KIDUDWE,114160-5,public,Morogoro,Mvomero DC,-6.09829,37.40222,coastal
KIDUGALA,102668-1,private,Njombe,Wanging'ombe DC,-9.12617,34.53092,shighland
KIDUGALO,113418-8,public,Morogoro,Morogoro DC,-7.065005,37.85412,coastal
KIDUGALO,102669-9,public,Pwani,Kisarawe DC,-7.09676,38.77347,coastal
KIDULA,110378-7,public,Simiyu,Itilima DC,-2.84091,33.74257,lake
KIDUMBA,124026-6,private,Tanga,Muheza DC,-5.31428,38.78394,coastal
KIDUNDA,102671-5,public,Morogoro,Morogoro DC,-7.27266,38.2751,coastal
KIDUNDA,121822-1,public,Kilimanjaro,Same DC,-4.47793,37.94558,northern
KIDUNDAI,121384-2,public,Tanga,Bumbuli DC,-4.45525,38.38183,coastal
KIDYAMA,102673-1,public,Kigoma,Kasulu TC,-4.54463,30.14493,central
KIECHURU,102674-9,public,Pwani,Kibiti DC,-8.058701,39.397001,coastal
KIEGEA,102675-6,public,Dodoma,Mpwapwa DC,-6.19239,36.25745,central
KIEGEA  LIFE CARE,125304-6,private,Morogoro,Morogoro MC,-6.70883,37.67163,coastal
KIEGEA B,115203-2,public,Morogoro,Morogoro MC,-6.87769,37.58661,coastal
KIEGEANI,120829-7,public,Pwani,Mafia DC,-7.97306,39.72431,coastal
KIEGEI,102677-2,public,Lindi,Nachingwea DC,-10.4108,37.9142,southern
KIEMBA,102739-0,public,Mara,Musoma DC,-1.64528,33.71525,lake
KIEMBENI,123650-4,private,Pwani,Bagamoyo DC,-6.57522,39.10543,coastal
KIFARU,102679-8,public,Kilimanjaro,Mwanga DC,-3.53513,37.55978,northern
KIFINGE,113634-0,public,Pwani,Mafia DC,-7.84295,39.81939,coastal
KIFONE,109255-0,public,Rukwa,Kalambo DC,-8.53104,31.66626,shighland
KIFUFU,102681-4,public,Geita,Geita DC,-2.71492,32.2244,lake
KIFULA,102682-2,public,Kilimanjaro,Mwanga DC,-3.62977,37.67176,northern
KIFULETA,102683-0,public,Pwani,Chalinze DC,-6.09652,38.2047,coastal
KIFULIO,111913-0,public,Tanga,Lushoto DC,-4.68894,38.32822,coastal
KIFUMANGAO,121444-4,public,Pwani,Mkuranga DC,-7.523446,39.244571,coastal
KIFUMBE,102684-8,public,Njombe,Makambako TC,-8.93987,35.00594,shighland
KIFUNDA,112212-6,public,Mbeya,Busokelo DC,-9.30494,33.89998,shighland
KIFUNGIRO,102685-5,private,Tanga,Lushoto DC,-4.78355,38.36767,coastal
KIFUNI,102686-3,private,Kilimanjaro,Moshi DC,-3.20757,37.27573,northern
KIFURA,102687-1,public,Kigoma,Kibondo DC,-3.81983,30.64,central
KIGA,102688-9,public,Kigoma,Kakonko DC,-3.27858,30.85138,central
KIGADYE,102689-7,public,Kigoma,Kasulu DC,-4.060738,30.263539,central
KIGAGA,102690-5,public,Kigoma,Kibondo DC,-3.79527,30.53497,central
KIGALA,102691-3,private,Njombe,Makete DC,-9.07271,34.15503,shighland
KIGALA LGA,121600-1,public,Njombe,Makete DC,-9.07174,34.15506,shighland
KIGALYE,102692-1,public,Kigoma,Kigoma DC,-4.80473,29.60866,central
KIGAMBONI,122828-7,private,Katavi,Mpanda MC,-6.33596,31.06901,shighland
KIGAMBONI,124611-5,private,Dar Es Salaam,Kigamboni MC,-6.82044,39.28861,coastal
Kigamboni MC,114486-4,public,Dar Es Salaam,Kigamboni MC,-6.87184,39.39552,coastal
Kigamboni MC,124649-5,public,Dar Es Salaam,Kigamboni MC,,,coastal
KIGAMBONI MEDICAL,122674-5,private,Pwani,Mafia DC,-7.91066,39.66993,coastal
KIGANAMO,102694-7,public,Kigoma,Kasulu TC,-4.56966,30.10422,central
KIGANDU,121255-4,public,Tabora,Nzega DC,,,central
KIGANGAMA,102696-2,public,Mwanza,Magu DC,-2.52527,33.24631,lake
KIGANILA,111417-2,public,Morogoro,Morogoro DC,-7.204212,37.978215,coastal
KIGANZA,110143-5,public,Kigoma,Kigoma DC,-4.7804,29.67082,central
KIGANZA ST. JOSEPH,102698-8,private,Kigoma,Kigoma DC,-4.778758,29.672377,central
KIGARA,102699-6,public,Mwanza,Ukerewe DC,-2.07331,32.99527,lake
KIGARA,124944-0,private,Mwanza,Ilemela MC,-2.49293,32.96435,lake
KIGARAMA,108931-7,public,Kagera,Karagwe DC,-1.2879,31.02337,lake
KIGARAMA,102700-2,private,Kagera,Missenyi DC,-1.04479,31.75891,lake
KIGARAMA,113954-2,public,Kagera,Ngara DC,-2.39571,30.32431,lake
KIGECA,112670-5,private,Morogoro,Morogoro MC,,,coastal
KIGEMBE,102701-0,public,Kigoma,Kasulu DC,-4.831409,30.118802,central
KIGENDEKA,102702-8,public,Kigoma,Kibondo DC,-3.77437,30.68932,central
KIGERA ETUMA,110888-5,public,Mara,Musoma DC,-1.57889,33.688844,lake
KIGHARE,102706-9,public,Kilimanjaro,Mwanga DC,-3.68754,37.65454,northern
KIGINA,102709-3,public,Kigoma,Kibondo DC,-3.896091,30.48274,central
KIGOGO,112057-5,public,Dar Es Salaam,Kigamboni MC,-6.90409,39.37461,coastal
KIGOGO,102711-9,public,Kigoma,Kibondo DC,-3.634,30.55834,central
KIGOGO,102713-5,private,Dar Es Salaam,Kinondoni MC,-6.81741,39.25211,coastal
KIGOGO,102710-1,public,Dar Es Salaam,Kinondoni MC,-6.8164,39.2395,coastal
KIGOGO,113877-5,public,Dar Es Salaam,Kinondoni MC,-6.81899,39.24905,coastal
KIGOGO MORAVIAN,102714-3,private,Dar Es Salaam,Kinondoni MC,-6.81681,39.2524,coastal
KIGOGWE,102715-0,public,Kigoma,Buhigwe DC,-4.79004,29.85042,central
KIGOMA,122973-1,private,Kigoma,Kigoma Ujiji MC,-4.87945,29.63191,central
KIGOMA,110120-3,public,Kigoma,Kigoma Ujiji MC,-4.87834,29.62851,central
KIGOMA CENTRE,113010-3,private,Kigoma,Kigoma Ujiji MC,-4.88674,29.64179,central
Kigoma DC,124696-6,public,Kigoma,Kigoma DC,,,central
KIGOMA ROAD,123912-8,public,Geita,Geita TC,-2.83918,32.43124,lake
Kigoma Ujiji MC,124697-4,public,Kigoma,Kigoma Ujiji MC,,,central
KIGOMA/UJIJI,122621-6,public,Kigoma,Kigoma Ujiji MC,-4.91519,29.68823,central
KIGOMBE,102719-2,public,Tanga,Muheza DC,-5.29263,39.06213,coastal
KIGONDO,102720-0,public,Kigoma,Kasulu TC,-4.59288,30.18077,central
KIGONGO,109330-1,private,Mwanza,Kwimba DC,-2.96501,33.34273,lake
KIGONGO,102721-8,public,Geita,Chato DC,-2.45747,31.7902,lake
KIGONGOI,102722-6,public,Tanga,Mkinga DC,-4.81,38.7734,coastal
KIGONGOMAWE,102723-4,public,Tanga,Muheza DC,-5.21421,38.89982,coastal
KIGONGONI,102724-2,public,Pwani,Bagamoyo DC,-6.46261,38.8661,coastal
KIGONGONI,124254-4,public,Arusha,Arusha DC,-3.53682,36.77853,northern
KIGONGONI,123516-7,private,Manyara,Babati TC,-4.10314,35.32123,northern
KIGONIGONI,102725-9,public,Kilimanjaro,Mwanga DC,-3.6857,37.71606,northern
KIGONSERA,112396-7,public,Ruvuma,Mbinga DC,,,shighland
KIGONSERA,102726-7,private,Ruvuma,Mbinga DC,-10.80523,35.07116,shighland
KIGONZILE,120259-7,private,Iringa,Iringa MC,,,shighland
KIGOROGORO,108551-3,public,Kagera,Kyerwa DC,-1.11969,30.83323,lake
KIGULU,102727-5,public,Njombe,Makete DC,-9.20591,33.84996,shighland
KIGULUNDE,121918-7,public,Tanga,Lushoto DC,-4.83439,38.32827,coastal
KIGUNGULI,111481-8,public,Pwani,Kibiti DC,-7.539923,39.187069,coastal
KIGURUSIMBA,102730-9,public,Tanga,Pangani DC,-5.3864,38.87151,coastal
KIGWA A,102731-7,public,Tabora,Uyui DC,-5.026886,33.031041,central
KIGWA B,102732-5,public,Tabora,Uyui DC,-5.11703,33.116,central
KIGWASI,109694-0,public,Tanga,Korogwe DC,-4.51162,38.74419,coastal
Kigwe,102733-3,public,Dodoma,Bahi DC,-6.095235,35.492293,central
KIGWE,113216-6,private,Tanga,Tanga CC,-5.07302,39.11927,coastal
KIHAGARA,110395-1,public,Ruvuma,Nyasa DC,-11.02653,34.64737,shighland
KIHAKA,125221-2,private,Geita,Geita DC,-3.07125,32.02638,lake
KIHAMBA,124565-3,public,Mtwara,Nanyamba TC,-10.65812,40.16777,southern
KIHANGA,102735-8,public,Njombe,Ludewa DC,-9.77301,34.535982,shighland
KIHANGA,102734-1,public,Iringa,Iringa DC,-7.93604,35.33587,shighland
KIHANGAIKO,114783-4,public,Pwani,Chalinze DC,-6.31781,38.38384,coastal
KIHANGI MAHUKA,102736-6,public,Ruvuma,Mbinga DC,-10.81877,34.95692,shighland
KIHARE,102738-2,public,Pwani,Kisarawe DC,-7.46942,38.6695,coastal
KIHEO,122815-4,public,Ruvuma,Songea DC,-10.41101,35.43471,shighland
KIHEREKETI,102740-8,public,Ruvuma,Mbinga DC,-11.07047,34.956,shighland
KIHESA,109758-3,private,Iringa,Iringa MC,-7.7522,35.70743,shighland
KIHESA,123819-5,public,Njombe,Njombe TC,-9.33455,34.78511,shighland
KIHESA MGAGAO,102742-4,public,Iringa,Kilolo DC,-8.18131,35.78175,shighland
KIHINDA,108546-3,public,Kagera,Kyerwa DC,-1.20407,30.6108,lake
KIHINGA,102743-2,public,Kagera,Ngara DC,-2.79535,30.51232,lake
KIHITU,120980-8,public,Tanga,Bumbuli DC,,,coastal
KIHOMOKA,121275-2,public,Kigoma,Kakonko DC,-3.03276,31.22024,central
KIHONDA,102744-0,public,Morogoro,Morogoro MC,-6.80388,37.68008,coastal
KIHONDA MAGEREZA,102745-7,public,Morogoro,Morogoro MC,-6.76542,37.66056,coastal
KIHONDA MAGOROFANI,115201-6,public,Morogoro,Morogoro MC,-6.79299,37.65293,coastal
KIHONDO,102746-5,public,Morogoro,Mvomero DC,-7.1184,37.303775,coastal
KIHONGO,102747-3,public,Ruvuma,Mbinga DC,-11.09058,34.79438,shighland
KIHOROGOTA,120775-2,public,Iringa,Iringa DC,-7.44623,35.82424,shighland
KIHULILA,102750-7,public,Ruvuma,Mbinga DC,-11.033073,34.950234,shighland
KIHUMBU,109748-4,public,Mara,Bunda DC,-1.98414,34.10733,lake
KIHUMULO,102751-5,public,Kagera,Bukoba DC,-1.496895,31.39451,lake
KIHURIO,102752-3,public,Kilimanjaro,Same DC,-4.47007,38.0759,northern
KIHURU,115143-0,public,Ruvuma,Nyasa DC,,,shighland
KIHURUKU,111254-9,public,Ruvuma,Mbinga DC,-1.72961,35.09584,shighland
KIHUWE,102753-1,public,Lindi,Nachingwea DC,-10.3837,38.70485,southern
KIHWERA,102754-9,public,Kagera,Muleba DC,-1.6701,31.5436,lake
KIJAKA,113841-1,public,Dar Es Salaam,Kigamboni MC,-7.00964,39.48574,coastal
KIJE HEALTH,124926-7,private,Kilimanjaro,Moshi DC,-10.58579,37.31483,northern
KIJENGE RC,102755-6,private,Arusha,Arusha CC,-3.3816,36.70815,northern
KIJERESHI,102757-2,public,Simiyu,Busega DC,-2.313621,33.920322,lake
Kijichi,102758-0,public,Dar Es Salaam,Temeke MC,-6.89423,39.29699,coastal
KIJIMA,102760-6,private,Mwanza,Misungwi DC,-3.08201,33.132,lake
KIJITONYAMA,102761-4,public,Dar Es Salaam,Kinondoni MC,-6.77605,39.23143,coastal
KIJIWENI,102763-0,public,Lindi,Lindi MC,-9.49736,39.66636,southern
KIJOMBE,102764-8,public,Njombe,Wanging'ombe DC,-8.77538,34.642589,shighland
KIJUKA,114922-8,public,Mwanza,Sengerema DC,-2.55656,32.54097,lake
KIJUMBURA,102766-3,public,Kagera,Karagwe DC,-1.72467,30.91231,lake
KIJUNGU,102767-1,public,Manyara,Kiteto DC,-5.40032,37.18552,northern
KIJUNGU MOTO,109709-6,public,Tanga,Korogwe DC,-4.76155,38.65575,coastal
KIJYOMBO,102768-9,public,Njombe,Makete DC,-9.626513,34.292205,shighland
KIKALE,102769-7,public,Pwani,Kibiti DC,-7.83896,39.1984,coastal
KIKARARA,102771-3,public,Kilimanjaro,Moshi DC,-3.32741,37.387,northern
KIKATITI,114925-1,public,Arusha,Meru DC,-3.38548,36.93938,northern
KIKATITI LUTHERAN,102774-7,private,Arusha,Meru DC,-3.38246,36.9414,northern
KIKAVU CHINI,102775-4,public,Kilimanjaro,Hai DC,-3.452881,37.283935,northern
KIKAVU RC,111582-3,private,Kilimanjaro,Hai DC,-3.43208,37.29227,northern
KIKELELWA,102777-0,public,Kilimanjaro,Rombo DC,-2.974045,37.537839,northern
KIKELELWA RC,112279-5,private,Kilimanjaro,Rombo DC,-2.97838,37.54082,northern
KIKHONDA,102778-8,public,Singida,Mkalama DC,-4.27875,34.04921,central
Kikilo,102779-6,public,Dodoma,Kondoa DC,-4.541381,35.697541,central
KIKOKWE,102780-4,public,Tanga,Pangani DC,-5.441015,38.98147,coastal
KIKOLE,102781-2,public,Lindi,Kilwa DC,-8.76868,39.1213,southern
KIKOLO,102782-0,public,Ruvuma,Mbinga TC,-11.02284,35.14378,shighland
KIKOMA,123991-2,public,Kagera,Biharamulo DC,-2.89313,31.15092,lake
KIKOMAKOMA,102783-8,public,Kagera,Biharamulo DC,-2.79507,31.47455,lake
KIKOMBO,124272-6,public,Iringa,Mafinga TC,-8.20454,35.28476,shighland
Kikombo,102786-1,public,Dodoma,Dodoma CC,-6.21667,35.9833,central
KIKOMBO-MADUMA,103867-8,public,Iringa,Mafinga TC,-8.17456,35.30232,shighland
KIKOMBWE,102787-9,public,Iringa,Iringa DC,-7.91989,35.61446,shighland
KIKOMELO,108672-7,public,Kagera,Bukoba DC,-1.635313,31.526728,lake
KIKONDO,102788-7,public,Mbeya,Mbeya DC,-9.02198,33.782611,shighland
KIKONGE,102789-5,public,Singida,Iramba DC,-4.6884,34.46339,central
KIKONGO,102790-3,public,Pwani,Kibaha DC,-6.797884,38.727064,coastal
KIKONGONO,122379-1,public,Pwani,Rufiji DC,-7.87023,38.96361,coastal
KIKONKO,112399-1,public,Katavi,Mpimbwe DC,-7.45656,31.42147,shighland
KIKORE,102791-1,public,Dodoma,Kondoa DC,-4.363524,35.82777,central
KIKOTA,111772-0,public,Songwe,Ileje DC,,,shighland
KIKUBIJI,110971-9,public,Mwanza,Kwimba DC,-3.35191,33.09888,lake
KIKUBIJI,121226-5,public,Mwanza,Kwimba DC,-3.39693,33.10265,lake
KIKUKURU,102793-7,public,Kagera,Kyerwa DC,-1.34792,30.92875,lake
KIKUKWE,102794-5,public,Kagera,Missenyi DC,-1.10889,31.72876,lake
KIKULYUNGU,102795-2,public,Lindi,Liwale DC,-9.33424,38.09414,southern
KIKUMBI,102796-0,public,Tanga,Lushoto DC,-4.67242,38.65244,coastal
KIKUNDE,102797-8,public,Tanga,Kilindi DC,-5.99137,37.18984,coastal
KIKUNDI,102798-6,public,Morogoro,Morogoro DC,-6.86667,37.8833,coastal
KIKUNGU,112468-4,public,Tabora,Sikonge DC,-5.71547,32.7729,central
KIKUNJA,102799-4,public,Ruvuma,Songea DC,-10.90426,35.76741,shighland
Kikuyu,102802-6,public,Dodoma,Dodoma CC,-6.193142,35.728502,central
KIKUYU,102803-4,public,Dodoma,Mpwapwa DC,-7.022247,36.44078,central
KIKWENI,102805-9,public,Kilimanjaro,Mwanga DC,-3.65189,37.64507,northern
KILAA,120280-3,private,Kigoma,Kasulu TC,-4.579613,30.101599,central
KILABELA,109221-2,public,Simiyu,Bariadi DC,-2.54252,34.05027,lake
KILAGANO,102806-7,public,Ruvuma,Songea DC,-10.44831,35.29123,shighland
KILAGANO,122423-7,public,Ruvuma,Songea DC,-10.46663,35.33292,shighland
KILAGO,102807-5,public,Shinyanga,Kahama MC,-3.94523,32.58712,lake
KILAKALA,102809-1,public,Morogoro,Morogoro MC,-6.82189,37.69083,coastal
Kilakala,121403-0,private,Morogoro,Morogoro MC,,,coastal
KILAKALA SECONDARY,102810-9,public,Morogoro,Morogoro MC,-6.83184,37.68457,coastal
KILAMA,114177-9,public,Morogoro,Ifakara TC,-8.063,36.7307,coastal
KILAMBO,102811-7,public,Mbeya,Mbarali DC,-8.62312,33.76513,shighland
Kilambo,102812-5,public,Rukwa,Nkasi DC,-8.258518,30.995693,shighland
KILAMBO,114338-7,public,Mtwara,Mtwara DC,-10.4955,40.3447,southern
KILAMBO,122502-8,public,Iringa,Iringa DC,-7.86491,35.78688,shighland
Kilando,102813-3,public,Rukwa,Sumbawanga DC,-8.51425,32.298729,shighland
KILANGA,102814-1,public,Tanga,Mkinga DC,-4.91248,38.7059,coastal
KILANGA JUU,102815-8,public,Ruvuma,Mbinga DC,-10.99424,34.89184,shighland
KILANGALA,102817-4,private,Rukwa,Nkasi DC,-7.81479,31.3626,shighland
KILANGALA,102816-6,public,Lindi,Lindi MC,-9.72553,39.57658,southern
KILANGALANGA,123137-2,public,Ruvuma,Namtumbo DC,-10.63456,36.06319,shighland
Kilangali,102818-2,public,Morogoro,Kilosa DC,-6.96667,37.0833,coastal
Kilangawana,102819-0,public,Rukwa,Sumbawanga DC,-8.30051,32.3269,shighland
KILELEMA,102821-6,public,Kigoma,Buhigwe DC,-4.15583,30.12276,central
KILEMA,102822-4,private,Kilimanjaro,Moshi DC,-3.30553,37.49649,northern
KILEMA KISAO,102824-0,public,Kilimanjaro,Moshi DC,-3.29405,37.48708,northern
KILEMA POFO,102825-7,public,Kilimanjaro,Moshi DC,-3.39711,37.53566,northern
KILEMBA,124402-9,public,Kigoma,Kigoma DC,-4.48954,29.75286,central
Kilembo,102823-2,public,Rukwa,Sumbawanga DC,-8.375605,31.976118,shighland
KILEMERA,114758-6,public,Pwani,Chalinze DC,-6.18162,38.43045,coastal
KILEO,102826-5,public,Kilimanjaro,Mwanga DC,-3.47822,37.57153,northern
KILESHA,102827-3,public,Rukwa,Kalambo DC,-8.46884,31.6725,shighland
KILEUO,123401-2,public,Kilimanjaro,Moshi DC,,,northern
KILEWANI,109251-9,public,Rukwa,Kalambo DC,-8.47328,31.13825,shighland
KILI HOPE,121276-0,private,Kilimanjaro,Moshi MC,,,northern
KILIDA,102829-9,public,Katavi,Mpimbwe DC,-7.423278,31.369549,shighland
KILIDU I,102830-7,public,Mtwara,Newala TC,-11.0147,39.3749,southern
KILIDU II,102831-5,public,Mtwara,Newala TC,-10.8101,39.3058,southern
Kilimahewa,114053-2,public,Njombe,Makambako TC,-8.83633,34.80886,shighland
KILIMAHEWA,122341-1,private,Dar Es Salaam,Temeke MC,-6.5205,39.1535,coastal
KILIMAHEWA,102832-3,public,Lindi,Mtama DC,-10.23948,39.46339,southern
KILIMAHEWA,102833-1,public,Rukwa,Sumbawanga MC,-7.973764,31.601355,shighland
KILIMAHEWA,123047-3,private,Mtwara,Mtwara MC,-10.29403,40.14449,southern
KILIMAMOJA,124482-1,public,Arusha,Karatu DC,-3.36674,35.81432,northern
KILIMANI,102839-8,public,Pwani,Rufiji DC,-7.90846,38.6729,coastal
KILIMANI,102841-4,public,Ruvuma,Mbinga TC,-10.996253,35.022813,shighland
KILIMANI,123966-4,private,Morogoro,Mlimba DC,,,coastal
KILIMANI,113292-7,private,Pwani,Kibaha TC,-6.73819,38.87008,coastal
KILIMANI,102840-6,private,Rukwa,Sumbawanga MC,-7.98692,31.631,shighland
KILIMANI KARAKATA,111121-0,private,Dar Es Salaam,Ilala MC,-6.85155,39.20809,coastal
KILIMANJARO,102842-2,public,Lindi,Mtama DC,-10.28321,39.49531,southern
KILIMANJARO EYE OPTICAL,112889-1,private,Kilimanjaro,Moshi MC,,,northern
KILIMANJARO MEDICAL CENTRE,125030-7,private,Mwanza,Ilemela MC,-2.53185,32.94711,lake
KILIMARONDO,102845-5,public,Lindi,Nachingwea DC,-10.5602,38.0297,southern
KILIMASELA,102846-3,public,Ruvuma,Namtumbo DC,-10.75037,36.50991,shighland
KILIMATEMBO,120762-0,public,Arusha,Karatu DC,-3.3353,35.6558,northern
KILIMATINDE,102847-1,private,Singida,Manyoni DC,-5.85823,34.95961,central
KILIMATINDE,114068-0,public,Arusha,Monduli DC,-3.56917,36.57113,northern
KILIMAWE,120916-2,public,Shinyanga,Shinyanga DC,-3.69623,33.25915,lake
KILIMAWE,102849-7,public,Tabora,Kaliua DC,-4.59118,32.02115,central
KILIMBU,124901-0,public,Shinyanga,Msalala DC,-3.84035,32.81077,lake
KILIMILILE,102850-5,public,Kagera,Missenyi DC,-1.32541,31.42212,lake
KILINDI,102851-3,public,Ruvuma,Mbinga DC,-10.7429,34.78524,shighland
KILINDI,102852-1,public,Tanga,Kilindi DC,-5.63333,37.6,coastal
KILINDI ASILIA,123461-6,public,Tanga,Kilindi DC,-5.62528,37.11176,coastal
Kilindi DC,124841-8,public,Tanga,Kilindi DC,,,coastal
KILINDINDA,102854-7,public,Ruvuma,Nyasa DC,-11.23885,35.07746,shighland
KILINDONI,120830-5,public,Pwani,Mafia DC,-7.93073,39.67091,coastal
KILINGA,102855-4,public,Arusha,Meru DC,-3.31445,36.83598,northern
KILISMILE,125142-0,private,Kilimanjaro,Moshi MC,-3.21012,37.20349,northern
KILIWI,102856-2,public,Mwanza,Kwimba DC,-3.21433,33.01365,lake
KILOLAMBWANI,102858-8,public,Lindi,Lindi MC,-9.62195,39.67853,southern
KILOLE,102859-6,public,Tanga,Korogwe TC,-5.16876,38.46149,coastal
KILOLE,113949-2,public,Tanga,Lushoto DC,-4.66186,38.39443,coastal
KILOLELI,102861-2,public,Shinyanga,Kishapu DC,-3.86367,33.70715,lake
KILOLELI,113777-7,private,Mwanza,Ilemela MC,-2.4951,32.92531,lake
KILOLELI,102860-4,public,Simiyu,Busega DC,-2.4476,33.5433,lake
KILOLELI CHAMWENDA,102864-6,public,Mwanza,Ilemela MC,-2.500995,32.924038,lake
KILOLELI JUU,102863-8,private,Mwanza,Ilemela MC,-2.50098,32.92413,lake
KILOLENI,102865-3,public,Tabora,Urambo DC,-5.02097,32.31644,central
KILOLENI,102866-1,public,Tabora,Tabora MC,-5.006831,32.813171,central
KILOLENI,113208-3,private,Tabora,Tabora MC,-5.00605,32.81551,central
KILOLO,102867-9,public,Iringa,Kilolo DC,-8.00197,35.84581,shighland
KILOLO,111162-4,public,Iringa,Mufindi DC,-8.71986,35.0846,shighland
KILOLO,114061-5,public,Iringa,Kilolo DC,-7.98994,35.82634,shighland
Kilolo DC,124672-7,public,Iringa,Kilolo DC,,,shighland
KILOLO RC,109678-3,private,Iringa,Kilolo DC,-8.01532,35.84982,shighland
KILOMBERO,110251-6,public,Mtwara,Mtwara DC,-10.45681,39.94784,southern
KILOMBERO,102870-3,private,Mwanza,Nyamagana MC,-2.520138,32.906667,lake
KILOMBERO,102873-7,private,Morogoro,Ifakara TC,-7.68333,36.985,coastal
KILOMBERO,102872-9,public,Manyara,Simanjiro DC,-3.66218,36.84295,northern
Kilombero,121327-1,private,Morogoro,Ifakara TC,,,coastal
KILOMBERO II SUGAR COMPANY,102118-7,private,Morogoro,Kilosa DC,-7.66196,36.99237,coastal
KILOMENI ROMAN CATHOLIC,102875-2,private,Kilimanjaro,Mwanga DC,-3.76858,37.6561,northern
KILOMENI SOFE,102874-5,public,Kilimanjaro,Mwanga DC,-3.77639,37.65457,northern
KILONDE,122932-7,private,Dar Es Salaam,Temeke MC,-6.91389,39.25226,coastal
KILONDO,102876-0,public,Njombe,Ludewa DC,-9.73968,34.30948,shighland
KILONGO,120929-5,public,Tanga,Muheza DC,-5.32033,38.68301,coastal
KILONGOLA MEDICAL CARE,124046-4,private,Manyara,Kiteto DC,-5.55808,37.20665,northern
Kilosa DC,124744-4,public,Morogoro,Kilosa DC,,,coastal
KILOSA MPEPO,102879-4,public,Morogoro,Malinyi DC,-9.17605,36.011,coastal
KILOSA MUFINDI,110982-6,public,Iringa,Mufindi DC,-8.48111,35.6175,shighland
Kilosa Prison,103956-9,public,Morogoro,Kilosa DC,-6.82951,36.9849,coastal
KILULATAMBWE,102880-2,public,Pwani,Kibiti DC,-7.74246,39.10074,coastal
KILULU,109705-4,private,Simiyu,Bariadi TC,-2.85255,34.05811,lake
KILULU,109776-5,public,Tanga,Muheza DC,-5.2132,38.80036,coastal
KILULU DUGA,102881-0,public,Tanga,Mkinga DC,-4.76032,39.12238,coastal
KILUMBI,102883-6,public,Tabora,Sikonge DC,-6.30004,33.8454,central
KILUNGU,121250-5,public,Tabora,Uyui DC,-4.83691,33.25365,central
KILUNGULE,120601-0,private,Dar Es Salaam,Ubungo MC,,,coastal
KILUNGULE,122605-9,public,Dar Es Salaam,Temeke MC,-6.90782,39.23671,coastal
Kiluvya,108442-5,public,Dar Es Salaam,Ubungo MC,-6.78678,39.01857,coastal
KILUVYA,102885-1,public,Pwani,Kisarawe DC,-6.834424,38.993488,coastal
KILUVYA HEALTH,122663-8,private,Dar Es Salaam,Ubungo MC,-6.47304,39.01153,coastal
KILUVYA JWTZ,102886-9,public,Pwani,Kisarawe DC,-6.80153,39.0361,coastal
KILWA,102887-7,public,Tanga,Kilindi DC,-5.55144,37.51331,coastal
KILWA,114575-4,private,Lindi,Kilwa DC,-8.987,39.495,southern
Kilwa DC,124708-9,public,Lindi,Kilwa DC,,,southern
KILWA ROAD POLICE,110897-6,public,Dar Es Salaam,Temeke MC,-6.85003,39.280578,coastal
Kilyamatundu,111708-4,public,Rukwa,Sumbawanga DC,-8.3530995,32.28208,shighland
KIM-GOLDEN,122545-7,private,Mbeya,Mbeya CC,-8.91246,33.84256,shighland
KIMAHAMA,111784-5,private,Arusha,Arusha CC,-3.367506,36.68474,northern
KIMAHAMA EYE AND VISION CENTRE,121635-7,private,Arusha,Arusha CC,,,northern
KIMALA,102890-1,public,Iringa,Kilolo DC,-8.08356,36.12672,shighland
KIMALAMISALE,102891-9,public,Pwani,Kibaha DC,-7.019213,38.496872,coastal
KIMALANG´OMBE,115014-3,public,Pwani,Bagamoyo DC,-6.43617,38.91414,coastal
Kimamba,102892-7,public,Morogoro,Kilosa DC,-6.78363,37.13591,coastal
KIMAMBI,102894-3,public,Lindi,Liwale DC,-9.41667,38.45,southern
KIMANDE,102895-0,public,Iringa,Iringa DC,-7.36505,35.48041,shighland
KIMANDOLU,109983-7,public,Arusha,Arusha CC,-3.371417,36.722325,northern
KIMANG'A,102896-8,public,Tanga,Pangani DC,-5.36604,39.0169,coastal
KIMANGE,102898-4,public,Pwani,Chalinze DC,-6.12851,38.30658,coastal
KIMANI,102899-2,private,Njombe,Makete DC,,,shighland
KIMANZICHANA,114748-7,public,Pwani,Mkuranga DC,-7.367026,39.060312,coastal
KIMARA,121816-3,public,Kigoma,Buhigwe DC,-4.67261,29.82121,central
KIMASHUKU,123766-8,public,Kilimanjaro,Hai DC,-3.32201,37.24919,northern
KIMBE,102904-0,public,Tanga,Kilindi DC,-5.79626,37.63631,coastal
KIMBIJI JKT,111426-3,public,Dar Es Salaam,Kigamboni MC,-7.01825,39.53258,coastal
KIMBUGA,102906-5,public,Pwani,Kibiti DC,-7.74139,38.8847,coastal
KIMBWELA,122413-8,public,Kigoma,Kigoma DC,-4.98898,29.76045,central
KIMBWI,102908-1,public,Singida,Ikungi DC,-5.01549,34.84482,central
KIMEJI,122516-8,public,Dodoma,Chamwino DC,-5.56111,36.26015,central
KIMELEMBE,102909-9,private,Njombe,Ludewa DC,-10.24351,34.73109,shighland
KIMELEMBE A,121400-6,public,Njombe,Ludewa DC,-10.24171,34.72466,shighland
KIMEMBE,113989-8,public,Tanga,Kilindi DC,-5.52396,37.58268,coastal
KIMEYA,102910-7,public,Kagera,Muleba DC,-2.05734,31.5193,lake
KIMIDE,113098-8,private,Simiyu,Maswa DC,,,lake
KIMNYAKI,102912-3,public,Arusha,Arusha DC,-3.307269,36.660028,northern
KIMNYAKI MAASAI,102913-1,private,Arusha,Arusha DC,-3.31311,36.64154,northern
KIMOKOUWA,102914-9,public,Arusha,Longido DC,-2.63844,36.70377,northern
KIMONDO,111586-4,public,Mbeya,Mbeya DC,-8.99836,33.69066,shighland
KIMOTOROK,102915-6,public,Manyara,Simanjiro DC,,,northern
KIMULI,102917-2,public,Kagera,Kyerwa DC,-1.40627,30.93958,lake
KIMUNDO,102918-0,public,Arusha,Meru DC,-3.35097,36.78181,northern
KIMUSI,113801-5,public,Mara,Tarime DC,-1.35787,34.61746,lake
KIMWANI,102920-6,public,Kagera,Muleba DC,-2.17299,31.66387,lake
KIMWANYA,108754-3,public,Kigoma,Kasulu DC,-4.377421,30.363646,central
KINA,112685-3,private,Morogoro,Kilosa DC,,,coastal
KINAE,110669-9,private,Dar Es Salaam,Ubungo MC,-6.79028,39.15786,coastal
KINAGA,102922-2,public,Shinyanga,Kahama MC,-3.73423,32.65612,lake
KINAMA,122986-3,private,Pwani,Bagamoyo DC,-6.45501,38.88312,coastal
KINAMAGI,102923-0,public,Tabora,Uyui DC,-5.075861,32.997391,central
KINAMAPULA,102924-8,public,Shinyanga,Ushetu DC,-3.99085,32.3973,lake
KINAMBEU,122835-2,public,Singida,Iramba DC,-4.31523,33.34941,central
Kinambo,102925-5,public,Rukwa,Sumbawanga DC,-8.15,31.9833,shighland
KINAMPANDA,102926-3,public,Shinyanga,Kishapu DC,-3.87631,34.17511,lake
KINAMPANDA,102927-1,private,Singida,Iramba DC,-4.39769,34.53299,central
KINAMPANDA,113305-7,public,Singida,Iramba DC,-4.39769,34.53289,central
KINAMPANDA TTC,102928-9,public,Singida,Iramba DC,-4.39419,34.53345,central
KINAMPUNDU,111030-3,public,Singida,Mkalama DC,-4.41727,34.79952,central
KINAMWELI,114516-8,public,Mwanza,Kwimba DC,-2.90537,33.34012,lake
KINAMWIGULU,102930-5,public,Simiyu,Maswa DC,-3.09268,33.7193,lake
KINANG'WELI,102929-7,public,Simiyu,Itilima DC,-2.94957,33.7416,lake
KINANGALI,102931-3,public,Singida,Manyoni DC,-6.00706,34.59197,central
KINANGO,102932-1,public,Mwanza,Magu DC,-2.62798,33.36367,lake
KINANKAMBA,121938-5,public,Singida,Mkalama DC,-4.42582,34.65456,central
KINAZI,102933-9,public,Kigoma,Buhigwe DC,-4.65894,29.83025,central
KIND HEART AFRICA,123937-5,private,Dar Es Salaam,Ilala MC,-6.81567,39.27836,coastal
KINDA,102934-7,public,Morogoro,Mvomero DC,-6.14223,37.4389,coastal
KINDERHAUS,113749-6,private,Rukwa,Sumbawanga MC,-7.93797,31.60686,shighland
KINDI GVT,102935-4,public,Kilimanjaro,Moshi DC,-3.29072,37.27655,northern
KINDI RC,108521-6,private,Kilimanjaro,Moshi DC,-3.27365,37.27835,northern
KINDIMBA,102936-2,public,Ruvuma,Mbinga TC,-10.95915,34.89228,shighland
KINDIMBA CHINI,102937-0,public,Ruvuma,Mbinga DC,-10.60393,34.7532,shighland
KINDIMBA JUU,102938-8,public,Ruvuma,Mbinga DC,-10.54019,34.81189,shighland
KINDNESS,124882-2,private,Mwanza,Sengerema DC,-2.70246,32.75955,lake
KINDWITWI,102939-6,public,Pwani,Rufiji DC,-8.09556,38.9953,coastal
KINENG'ENE,102940-4,public,Lindi,Lindi MC,-9.974452,39.622219,southern
KINENULO,108652-9,public,Njombe,Wanging'ombe DC,-9.241888,34.61273,shighland
KINESI,102941-2,public,Mara,Rorya DC,-1.46476,33.8634,lake
King'anng'a,102942-0,public,Dodoma,Kondoa TC,-5.02797,35.69647,central
KING'OMBE,100824-2,public,Rukwa,Nkasi DC,-8.12176,31.05481,shighland
KING'OMBE,102951-1,public,Rukwa,Sumbawanga MC,-7.9696,31.66576,shighland
KING'ORI,108443-3,public,Arusha,Meru DC,-3.282212,36.97717,northern
KING'WANG'OKO,120677-0,public,Tabora,Kaliua DC,-4.46457,32.32089,central
KINGA MAWIMBI,106625-7,private,Dar Es Salaam,Ubungo MC,-6.8147,39.2394,coastal
KINGACHI,102943-8,public,Kilimanjaro,Rombo DC,-3.073508,37.62549,northern
KINGALE,102944-6,public,Dodoma,Kondoa TC,-5.052608,35.767199,central
Kingale,113926-0,public,Dodoma,Kondoa TC,-5.0586,35.77578,central
KINGERIKITI,102945-3,public,Ruvuma,Nyasa DC,-11.20246,34.96808,shighland
KINGITI,123247-9,public,Dodoma,Mpwapwa DC,-6.61558,36.38695,central
KINGOLI,102948-7,public,Ruvuma,Mbinga DC,-10.28437,35.10819,shighland
KINGOLWIRA,102949-5,public,Morogoro,Morogoro MC,-6.77666,37.75143,coastal
KINGS,112689-5,private,Morogoro,Morogoro MC,-6.81569,37.71706,coastal
KINGS,102953-7,private,Dar Es Salaam,Ilala MC,-6.81943,39.27808,coastal
Kingugi,102954-5,public,Dar Es Salaam,Temeke MC,-6.90326,39.25131,coastal
Kingupira,102955-2,public,Pwani,Rufiji DC,-8.46404,38.553249,coastal
KINGURUNDUNDWA,102956-0,public,Lindi,Lindi MC,-9.573119,39.53532,southern
KINHWA,114954-1,public,Tabora,Urambo DC,-5.03672,32.36078,central
KINING'INILA,102957-8,public,Tabora,Igunga DC,-3.992972,33.931121,central
KINJUMBI,102958-6,public,Lindi,Kilwa DC,-8.38664,39.1937,southern
KINKATI,121718-1,public,Kigoma,Kasulu TC,-4.55646,30.10824,central
KINKIMA,123328-7,public,Dodoma,Chemba DC,-4.58449,36.08172,central
KINKO,111923-9,public,Tanga,Lushoto DC,-4.68891,38.32001,coastal
KINOLE,102959-4,public,Morogoro,Morogoro DC,-6.91244,37.7584,coastal
KINONDONI,121416-2,public,Dar Es Salaam,Kinondoni MC,-6.472,39.16301,coastal
KINONDONI,112533-5,private,Dar Es Salaam,Kinondoni MC,,,coastal
KINONDONI,101017-2,private,Dar Es Salaam,Kinondoni MC,-6.78723,39.26338,coastal
Kinondoni MC,124650-3,public,Dar Es Salaam,Kinondoni MC,,,coastal
KINONKO,102963-6,public,Kigoma,Kakonko DC,-3.23692,30.9554,central
KINONKO,102964-4,public,Morogoro,Morogoro DC,-6.7415,38.01866,coastal
KINONKO,121842-9,public,Morogoro,Morogoro DC,-6.75266,38.01778,coastal
KINONKO JWTZ,102965-1,public,Morogoro,Morogoro DC,-6.71428,38.017747,coastal
KINSABE,111371-1,public,Geita,Chato DC,-3.178117,31.824473,lake
KINTANDAA,102966-9,public,Singida,Ikungi DC,-4.81776,34.57938,central
KINTANULA,102967-7,public,Singida,Itigi DC,-6.67348,33.68203,central
KINTINKU,102968-5,public,Singida,Manyoni DC,-5.88728,35.2213,central
KINUNGU,102969-3,public,Tabora,Igunga DC,-3.98,33.5502,central
KINYAGIGI,102970-1,public,Singida,Singida DC,-4.72793,34.93997,central
KINYALA,122347-8,public,Mbeya,Rungwe DC,-9.10476,33.48826,shighland
KINYALI,123118-2,public,Iringa,Iringa DC,-7.13846,35.86236,shighland
KINYAMBULI,102971-9,public,Singida,Mkalama DC,-4.19886,34.78513,central
KINYAMBWIGA,109343-4,public,Mara,Bunda TC,-2.01811,33.71508,lake
KINYAMSHINDO,102972-7,public,Dodoma,Chemba DC,-5.10131,35.146862,central
KINYAMWENDA,109660-1,public,Singida,Singida DC,-4.73491,35.02883,central
KINYAMWEZI,111647-4,private,Dar Es Salaam,Ilala MC,-6.93384,39.11957,coastal
KINYANAMBO,111553-4,private,Iringa,Mafinga TC,-8.28858,35.30899,shighland
KINYANGIRI,102975-0,public,Singida,Mkalama DC,-4.45353,34.62828,central
KINYANYA,113869-2,public,Pwani,Kibiti DC,-7.70058,38.96341,coastal
Kinyasi,102976-8,public,Dodoma,Kondoa DC,-4.72522,36.035065,central
KINYASI VA,102977-6,private,Dodoma,Kondoa DC,-4.739816,36.022383,central
KINYEREZI,102978-4,public,Dar Es Salaam,Ilala MC,-6.84327,39.15962,coastal
KINYEREZI EYE CENTRE,114187-8,private,Dar Es Salaam,Ilala MC,-6.825362,39.230854,coastal
KINYERO,113090-5,private,Ruvuma,Songea DC,,,shighland
KINYETO,102979-2,public,Singida,Singida DC,-4.76329,34.85233,central
KINYIKA,113611-8,public,Iringa,Iringa DC,-7.34607,35.44455,shighland
KINYOPE,110263-1,public,Lindi,Lindi MC,-9.98302,39.39433,southern
KINYWA,125283-2,private,Pwani,Kibaha TC,-6.77821,38.98755,coastal
KINYWANG'ANGA,109146-1,public,Iringa,Iringa DC,-7.57301,35.73186,shighland
KINZAGU,111897-5,public,Pwani,Chalinze DC,-6.38599,38.31192,coastal
KINZUDI,120469-2,public,Dar Es Salaam,Ubungo MC,-6.34356,39.54678,coastal
KIOGA,102981-8,public,Arusha,Arusha DC,-3.32543,36.6982,northern
KIOMBONI,102982-6,public,Pwani,Kibiti DC,-7.793788,39.391566,coastal
KIONGERA,102985-9,public,Mara,Tarime DC,-1.22789,34.36891,lake
KIONGORONI,102986-7,public,Pwani,Kibiti DC,-8.159451,39.333564,coastal
KIONGOZI,102987-5,public,Manyara,Babati TC,-4.109341,35.758787,northern
KIPADUKA,112099-7,public,Iringa,Kilolo DC,-7.60174,36.03441,shighland
KIPALAPALA,102988-3,private,Tabora,Tabora MC,-5.09596,32.7947,central
KIPANDE,111300-0,public,Mbeya,Rungwe DC,-9.09237,33.46817,shighland
KIPANDE NKOAVELE,102990-9,public,Arusha,Meru DC,-3.336717,36.763612,northern
KIPANGA,102992-5,public,Rukwa,Kalambo DC,-8.31508,31.05557,shighland
KIPANGA,102993-3,public,Iringa,Mufindi DC,-8.41169,35.8669,shighland
KIPANGALA,102994-1,public,Njombe,Ludewa DC,-10.379539,34.717335,shighland
KIPANGEGE,120691-1,public,Pwani,Kibaha DC,-6.86228,38.84005,coastal
KIPAPA,102995-8,public,Ruvuma,Mbinga DC,-11.01002,34.73305,shighland
KIPARA MTUA,111340-6,public,Lindi,Nachingwea DC,-10.37215,38.56966,southern
KIPARANG'ANDA,121449-3,public,Pwani,Mkuranga DC,-7.14677,39.17742,coastal
KIPASIKA HEALTH CARE,102996-6,private,Dar Es Salaam,Ubungo MC,-6.78449,39.1163,coastal
KIPAWA,111107-9,public,Dar Es Salaam,Ilala MC,-6.85729,39.21103,coastal
KIPELELE,102998-2,public,Lindi,Liwale DC,-9.84838,38.45315,southern
KIPENGERE,102999-0,private,Njombe,Wanging'ombe DC,-9.29095,34.43954,shighland
KIPENYO,123791-6,public,Morogoro,Malinyi DC,-8.75442,36.38722,coastal
KIPERA,103000-6,private,Iringa,Iringa DC,-7.66572,35.5467,shighland
KIPERESA,103001-4,public,Manyara,Kiteto DC,-5.24444,36.29265,northern
Kipeta,103002-2,public,Rukwa,Sumbawanga DC,-8.37668,32.2683,shighland
KIPETA,115098-6,public,Rukwa,Sumbawanga DC,-8.36826,32.26935,shighland
KIPILI,103003-0,public,Tabora,Sikonge DC,-6.05356,33.9235,central
Kipili,103004-8,public,Rukwa,Nkasi DC,-7.44176,30.60615,shighland
KIPILIMKA,103006-3,public,Tabora,Nzega DC,-4.430012,33.00727,central
KIPINDIMBI,103007-1,public,Lindi,Kilwa DC,-8.934,38.919,southern
KIPINGO,112495-7,public,Ruvuma,Madaba DC,-9.91294,35.36278,shighland
KIPINGU,103008-9,public,Njombe,Ludewa DC,-10.53214,34.63863,shighland
KIPO,111009-7,public,Pwani,Rufiji DC,-7.86627,38.50869,coastal
KIPOK,103009-7,private,Manyara,Kiteto DC,-5.31646,36.56381,northern
KIPOLOLO,103012-1,public,Ruvuma,Mbinga DC,-10.88213,34.82317,shighland
KIPONDA,110988-3,public,Iringa,Mufindi DC,-8.522853,34.7522,shighland
KIPONZELO,113345-3,private,Mwanza,Ilemela MC,,,lake
KIPONZELO,103013-9,public,Iringa,Iringa DC,-7.9636,35.38355,shighland
KIPUGIRA,103014-7,public,Pwani,Rufiji DC,-7.85523,38.46714,coastal
KIPUGULU,103015-4,public,Tabora,Nzega DC,-4.521239,33.359119,central
KIPULE,103016-2,public,Lindi,Liwale DC,-9.86687,37.87877,southern
KIPUMBWI,103017-0,public,Tanga,Pangani DC,-5.633594,38.902304,coastal
KIPUNDA,121499-8,public,Singida,Ikungi DC,-4.54707,34.30141,central
Kipunguni,123796-5,private,Dar Es Salaam,Ilala MC,,,coastal
KIPUNGUNI,121741-3,public,Dar Es Salaam,Ilala MC,-6.00001,39.11111,coastal
Kipunguni Relini,103018-8,private,Dar Es Salaam,Ilala MC,-6.89211,39.18789,coastal
KIPUTA,103020-4,private,Morogoro,Malinyi DC,-8.93225,36.12755,coastal
KIPWA,111755-5,public,Rukwa,Kalambo DC,-8.44792,31.2039195,shighland
KIRAENI RC,103022-0,private,Kilimanjaro,Rombo DC,-3.16608,37.65416,northern
KIRANDO,103023-8,public,Kigoma,Uvinza DC,-5.39953,29.7537,central
Kirando,103024-6,public,Rukwa,Nkasi DC,-7.370855,30.626236,shighland
KIRANDO RUPP,103025-3,private,Rukwa,Nkasi DC,-7.362903,30.625053,shighland
KIRANGA,124034-0,public,Tanga,Lushoto DC,-4.83436,38.32828,coastal
KIRANGARE,108490-4,public,Kilimanjaro,Same DC,-4.27843,37.57753,northern
KIRANJERANJE,103028-7,public,Lindi,Kilwa DC,-9.522055,39.471582,southern
KIRANYI,103029-5,public,Arusha,Arusha DC,-3.342505,36.668095,northern
KIRANYI,122202-5,private,Arusha,Arusha DC,,,northern
KIRARE,103031-1,public,Tanga,Tanga CC,-5.24811,39.02777,coastal
KIRIBA,103032-9,public,Mara,Musoma DC,-1.6937,33.6309,lake
KIRIGA,113101-0,private,Simiyu,Meatu DC,-3.5225,34.3075,lake
KIRIGA,123673-6,private,Simiyu,Meatu DC,-3.53233,34.30794,lake
KIRIMA,103035-2,private,Kilimanjaro,Moshi DC,-3.29038,37.30453,northern
KIRINA,123651-2,private,Mara,Rorya DC,,,lake
KIRINA,112547-5,private,Mara,Tarime TC,-1.34435,34.3825,lake
KIROKA,103038-6,public,Morogoro,Morogoro DC,-6.84695,37.8272,coastal
KIROKOMU,103039-4,public,Kilimanjaro,Rombo DC,-3.20544,37.64692,northern
KIROMBA,112429-6,public,Mtwara,Nanyamba TC,-10.69977,40.03154,southern
KIROMBA JUU,103040-2,public,Mtwara,Nanyamba TC,-10.6934,40.04098,southern
KIROMO,103041-0,public,Pwani,Bagamoyo DC,-6.511686,38.939199,coastal
KIRONGAYA,103042-8,public,Kilimanjaro,Mwanga DC,-3.70167,37.64984,northern
KIRONGO,103044-4,private,Kilimanjaro,Rombo DC,-3.09432,37.59547,northern
KIRONGO CHINI,103043-6,public,Kilimanjaro,Rombo DC,-3.095749,37.627054,northern
Kirongwe,103045-1,public,Pwani,Mafia DC,-7.801074,39.824808,coastal
Kirongwe,113612-6,public,Pwani,Mafia DC,-7.81174,39.81247,coastal
KIRONGWE,123329-5,public,Kilimanjaro,Same DC,-4.39782,37.97441,northern
KIRORELI,123087-9,public,Mara,Bunda DC,-1.95743,33.98743,lake
KIRU,103046-9,public,Manyara,Babati DC,-4.1205,35.68063,northern
KIRUA VUNJO,103047-7,public,Kilimanjaro,Moshi DC,-3.31048,37.46336,northern
KIRUKU,122417-9,public,Tanga,Tanga CC,-4.99694,39.04741,coastal
KIRUMBA,103048-5,public,Mwanza,Ilemela MC,-2.503236,32.895697,lake
KIRUMI,103049-3,public,Singida,Mkalama DC,-4.07655,34.71838,central
KIRUMI,109399-6,public,Mara,Butiama DC,-1.55563,33.95427,lake
KIRUNGU,103050-1,public,Kigoma,Buhigwe DC,-4.65436,29.87786,central
KIRUNGU,108471-4,public,Kilimanjaro,Moshi DC,-3.58967,37.3629,northern
KIRUNG`URUNG,113575-5,public,Manyara,Simanjiro DC,-4.48744,37.23502,northern
KIRURU,103051-9,public,Kilimanjaro,Mwanga DC,-3.70837,37.58611,northern
KIRURUMA,103053-5,public,Kagera,Karagwe DC,-1.64849,30.9509,lake
KIRURUMO,103054-3,private,Arusha,Monduli DC,-3.37109,35.84594,northern
KIRUSHYA,103055-0,public,Kagera,Ngara DC,-2.45963,30.55495,lake
KIRWA MASHATI,103056-8,public,Kilimanjaro,Rombo DC,-3.15615,37.59757,northern
KIRYA,103057-6,public,Kilimanjaro,Mwanga DC,-3.92431,37.48732,northern
KIRYA,121223-2,public,Kilimanjaro,Mwanga DC,-3.88629,37.47148,northern
Kisa,103058-4,public,Rukwa,Sumbawanga DC,-8.023668,31.888365,shighland
KISA,103059-2,private,Mbeya,Rungwe DC,-9.370722,33.627258,shighland
KISABI,122363-5,public,Pwani,Kibaha DC,-6.73975,38.70076,coastal
KISADA,111556-7,public,Iringa,Mafinga TC,-8.50823,35.03021,shighland
KISAKA GOVT,103061-8,public,Mara,Serengeti DC,-1.541968,34.463681,lake
KISAKI,122624-0,public,Singida,Singida MC,-4.90564,34.76884,central
Kisaki,111164-0,public,Dodoma,Kondoa DC,-4.56724,35.96129,central
KISAKI GOMERO,103065-9,public,Morogoro,Morogoro DC,-7.46522,37.60279,coastal
KISAKI STATION,103064-2,public,Morogoro,Morogoro DC,-7.45879,37.6015,coastal
Kisalala,103066-7,public,Rukwa,Sumbawanga DC,-8.61784,31.9928,shighland
KISALE,103067-5,public,Mbeya,Kyela DC,-9.452352,33.89756,shighland
KISALE,115010-1,public,Kilimanjaro,Rombo DC,-3.13551,37.62501,northern
KISAMBALA,115058-0,public,Rukwa,Nkasi DC,-7.56429,30.62124,shighland
KISANA,103069-1,public,Singida,Iramba DC,-4.25682,34.48208,central
KISANGA,103071-7,public,Iringa,Iringa DC,-7.30045,35.47063,shighland
KISANGA,103072-5,public,Morogoro,Kilosa DC,-7.3386,36.73632,coastal
KISANGA,103070-9,public,Tabora,Sikonge DC,-5.5609,32.8304,central
KISANGA,108588-5,public,Pwani,Kisarawe DC,-7.00438,38.99314,coastal
KISANGAJI,103126-9,public,Manyara,Babati DC,-3.91603,35.73258,northern
KISANGARA,103073-3,public,Kilimanjaro,Mwanga DC,-3.75299,37.59924,northern
KISANGARA JUU RC,103075-8,private,Kilimanjaro,Mwanga DC,-3.73732,37.6384,northern
KISANGI,103077-4,public,Lindi,Kilwa DC,-8.710395,39.17875,southern
KISANGIRO,103078-2,public,Kilimanjaro,Mwanga DC,-3.631559,37.55647,northern
KISANGWA,115026-7,public,Mara,Bunda TC,-1.99401,33.96238,lake
KISARAWE,103079-0,public,Pwani,Kisarawe DC,-6.90541,39.07496,coastal
Kisarawe DC,124782-4,public,Pwani,Kisarawe DC,,,coastal
KISARAWE II,103080-8,public,Dar Es Salaam,Kigamboni MC,-6.923124,39.357682,coastal
KISASATU,103081-6,public,Njombe,Makete DC,-9.447776,34.45486,shighland
KISASIDA,122623-2,public,Singida,Singida MC,-4.82584,34.84094,central
KISAU,113655-5,private,Arusha,Arusha DC,-3.37465,36.56958,northern
KISAWASAWA,103082-4,private,Morogoro,Ifakara TC,-7.89293,36.86992,coastal
KISEGESE,121442-8,public,Pwani,Mkuranga DC,-7.4000005,38.896859,coastal
KISEGESE,111057-6,public,Morogoro,Mlimba DC,-8.17804,36.32942,coastal
KISEMU,103085-7,public,Morogoro,Morogoro DC,-7.08486,37.77599,coastal
KISEMU,121077-2,public,Morogoro,Morogoro DC,-7.09558,37.88889,coastal
KISEMVULE,111079-0,public,Pwani,Mkuranga DC,-7.04461,39.28402,coastal
KISENGA,121297-6,public,Kagera,Biharamulo DC,,,lake
KISERENY,103086-5,private,Kilimanjaro,Hai DC,-3.2261,37.23585,northern
KISERIAN,103087-3,public,Arusha,Longido DC,-2.85531,36.52774,northern
KISERIANI,103088-1,public,Arusha,Arusha DC,-3.45026,36.73876,northern
KISESA,103089-9,public,Shinyanga,Kishapu DC,-3.78171,34.05689,lake
KISESA,103090-7,public,Simiyu,Meatu DC,-3.02184,34.13833,lake
KISESA,108626-3,private,Mwanza,Magu DC,-2.55479,33.04593,lake
KISESA A,110975-0,public,Mwanza,Magu DC,-2.55609,33.05046,lake
KISESA B,103092-3,public,Mwanza,Magu DC,-2.60468,33.2357,lake
KISESA VISION CENTRE,125270-9,private,Mwanza,Magu DC,-2.55441,33.04584,lake
KISESE RHC,103095-6,public,Dodoma,Kondoa DC,-4.46545,35.822576,central
KISH MEDICAL HEALTH,125083-6,private,Songwe,Tunduma TC,-9.30164,32.76367,shighland
KISHAMBA,108623-0,private,Kilimanjaro,Moshi MC,-3.34274,37.35011,northern
KISHANDA,121874-2,private,Kagera,Ngara DC,-1.33913,31.816582,lake
KISHANDA,103097-2,public,Kagera,Muleba DC,-1.73476,31.5565,lake
KISHANGAZI,121871-8,public,Tanga,Lushoto DC,-4.83439,38.32825,coastal
KISHANJE,103098-0,public,Kagera,Bukoba DC,-1.11223,31.8409,lake
Kishapu DC,124802-0,public,Shinyanga,Kishapu DC,,,lake
KISHARITA,103100-4,public,Singida,Iramba DC,-4.34029,34.4601,central
KISHEVA,122849-3,private,Dar Es Salaam,Kinondoni MC,-6.42221,39.11524,coastal
KISHINDA,103102-0,public,Mwanza,Sengerema DC,-2.77431,32.70305,lake
KISHINDA,103101-2,public,Geita,Geita DC,-2.67765,32.298,lake
KISHOGO,103104-6,public,Kagera,Bukoba DC,-1.3859,31.6444,lake
KISHOJU,103105-3,public,Kagera,Karagwe DC,-1.43763,31.17348,lake
KISHOSHA,112897-4,private,Geita,Geita TC,-2.87173,32.24384,lake
KISHOSHA FOUNDATION HEALTH,124927-5,private,Shinyanga,Kahama MC,-3.84422,32.58215,lake
KISHURO,103106-1,private,Kagera,Muleba DC,-1.84124,31.43891,lake
KISIJU,103107-9,public,Pwani,Mkuranga DC,-7.35925,39.28691,coastal
KISIJU PWANI LGA,123402-0,public,Pwani,Mkuranga DC,-7.40318,39.34312,coastal
KISIKI,103110-3,public,Kilimanjaro,Hai DC,-3.22556,37.22091,northern
KISILO,103111-1,public,Njombe,Njombe TC,-9.488721,34.649669,shighland
KISIMA,109551-2,private,Songwe,Mbozi DC,-9.01229,32.99921,shighland
KISIMA,103112-9,public,Dodoma,Mpwapwa DC,-7.02882,35.99395,central
Kisima cha Ndege,111125-1,public,Dodoma,Bahi DC,-5.863401,35.696756,central
KISIMAMKIKA,103113-7,public,Lindi,Kilwa DC,-8.78815,38.9295,southern
KISIMATUI,122414-6,public,Tanga,Tanga CC,-5.22419,39.03848,coastal
KISIMBA,111567-4,public,Singida,Iramba DC,-4.20222,34.3724,central
KISIMIRI CHINI,103115-2,public,Arusha,Meru DC,-3.168986,36.818681,northern
KISIMIRI JUU,114856-8,public,Arusha,Meru DC,-3.14946,36.76932,northern
KISING'A,103118-6,public,Iringa,Iringa DC,-7.59494,35.77174,shighland
KISING'A,103119-4,public,Iringa,Kilolo DC,-7.91719,35.98347,shighland
KISINGA,103117-8,private,Njombe,Makete DC,,,shighland
KISIRIGA LABORATORY,124353-4,private,Tabora,Uyui DC,-5.12572,32.51771,central
KISIRIRI,103121-0,public,Singida,Iramba DC,-4.11927,34.425875,central
KISITWI,111861-1,public,Morogoro,Gairo DC,-6.30496,36.87026,coastal
KISIWANI,103123-6,public,Lindi,Kilwa DC,-8.95853,39.4966,southern
KISIWANI,110757-2,private,Dar Es Salaam,Kinondoni MC,-6.79293,39.25178,coastal
KISIWANI,103124-4,public,Tanga,Muheza DC,-5.10012,38.66243,coastal
KISIWANI,103125-1,public,Kilimanjaro,Same DC,-4.13593,37.9514,northern
Kisiwani Health Lab,122111-8,private,Dar Es Salaam,Kigamboni MC,,,coastal
KISOGWE,103128-5,public,Kigoma,Kibondo DC,-3.89577,30.61107,central
KISOKWE,121063-2,public,Dodoma,Mpwapwa DC,-6.31946,36.41537,central
KISONGO,103130-1,public,Lindi,Kilwa DC,-9.38491,39.61788,southern
KISONGO,113654-8,private,Arusha,Arusha DC,-3.37281,36.57193,northern
KISONGO CHARITABLE,109536-3,private,Arusha,Arusha DC,-3.37211,36.57025,northern
KISONGO LUTHERAN,103131-9,private,Arusha,Arusha DC,-3.37077,36.58481,northern
KISONGO PAG,106947-5,private,Arusha,Arusha DC,-3.37391,36.57036,northern
KISONGO SDA,107338-6,private,Arusha,Arusha DC,-3.370954,36.546784,northern
KISONGWE,110837-2,public,Morogoro,Kilosa DC,-6.63041,36.99237,coastal
KISOPWA,103133-5,public,Pwani,Kisarawe DC,,,coastal
KISORELO,124094-4,private,Morogoro,Ifakara TC,-8.08912,36.68156,coastal
KISORERO,114268-6,private,Morogoro,Ulanga DC,,,coastal
KISORYA,103134-3,public,Mara,Bunda DC,-2.10852,33.2195,lake
KISORYA,123858-3,private,Mara,Bunda DC,-2.11065,33.21211,lake
KISOSORA,103135-0,public,Tanga,Tanga CC,-5.07076,39.08184,coastal
KISUKE,103136-8,public,Shinyanga,Ushetu DC,-4.07397,32.43428,lake
KISUKURU,111439-6,private,Dar Es Salaam,Ilala MC,,,coastal
KISULUIGA,121932-8,public,Singida,Mkalama DC,-4.45381,34.65453,central
KISUMA,121080-6,public,Kagera,Biharamulo DC,-2.80656,31.35844,lake
KISUMBA,108578-6,public,Rukwa,Sumbawanga MC,-8.052285,31.50198,shighland
KISUMBAKASOTE,103138-4,public,Rukwa,Kalambo DC,-8.42708,31.2144,shighland
KISUMWA,123419-4,public,Mara,Rorya DC,-1.43458,34.09199,lake
KISUNGAMILE,103139-2,public,Rukwa,Kalambo DC,-8.29598,31.55166,shighland
KISUTU,112004-7,private,Arusha,Monduli DC,-3.37275,35.85608,northern
KISWAGO,103140-0,public,Morogoro,Malinyi DC,-8.90514,36.30295,coastal
KISWELE,103141-8,public,Lindi,Kilwa DC,-9.45609,39.53681,southern
KISWIRA,121866-8,public,Morogoro,Morogoro DC,-7.34723,37.45623,coastal
KITAGATA,103142-6,public,Kigoma,Kasulu DC,-4.37079,30.380125,central
KITAGUTITI,103143-4,public,Mara,Tarime DC,-1.29669,34.5403,lake
KITAHANA,103145-9,public,Kigoma,Kibondo DC,-3.63745,30.68035,central
KITAI,103146-7,public,Ruvuma,Mbinga DC,-10.71587,35.19528,shighland
KITALALO,103148-3,public,Singida,Manyoni DC,-5.82915,35.18451,central
KITALO,103149-1,public,Ruvuma,Tunduru DC,-10.97056,37.12312,shighland
KITAMA,103150-9,public,Mtwara,Tandahimba DC,-10.74732,39.72136,southern
KITAMA BONDENI,103151-7,public,Mtwara,Nanyamba TC,-10.71475,39.73766,southern
KITAMBUKA,103152-5,public,Kigoma,Buhigwe DC,-4.39427,29.82432,central
KITAME,113742-1,public,Pwani,Bagamoyo DC,-6.21242,38.85295,coastal
KITANDA,103154-1,private,Ruvuma,Namtumbo DC,-10.07423,35.89731,shighland
KITANDA,103153-3,public,Ruvuma,Mbinga TC,-10.92812,35.1178,shighland
KITANDA,103155-8,public,Ruvuma,Tunduru DC,-11.11666,37.31739,shighland
KITANDA,113884-1,public,Ruvuma,Namtumbo DC,-10.75277,36.0186,shighland
KITANDI,110782-0,public,Lindi,Ruangwa DC,-10.11898,38.92144,southern
KITANDILILO,121791-8,public,Njombe,Makambako TC,-8.83685,35.05279,shighland
KITANDILILO,103157-4,private,Njombe,Makambako TC,-8.83267,35.05241,shighland
KITANGA,103159-0,public,Kigoma,Kasulu DC,-3.872802,30.3299,central
KITANGA,120859-4,public,Kigoma,Kasulu DC,-3.84678,30.32813,central
KITANGARI,103160-8,public,Mtwara,Newala DC,-10.65811,39.33731,southern
KITANGE,103161-6,public,Morogoro,Kilosa DC,-6.21565,36.96548,coastal
KITANGILI,103162-4,public,Tabora,Igunga DC,-4.343818,33.465216,central
KITANGIRI,112249-8,private,Mwanza,Ilemela MC,-2.500144,32.896786,lake
KITANZINI,109597-5,public,Iringa,Iringa MC,-7.78463,35.692654,shighland
KITAPI,111972-6,public,Pwani,Rufiji DC,-8.32863,39.050818,coastal
KITARAKA,120643-2,public,Singida,Itigi DC,-5.64876,34.37893,central
KITARAMAKA,123618-1,public,Mara,Bunda TC,-1.96978,33.88982,lake
KITASENGWA,103164-0,public,Iringa,Mufindi DC,-8.65477,35.3228,shighland
KITATI,123827-8,public,Morogoro,Kilosa DC,-6.71718,36.65678,coastal
Kitati,114806-3,public,Dodoma,Mpwapwa DC,-6.71226,36.65668,central
KITAWASI,113943-5,public,Mara,Tarime DC,-1.46632,34.52216,lake
KITAYA,103166-5,public,Mtwara,Nanyamba TC,-10.65812,40.167775,southern
KITEA,110928-9,private,Dar Es Salaam,Ubungo MC,-6.778412,39.150747,coastal
KITEBI,124862-4,private,Shinyanga,Shinyanga DC,-3.73589,33.02274,lake
KITEFU,103167-3,public,Arusha,Meru DC,-3.3942,36.8995,northern
KITEGO,122034-2,private,Morogoro,Kilosa DC,,,coastal
Kitelela,100852-3,public,Dodoma,Dodoma CC,-6.05088,35.8237,central
KITELEWASI,112371-0,public,Iringa,Mafinga TC,-8.213012,35.331817,shighland
KITEMA,103169-9,public,Kigoma,Kasulu DC,-4.574157,30.28815,central
KITEMA,121441-0,public,Mbeya,Busokelo DC,-9.29368,33.77464,shighland
KITEMBE,109836-7,public,Mara,Rorya DC,-1.36635,34.26526,lake
KITEMBERE,103170-7,public,Mara,Serengeti DC,-1.96151,34.37646,lake
KITEMBO,121501-1,public,Pwani,Kibiti DC,-7.78812,38.94958,coastal
KITENDENI,103171-5,public,Arusha,Longido DC,-2.846001,37.24417,northern
KITENGA,114425-2,private,Mwanza,Ilemela MC,,,lake
KITENGULE,108648-7,private,Dar Es Salaam,Kinondoni MC,-6.66212,39.18275,coastal
KITENGULE PRISON,103172-3,public,Kagera,Karagwe DC,-1.25269,31.3245,lake
KITENGWE,122590-3,public,Tabora,Nzega TC,-4.22207,33.18838,central
KITEO,103174-9,public,Dodoma,Kondoa DC,-4.710563,35.962847,central
KITERE,103175-6,public,Mtwara,Mtwara DC,-10.352534,39.781155,southern
KITETE,103176-4,public,Morogoro,Kilosa DC,-6.41659,37.26197,coastal
KITETE,111058-4,public,Morogoro,Mlimba DC,-8.7679,35.527,coastal
Kitete Msindazi,103178-0,public,Morogoro,Kilosa DC,-7.55328,37.04682,coastal
KITETO,103179-8,public,Dodoma,Kongwa DC,-5.97672,36.9202,central
Kiteto DC,124718-8,public,Manyara,Kiteto DC,,,northern
KITEWELE,103180-6,public,Njombe,Ludewa DC,-9.881222,34.452586,shighland
KITI CHA MUNGU,103181-4,public,Kilimanjaro,Mwanga DC,-3.77722,37.47235,northern
KITIFU,109593-4,public,Tanga,Korogwe TC,-5.15154,38.39299,coastal
KITILA,121760-3,private,Geita,Bukombe DC,-3.345515,31.526063,lake
KITINYA DISPENSARY,111876-9,private,Shinyanga,Shinyanga MC,-3.6825032,33.41902,lake
KITISI,103182-2,public,Iringa,Iringa DC,-7.74745,35.12904,shighland
KITISI,114052-4,public,Njombe,Makambako TC,-8.84787,34.81345,shighland
KITOBO,103184-8,public,Kagera,Missenyi DC,-1.21613,31.63352,lake
KITOGHOTO,120832-1,public,Kilimanjaro,Mwanga DC,-3.52076,37.67701,northern
KITOGORO,103185-5,public,Lindi,Liwale DC,-9.94065,38.31103,southern
KITOLE,114089-6,public,Njombe,Njombe DC,-9.15082,35.32886,shighland
KITOMANGA,103186-3,public,Lindi,Lindi MC,-9.66851,39.54373,southern
KITOMONDO,108434-2,public,Pwani,Mkuranga DC,-7.28361,39.20063,coastal
KITOMONDO,110032-0,public,Pwani,Kibaha DC,-6.87236,38.6078,coastal
KITONGO,103189-7,public,Geita,Nyang'hwale DC,-3.14714,32.71871,lake
KITONGONI,122622-4,public,Kigoma,Kigoma Ujiji MC,-4.91629,29.68069,central
KITONGOSIMA,103190-5,public,Mwanza,Magu DC,-2.52551,33.27998,lake
KITONKA,110519-6,private,Dar Es Salaam,Ilala MC,-6.90505,39.16905,coastal
KITOPENI,103191-3,public,Singida,Itigi DC,-5.728473,34.586105,central
KITOWO,114023-5,public,Kilimanjaro,Moshi DC,-3.25872,37.48021,northern
KITUA,103192-1,private,Kagera,Muleba DC,-1.620899,31.868893,lake
KITULA,115305-5,public,Njombe,Makete DC,-9.35782,34.02275,shighland
KITULILA,103193-9,public,Njombe,Njombe TC,-9.612991,34.640238,shighland
KITULO,103194-7,public,Njombe,Makete DC,-9.0903,33.90419,shighland
KITULO,121256-2,public,Njombe,Makete DC,-9.11464,33.99305,shighland
KITUMA,122162-1,private,Pwani,Kibaha TC,-6.758156,38.941662,coastal
KITUMBA,114568-9,public,Mwanza,Magu DC,-2.57599,33.07615,lake
KITUMBI,115245-3,public,Tanga,Handeni DC,-5.68942,38.36111,coastal
KITUNDA,103198-8,public,Dar Es Salaam,Ilala MC,-6.90225,39.19791,coastal
KITUNDA,109261-8,public,Lindi,Lindi MC,-10.01568,39.74448,southern
KITUNDA,103201-0,public,Tabora,Sikonge DC,-6.83984,33.24984,central
KITUNDA,121131-7,private,Dar Es Salaam,Ilala MC,,,coastal
KITUNDA MISSION,103202-8,private,Tabora,Sikonge DC,-6.801036,33.205919,central
KITUO CHA AFYA KISAKI STATION,121844-5,public,Morogoro,Morogoro DC,-7.49335,37.59649,coastal
KITURA,103203-6,public,Ruvuma,Mbinga DC,-10.93529,34.78794,shighland
KITURI,123155-4,public,Kilimanjaro,Mwanga DC,-3.50601,37.55849,northern
KITURO,115112-5,public,Ruvuma,Songea DC,-10.57008,35.58911,shighland
KITUVI,103204-4,public,Kilimanjaro,Same DC,-4.124675,37.877867,northern
KITWAI A,103205-1,public,Manyara,Simanjiro DC,-4.80839,37.15702,northern
KITWAI B,111827-2,public,Manyara,Simanjiro DC,-4.919931,37.303334,northern
KITWECHEMBOGO,121045-9,public,Kagera,Biharamulo DC,,,lake
KITWECHENKURA,103206-9,public,Kagera,Kyerwa DC,-1.46381,30.83802,lake
KITWIRU,103207-7,public,Iringa,Iringa MC,-7.81852,35.66727,shighland
KIUMBA,124472-2,public,Njombe,Makambako TC,-8.93243,34.82508,shighland
KIUMMA,103208-5,private,Ruvuma,Tunduru DC,-10.75874,36.95745,shighland
KIUNGU,103209-3,public,Kilimanjaro,Rombo DC,-3.27201,37.611766,northern
KIURE,114269-4,private,Morogoro,Morogoro MC,,,coastal
KIVILICHA,111005-5,public,Tanga,Bumbuli DC,-4.95366,38.35743,coastal
KIVINGO,103211-9,public,Tanga,Lushoto DC,-4.40516,38.43266,coastal
KIVINJA A,103212-7,public,Pwani,Kibiti DC,-7.60099,39.25019,coastal
KIVINJA B,103213-5,public,Pwani,Kibiti DC,-7.588329,39.201214,coastal
KIVISINI,103214-3,public,Kilimanjaro,Mwanga DC,-3.56845,37.63612,northern
KIVUKONI,110409-0,public,Morogoro,Ulanga DC,-8.21281,36.69467,coastal
KIVULE,103216-8,public,Dar Es Salaam,Ilala MC,-6.937589,39.176327,coastal
KIVULINI,112313-2,private,Arusha,Arusha DC,-3.51706,36.87044,northern
KIVULINI HEALTH,123703-1,private,Manyara,Mbulu TC,-3.52111,35.32461,northern
KIVULUL,121779-3,public,Arusha,Arusha DC,-3.34075,36.70718,northern
Kivungu,103218-4,public,Morogoro,Kilosa DC,-6.93263,37.03627,coastal
KIVUYO HOPE,124330-2,private,Arusha,Arusha CC,-3.36425,36.58232,northern
KIWALALA,110332-4,public,Lindi,Mtama DC,-10.1803,39.54072,southern
KIWALAMO,103219-2,public,Iringa,Kilolo DC,-8.13698,36.02239,shighland
KIWALANI,103220-0,public,Dar Es Salaam,Ilala MC,-6.85939,39.22733,coastal
KIWAMBO,103221-8,public,Pwani,Mkuranga DC,-7.30304,39.1573,coastal
KIWANDA,103222-6,public,Tanga,Muheza DC,-5.05687,38.71253,coastal
KIWANGA,103223-4,public,Pwani,Rufiji DC,-8.22997,39.1943,coastal
KIWANGWA,103224-2,public,Pwani,Chalinze DC,-6.36998,38.5812,coastal
KIWANJA CHA NDEGE,124078-7,public,Dodoma,Dodoma CC,-6.16061,35.73901,central
KIWANJA CHA NDEGE,121274-5,public,Morogoro,Morogoro MC,-6.87769,37.65292,coastal
KIWANJA MPAKA,103227-5,public,Mbeya,Mbeya CC,-8.89168,33.43388,shighland
KIWAWA,103229-1,public,Lindi,Kilwa DC,-9.1777,39.369,southern
KIWAWA,103228-3,public,Lindi,Lindi MC,-9.84061,39.28518,southern
KIWE,103230-9,public,Njombe,Ludewa DC,-9.81673,34.4522,shighland
KIWEGE,103231-7,public,Morogoro,Morogoro DC,-6.82125,38.06483,coastal
KIWENGULO,108809-5,public,Mtwara,Nanyamba TC,-10.76067,40.0146,southern
KIWERE,120777-8,public,Iringa,Iringa DC,-7.63901,35.65461,shighland
KIWIRA,103236-6,private,Mbeya,Rungwe DC,-9.0809,33.56203,shighland
KIWIRA COAL AND POWER,103234-1,public,Mbeya,Kyela DC,-9.478471,33.680899,shighland
KIWIRA FOREST,103235-8,public,Mbeya,Rungwe DC,-9.08037,33.70541,shighland
KIWIRA GOV,103232-5,public,Mbeya,Rungwe DC,-9.17549,33.54129,shighland
KIWOMBI,124220-5,public,Ruvuma,Mbinga DC,-10.63127,35.17407,shighland
KIYANGA,103237-4,public,Mtwara,Nanyamba TC,-10.72252,39.99838,southern
KIYANGA,107925-0,private,Kagera,Ngara DC,-2.71887,30.63383,lake
KIYAULA,111677-1,public,Njombe,Njombe TC,-9.492144,34.608636,shighland
KIYOGO,103238-2,public,Njombe,Ludewa DC,-10.5038,34.7144,shighland
KIYOGWILE,112748-9,private,Morogoro,Ifakara TC,,,coastal
KIYOMBO,103239-0,public,Njombe,Ludewa DC,-9.78037,34.60009,shighland
KIYOMBO,113264-6,public,Tabora,Sikonge DC,-6.10327,33.93694,central
Kiyongwile,122156-3,private,Morogoro,Ifakara TC,,,coastal
KIYOYA,121151-5,private,Njombe,Njombe TC,-9.33751,34.76841,shighland
KIYUNGU MEDICAL ORATOR,124329-4,private,Morogoro,Kilosa DC,-6.74916,36.81394,coastal
KIYUNGWE,122427-8,public,Kigoma,Kasulu DC,-3.89971,30.33143,central
KIZARA,103241-6,public,Tanga,Korogwe DC,-4.90324,38.66282,coastal
KIZARA,111919-7,public,Tanga,Lushoto DC,-4.83439,38.32823,coastal
KIZARU,103242-4,public,Mara,Butiama DC,-1.67646,34.04125,lake
KIZAZI,124481-3,public,Kigoma,Kibondo DC,-3.66268,30.49291,central
KIZENGA,103243-2,public,Kigoma,Kigoma DC,-4.75462,29.732291,central
KIZENGI,103244-0,public,Tabora,Uyui DC,-5.35443,33.5715,central
KIZI,103246-5,public,Dodoma,Mpwapwa DC,-6.95252,36.64066,central
Kizi,103245-7,public,Rukwa,Nkasi DC,-7.195588,31.024294,shighland
KIZIBA,103247-3,public,Kigoma,Kigoma DC,-4.57167,29.64703,central
KIZIBA,122488-0,public,Geita,Bukombe DC,-3.50923,31.88826,lake
KIZIKO,111188-9,public,Pwani,Mkuranga DC,-7.19771,39.12763,coastal
KIZIKU,124040-7,private,Mwanza,Buchosa DC,,,lake
KIZINGA,103248-1,public,Morogoro,Morogoro DC,-6.80236,37.84243,coastal
KIZOMBWE,103250-7,public,Rukwa,Kalambo DC,-8.36308,31.51624,shighland
KIZOTA,123272-7,private,Dodoma,Dodoma CC,-6.16278,35.71969,central
KIZOTA,123633-0,public,Dodoma,Dodoma CC,-6.14758,35.72458,central
KIZUKA,103253-1,public,Ruvuma,Songea DC,-10.88148,35.24686,shighland
KIZUKA JWTZ,103254-9,public,Morogoro,Morogoro DC,-6.72251,38.12471,coastal
KIZUMBI,110916-4,public,Rukwa,Sumbawanga DC,-8.45946,32.03816,shighland
KIZUMBI,103256-4,public,Shinyanga,Shinyanga MC,-3.724292,33.41891,lake
Kizumbi,103255-6,public,Rukwa,Nkasi DC,-7.906001,30.840048,shighland
KIZUMBI- JWTZ,103257-2,public,Shinyanga,Shinyanga MC,-3.70688,33.424638,lake
KIZUNGU,120917-0,public,Shinyanga,Shinyanga DC,-3.69621,33.25921,lake
KIZUNGU,122777-6,public,Simiyu,Maswa DC,-3.18305,33.78111,lake
Kizungu,103258-0,public,Rukwa,Sumbawanga DC,-7.74206,31.5132,shighland
KIZURIRA NYERERE BUTIAMA,123142-2,public,Mara,Butiama DC,-1.78068,33.95357,lake
KIZWITE,103261-4,public,Rukwa,Sumbawanga MC,-7.978916,31.62846,shighland
KJ,124600-8,private,Mbeya,Mbeya CC,-8.92876,33.50811,shighland
KJ 21,103262-2,public,Kagera,Bukoba MC,-1.32723,31.79714,lake
KKKT MWARUSEMBE,123960-7,private,Pwani,Mkuranga DC,-7.26584,39.14394,coastal
KLM,113774-4,private,Mwanza,Nyamagana MC,-2.54481,32.95714,lake
KM,111867-8,private,Iringa,Iringa MC,-7.78508,35.69246,shighland
KMC,123740-3,private,Morogoro,Mlimba DC,-8.31868,36.12008,coastal
KMKGM-KIKOSI MAALUMU CHA KUTULIZA GHASIA MAGEREZANI,111124-4,public,Dar Es Salaam,Ilala MC,-6.88772,39.17752,coastal
KMT,113639-9,private,Mwanza,Misungwi DC,-2.843056,33.085209,lake
KMT BUSWELU,103270-5,private,Mwanza,Ilemela MC,-2.514875,32.973849,lake
KMT BUZIKU,111135-0,private,Geita,Chato DC,-3.03374,31.75133,lake
KMT MKUYUNI,103273-9,private,Mwanza,Nyamagana MC,-2.56007,32.9137,lake
KOBORI,113940-1,public,Mara,Tarime DC,-1.39419,34.57756,lake
KOCHAKINDO,108472-2,public,Kilimanjaro,Moshi DC,-3.52659,37.51117,northern
KODODO,103277-0,public,Morogoro,Mvomero DC,-7.14141,37.50331,coastal
KOGAJA,103278-8,public,Mara,Rorya DC,-1.17056,34.29831,lake
KOKIRIE,103279-6,public,Kilimanjaro,Moshi DC,-3.270726,37.53847,northern
KOLAGWA,124506-7,public,Pwani,Mkuranga DC,-7.05912,39.21011,coastal
KOLANDOTO,103280-4,private,Shinyanga,Shinyanga MC,-3.59841,33.53384,lake
KOLERO,103281-2,public,Morogoro,Morogoro DC,-7.23339,37.77604,coastal
Kolo,103283-8,public,Dodoma,Kondoa TC,-4.72083,35.8566,central
KOLO,121331-3,public,Dodoma,Kondoa TC,-4.72791,35.82926,central
KOLPING SOCIETY OF TANZANIA,111170-7,private,Kagera,Muleba DC,-2.10323,31.49339,lake
KOLPING SOCIETY OF TANZANIA,123802-1,private,Dar Es Salaam,Kinondoni MC,,,coastal
KOMA,114751-1,public,Pwani,Mkuranga DC,-7.542677,39.392895,coastal
KOMAKOMA,113404-8,private,Dar Es Salaam,Kinondoni MC,-6.45728,39.14362,coastal
KOMARERA,123365-9,public,Mara,Tarime DC,-1.42819,34.45797,lake
KOMBA,112639-0,private,Morogoro,Kilosa DC,-7.65967,36.98388,coastal
KOMBE,103285-3,public,Tabora,Kaliua DC,-5.05985,31.53245,central
KOMBOLE,111652-4,private,Dar Es Salaam,Ilala MC,-6.86804,39.19021,coastal
KOME,103287-9,public,Mara,Musoma DC,-1.85177,33.3348,lake
KOME,103288-7,public,Mwanza,Buchosa DC,-2.35778,32.48586,lake
KOMKOLE B,103290-3,public,Tanga,Handeni DC,-5.584729,38.344339,coastal
KOMKONGA,103291-1,public,Tanga,Handeni DC,-5.61579,38.41395,coastal
KOMOLO,103292-9,private,Manyara,Simanjiro DC,-3.83713,36.7229,northern
KOMOLO,110334-0,public,Lindi,Lindi MC,-9.82522,39.53675,southern
KOMOLO,120938-6,public,Manyara,Simanjiro DC,-3.82066,36.72027,northern
KOMSALA,103293-7,public,Tanga,Handeni DC,-5.229474,38.414608,coastal
KOMSANGA,103294-5,public,Tanga,Handeni DC,-5.471152,38.594954,coastal
KONA,123361-8,public,Geita,Nyang'hwale DC,-3.00377,32.60068,lake
KONDOA,103298-6,private,Dodoma,Kondoa TC,-4.91484,35.79568,central
KONDOA,122292-6,private,Dodoma,Kondoa TC,,,central
Kondoa,111576-5,public,Morogoro,Kilosa DC,-6.8076,37.0292,coastal
Kondoa DC,124658-6,public,Dodoma,Kondoa DC,,,central
KONDOA DISTRICT COUNCIL,120346-2,public,Dodoma,Kondoa DC,-4.60122,35.74161,central
Kondoa TC,124659-4,public,Dodoma,Kondoa TC,,,central
KONGA,110429-8,public,Morogoro,Morogoro MC,-6.91507,37.59315,coastal
Kongei,103302-6,private,Tanga,Lushoto DC,-4.81667,38.3667,coastal
KONGO,103303-4,public,Pwani,Bagamoyo DC,-6.545846,38.843808,coastal
Kongogo,103305-9,public,Dodoma,Bahi DC,-5.651559,35.608366,central
KONGOLO,103306-7,public,Mwanza,Magu DC,-2.46169,33.13494,lake
KONGOLO MKOLA,111720-9,public,Mbeya,Mbarali DC,,,shighland
KONGOLO MSWISWI,110794-5,public,Mbeya,Mbarali DC,-8.774559,33.791211,shighland
KONGOLO QUARRY,121671-2,private,Mbeya,Mbarali DC,-8.77455,33.79121,shighland
KONGOMBITI,103304-2,public,Tabora,Uyui DC,-4.84023,32.95836,central
KONGOWE,108444-1,public,Pwani,Kibaha TC,-6.7362,38.8735,coastal
KONGOWE,121910-4,public,Pwani,Kibaha TC,-6.75632,38.87941,coastal
Kongowe Forest,103309-1,public,Pwani,Kibaha TC,-6.71524,38.87257,coastal
KONGWA,103310-9,public,Morogoro,Morogoro DC,-7.25065,37.90511,coastal
KONGWA,103311-7,public,Dodoma,Kongwa DC,-6.19324,36.38998,central
Kongwa DC,124660-2,public,Dodoma,Kongwa DC,,,central
KONGWA ROMAN CATHOLIC,107094-5,private,Dodoma,Kongwa DC,-6.195808,36.40809,central
KONJE,103313-3,public,Tanga,Handeni TC,-5.40651,38.10819,coastal
KONO,103314-1,public,Mara,Serengeti DC,-1.942822,34.395903,lake
KOREA,114730-5,private,Dar Es Salaam,Ubungo MC,-6.79345,39.13131,coastal
KOREA,120428-8,private,Dar Es Salaam,Ilala MC,,,coastal
KOREA,105033-5,private,Mbeya,Mbeya CC,-8.91129,33.47045,shighland
KOREA ORIENTAL,115091-1,private,Dodoma,Dodoma CC,-6.17582,35.73975,central
KOREAN DERMATOLOGY AND AESTHETICS,124522-4,private,Dar Es Salaam,Kinondoni MC,-6.75653,39.28339,coastal
KORERI,114971-5,public,Mara,Serengeti DC,-1.77485,34.70585,lake
Korogwe DC,124842-6,public,Tanga,Korogwe DC,,,coastal
Korogwe District Council,112464-3,public,Tanga,Korogwe DC,-5.04516,38.32797,coastal
KOROGWE GIRLS SECONDARY SCHOOL,103317-4,public,Tanga,Korogwe TC,-5.16153,38.4634,coastal
Korogwe TC,124843-4,public,Tanga,Korogwe TC,,,coastal
KOROGWE TTC,103318-2,public,Tanga,Korogwe TC,-5.14771,38.4508,coastal
KORONGO,123931-8,public,Manyara,Simanjiro DC,-3.61406,37.31879,northern
KORONGONI,108622-2,public,Kilimanjaro,Moshi MC,-3.35741,37.33347,northern
Korongwe,103320-8,public,Rukwa,Nkasi DC,-7.159808,30.539316,shighland
KOROTAMBE,120826-3,public,Mara,Tarime DC,,,lake
KOTHORA,109753-4,private,Mara,Rorya DC,-1.16577,34.03699,lake
KOWAK,103321-6,private,Mara,Rorya DC,-1.36197,34.1542,lake
KPL,111059-2,private,Morogoro,Mlimba DC,-8.36303,36.09364,coastal
KUBHOJA,112426-2,private,Dar Es Salaam,Ilala MC,-6.82832,39.25594,coastal
KUBITERERE,110796-0,public,Mara,Tarime DC,-1.225701,34.413225,lake
KUDEMA,121322-2,private,Singida,Iramba DC,,,central
KUDO,113193-7,private,Tabora,Tabora MC,-5.02638,32.80747,central
KUDOJA MEDICAL,124337-7,private,Tabora,Sikonge DC,-5.47219,32.44009,central
KUDOX MEDICAL,124174-4,private,Tabora,Sikonge DC,-6.50461,33.15107,central
KUDRA.,120760-4,private,Mtwara,Masasi TC,-10.4332,38.4858,southern
KUHENGA,113548-2,private,Arusha,Arusha CC,-3.36363,36.66777,northern
KUHENGA ANNEX,122203-3,private,Arusha,Arusha CC,,,northern
KULASI,103327-3,public,Tanga,Korogwe DC,-4.839322,38.582823,coastal
KULAZU,112050-0,public,Mwanza,Ukerewe DC,-6.691084,33.427838,lake
KUMBOTA GOLANI,122898-0,private,Dar Es Salaam,Ubungo MC,-6.48894,39.08947,coastal
KUMBULU,111862-9,public,Morogoro,Gairo DC,-6.44328,36.75177,coastal
KUMBURU CARE,121287-7,private,Dar Es Salaam,Ilala MC,,,coastal
KUMKUGWA,103329-9,public,Kigoma,Kibondo DC,-3.52222,30.77493,central
KUMNYIKA,122439-3,public,Kigoma,Kasulu TC,-4.36291,36.64712,central
KUMSENGA,103330-7,public,Kigoma,Kibondo DC,-3.74486,30.45266,central
KUMTANA,111265-5,public,Kagera,Ngara DC,-2.53185,30.65985,lake
KUMTUNDU,121967-4,public,Kigoma,Kasulu DC,-4.17471,30.49794,central
KUMUBANGA,103331-5,public,Kigoma,Kibondo DC,-3.6382,30.90322,central
KUMUBUGA,103332-3,public,Kagera,Ngara DC,-2.83582,30.95679,lake
Kumugamba,103333-1,public,Kagera,Ngara DC,-2.64621,30.6555,lake
KUMUHAMA,103334-9,public,Kigoma,Kibondo DC,-3.5749,30.6822,central
KUMUHASHA,103335-6,public,Kigoma,Kibondo DC,-3.64905,30.8362,central
KUMUHUNGA,124501-8,public,Kigoma,Kakonko DC,-3.12892,30.87003,central
KUMWAMBU,120543-4,public,Kigoma,Kibondo DC,-3.604159,30.697138,central
KUNDUCHI,103336-4,public,Dar Es Salaam,Kinondoni MC,-6.67013,39.20818,coastal
KUNDY,110561-8,private,Dar Es Salaam,Ilala MC,-6.83588,39.20128,coastal
KUNGOMBE,120688-7,public,Mara,Bunda TC,-1.97186,33.83393,lake
Kungwi,103339-8,public,Pwani,Mafia DC,-7.89137,39.81954,coastal
KUNKE,114158-9,public,Morogoro,Mvomero DC,-6.09829,37.40222,coastal
KUNYUMBA,112598-8,private,Mbeya,Rungwe DC,-9.32175,33.65713,shighland
KUNZUGU,103340-6,public,Mara,Bunda TC,-2.05159,33.9156,lake
KURASINI,122604-2,public,Dar Es Salaam,Temeke MC,-6.85621,39.28261,coastal
KURASINI,121244-8,private,Dar Es Salaam,Temeke MC,-6.84912394,39.28239715,coastal
KURASINI WELLNESS,114560-6,private,Dar Es Salaam,Temeke MC,-6.84249,39.28816,coastal
KURUGEE,103342-2,public,Mara,Musoma DC,-1.9137,33.3527,lake
KURUGONGO,113479-0,public,Kigoma,Kasulu DC,-4.64755,30.32943,central
KURUI,103343-0,public,Pwani,Kisarawe DC,-7.05407,38.74156,coastal
KURUSANGA,103344-8,public,Mara,Bunda DC,-1.85162,34.1532,lake
KURUTI,114752-9,public,Pwani,Mkuranga DC,-7.260648,39.495471,coastal
KURUYA,103345-5,public,Mara,Rorya DC,-1.49052,33.9909,lake
KURWIJILA,122286-8,private,Morogoro,Morogoro MC,,,coastal
KUSH,120625-9,private,Manyara,Babati TC,,,northern
KUSHISHA,123850-0,private,Tabora,Uyui DC,-5.32853,33.15103,central
KUSI,121778-5,public,Katavi,Tanganyika DC,-5.49131,30.33311,shighland
KUTA,103347-1,public,Manyara,Mbulu TC,-3.99869,35.57953,northern
Kutani,110020-5,private,Pwani,Mafia DC,-7.91788,39.66399,coastal
KWA MIVINJENI,110668-1,private,Dar Es Salaam,Ilala MC,-6.86058,39.22589,coastal
KWA NEEMA,123843-5,private,Lindi,Kilwa DC,-8.92461,39.51293,southern
KWA UGORO,103350-5,public,Arusha,Meru DC,-3.46567,36.87564,northern
KWABA,121845-2,public,Morogoro,Morogoro DC,-6.98035,38.26591,coastal
KWABADA,103351-3,public,Tanga,Muheza DC,-5.31818,38.75372,coastal
KWABAYA,114991-3,public,Tanga,Handeni TC,-5.41543,38.07459,coastal
KWABOJOO,123642-1,public,Tanga,Handeni DC,-5.51121,38.62971,coastal
KWACHA,123161-2,private,Pwani,Kibiti DC,-7.43231,38.56151,coastal
KWACHAGA,103352-1,public,Tanga,Handeni DC,-5.647013,38.179624,coastal
KWADELO,103353-9,public,Dodoma,Kondoa DC,-4.904113,36.145624,central
KWADOE,122483-1,public,Tanga,Bumbuli DC,-4.82717,38.43313,coastal
KWADOYA,111801-7,public,Tanga,Handeni DC,-5.42914,38.63153,coastal
KWADUDU,121876-7,public,Tanga,Kilindi DC,-5.49897,37.63453,coastal
KWAFUNGO,120932-9,public,Tanga,Muheza DC,-5.24096,38.71309,coastal
KWAFUNGO,103354-7,public,Tanga,Muheza DC,-5.26513,38.72264,coastal
KWAGA,103355-4,public,Kigoma,Kasulu DC,-4.840738,29.978179,central
KWAHEMU,114932-7,public,Dodoma,Chamwino DC,-5.47724,35.92456,central
Kwahengwa,103357-0,public,Dodoma,Kondoa DC,-4.60909,35.69351,central
KWAKIBOMI,103359-6,public,Tanga,Korogwe DC,-5.032197,38.434358,coastal
KWAKIBUYU,103360-4,public,Tanga,Pangani DC,-5.61368,38.8921,coastal
KWAKOA,103363-8,public,Kilimanjaro,Mwanga DC,-3.78449,37.71094,northern
KWAKOMBO,103364-6,public,Tanga,Korogwe TC,-5.219227,38.490763,coastal
KWAKOPWE,120931-1,public,Tanga,Muheza DC,-5.23356,38.77415,coastal
KWALA,108445-8,public,Pwani,Kibaha DC,-6.80247,38.57901,coastal
KWALA,114164-7,public,Pwani,Kisarawe DC,-7.32629,38.66207,coastal
KWALE,114789-1,public,Tanga,Mkinga DC,-4.96549,39.13969,coastal
KWALE,121443-6,public,Pwani,Mkuranga DC,-7.41162,39.39661,coastal
KWALUGURU,103366-1,public,Tanga,Kilindi DC,-5.87828,37.76262,coastal
KWALUWALA,120974-1,public,Tanga,Handeni TC,-5.33769,38.02872,coastal
KWAMALIGWA,112297-7,public,Tanga,Kilindi DC,-5.37659,37.47614,coastal
KWAMATUKU,103367-9,private,Tanga,Handeni DC,-5.281798,38.354456,coastal
KWAMBA,103369-5,public,Tanga,Kilindi DC,-5.66951,37.26986,coastal
KWAMBE,103370-3,public,Ruvuma,Nyasa DC,-11.38315,34.93793,shighland
KWAMDULU ESTATE,103372-9,private,Tanga,Korogwe TC,-5.19488,38.47374,coastal
KWAMDUMA,103373-7,public,Pwani,Chalinze DC,-6.01895,38.0745,coastal
KWAMFYOMI,122695-0,public,Tanga,Kilindi DC,-5.42527,37.83916,coastal
KWAMGWE,111797-7,public,Tanga,Handeni DC,-5.38927,38.60085,coastal
KWAMNDOLWA,103376-0,public,Tanga,Korogwe TC,-5.106166,38.494403,coastal
KWAMNELE,111803-3,public,Tanga,Handeni DC,-5.45711,38.33083,coastal
KWAMNGUMI,111081-6,public,Tanga,Korogwe TC,-5.160963,38.487049,coastal
KWAMSANGAZI,111796-9,public,Tanga,Handeni DC,-5.51351,38.21257,coastal
KWAMSANJA,103379-4,public,Pwani,Chalinze DC,-6.08298,38.0182,coastal
KWAMSISI,103381-0,public,Tanga,Korogwe TC,-5.22612,38.53333,coastal
KWAMSISI,103380-2,public,Tanga,Handeni DC,-5.86507,38.5711,coastal
KWAMTORO,103382-8,public,Dodoma,Chemba DC,-5.228832,35.425987,central
KWAMWANDE,123609-0,public,Tanga,Kilindi DC,-5.55597,37.33713,coastal
KWANDIKWA,120510-3,private,Geita,Geita DC,-3.004625,31.941605,lake
KWANDUGWA,103383-6,public,Tanga,Handeni DC,-5.91006,38.45387,coastal
KWANG'ANDU,103385-1,public,Pwani,Chalinze DC,-5.96211,38.2255,coastal
KWANGAHU,109095-0,public,Tanga,Handeni DC,-5.66384,38.37871,coastal
KWANGURUWE,120960-0,public,Tanga,Bumbuli DC,-4.8732,38.4689,coastal
KWANGWA,103384-4,public,Mara,Musoma MC,-1.5255,33.799263,lake
KWANINA,115094-5,public,Mara,Serengeti DC,-1.74579,34.60471,lake
KWANJEKANYOTA,113817-1,public,Tanga,Tanga CC,-5.08982,39.12107,coastal
KWANKONJE,103386-9,public,Tanga,Handeni DC,-5.59333,38.20882,coastal
KWANYANGE,123191-9,public,Kilimanjaro,Mwanga DC,-3.50601,37.62675,northern
KWARAGURU,103387-7,public,Tanga,Handeni DC,-5.4516,38.52716,coastal
KWARE,103388-5,public,Kilimanjaro,Hai DC,-3.27853,37.149161,northern
KWARUHOMBO,103389-3,public,Pwani,Chalinze DC,-6.08572,38.1342,coastal
KWASADALA COGI,103390-1,private,Kilimanjaro,Hai DC,-3.30763,37.19967,northern
KWASHEMSHI,103391-9,public,Tanga,Korogwe DC,-5.043553,38.468681,coastal
KWASINDI,114993-9,public,Tanga,Handeni TC,-5.46463,38.08187,coastal
KWASUNGA,103392-7,public,Tanga,Handeni DC,-5.97517,38.43259,coastal
KWATANGO,103393-5,public,Tanga,Muheza DC,-5.00864,38.73756,coastal
KWATITO,103394-3,public,Kilimanjaro,Hai DC,-3.419408,37.299402,northern
KWATWANGA,103395-0,public,Iringa,Mufindi DC,-8.42818,34.7477,shighland
KWAZOKA,124488-8,public,Pwani,Chalinze DC,-6.68211,38.66986,coastal
KWEDIBOMA,113992-2,public,Tanga,Kilindi DC,-5.437184,37.575508,coastal
KWEDIBOMA,103396-8,private,Tanga,Kilindi DC,-5.437086,37.575508,coastal
KWEDIGONGO,123628-0,public,Tanga,Handeni TC,-5.42388,38.01734,coastal
KWEDIHWAHWALA,111804-1,public,Tanga,Handeni DC,-5.60571,38.636336,coastal
KWEDIKABU,123593-6,public,Tanga,Handeni DC,-5.87792,38.57346,coastal
KWEDIKWAZU,114804-8,public,Tanga,Handeni DC,-5.5622,38.44189,coastal
KWEDITILIBE,103397-6,public,Tanga,Handeni DC,-5.45647,38.17876,coastal
KWEDIZANDO,120975-8,public,Tanga,Handeni TC,-5.43559,37.99096,coastal
KWEDIZELA,112716-6,private,Tanga,Handeni DC,-5.33656,38.550892,coastal
KWEDIZINGA,103398-4,public,Tanga,Handeni DC,-5.41767,38.52006,coastal
KWEHANGALA,103399-2,public,Tanga,Bumbuli DC,-4.8555,38.43845,coastal
KWEIKONJE,103400-8,public,Pwani,Chalinze DC,-5.99394,38.36732,coastal
KWEINGOMA,110355-5,public,Tanga,Handeni DC,-5.20822,38.37337,coastal
KWEISAPO,103401-6,public,Tanga,Kilindi DC,-5.83022,37.69601,coastal
KWEISEWA,120455-1,public,Tanga,Korogwe DC,-5.43226,38.62821,coastal
KWEKANGA,103402-4,public,Tanga,Lushoto DC,-4.65247,38.37568,coastal
KWEKIVU,103403-2,public,Tanga,Kilindi DC,-5.78931,37.32243,coastal
KWEKUYU,121236-4,public,Tanga,Mkinga DC,,,coastal
KWEMA,123899-7,private,Shinyanga,Shinyanga DC,-3.82753,33.07531,lake
KWEMA PRIMARY SCHOOL,103405-7,private,Shinyanga,Kahama MC,-3.83477,32.61258,lake
KWEMASHAI,111924-7,public,Tanga,Lushoto DC,-4.81031,38.32856,coastal
KWEMAZANDU,103406-5,public,Tanga,Korogwe DC,-4.98004,38.53373,coastal
KWEMBE,103407-3,public,Dar Es Salaam,Ubungo MC,-6.820151,39.08506,coastal
KWEMBE KATI,103408-1,public,Dar Es Salaam,Ubungo MC,-6.80809,39.09472,coastal
KWEMISAMBIA,122969-9,public,Tanga,Bumbuli DC,-4.75478,38.78057,coastal
KWEMKOLE,103409-9,public,Tanga,Korogwe DC,-4.88195001,38.6726001,coastal
KWEMKOMOLE,103410-7,public,Tanga,Bumbuli DC,-4.82782,38.56577,coastal
KWENANGU,103411-5,public,Tanga,Korogwe DC,-4.773715,38.179049,coastal
KWENDOGHOI,120984-0,public,Tanga,Bumbuli DC,,,coastal
KWERU,103412-3,public,Mwanza,Ukerewe DC,-1.9293,33.16192,lake
KWESINE,124053-0,public,Tanga,Bumbuli DC,-4.78486,38.41379,coastal
KWETONGE,115339-4,public,Tanga,Korogwe DC,-4.78488,38.64651,coastal
KWEUMA,110878-6,public,Morogoro,Mvomero DC,-6.0891,37.56694,coastal
KWIBUSE,109697-3,public,Mara,Rorya DC,-1.50041,34.08862,lake
KWIGUTU,115073-9,public,Mara,Butiama DC,-1.76197,33.95949,lake
KWIKUBA,103416-4,public,Mara,Musoma DC,-1.73602,33.6756,lake
KWIMBA,114146-4,public,Songwe,Songwe DC,-8.03421,32.40381,shighland
KWIMBA,109781-5,private,Mara,Musoma MC,-1.49539,33.80896,lake
Kwimba DC,124763-4,public,Mwanza,Kwimba DC,,,lake
KWIMWA,121724-9,public,Mwanza,Misungwi DC,-2.937396,32.895103,lake
KWINJI,103417-2,public,Tanga,Kilindi DC,-5.48116,37.70145,coastal
KWIPIPA,111055-0,public,Morogoro,Gairo DC,-6.23592,36.86591,coastal
KWIRO,103418-0,private,Morogoro,Ulanga DC,-8.67435,36.70989,coastal
KWISA,123793-2,private,Dar Es Salaam,Kinondoni MC,-6.63338,39.14642,coastal
KWITANGA,103419-8,public,Kigoma,Kigoma DC,-4.742385,29.813197,central
KWIZU,103420-6,public,Kilimanjaro,Same DC,-4.13192,37.9058,northern
KYAKA,103421-4,public,Kagera,Missenyi DC,-1.25443,31.42048,lake
KYAMAJOJE,109395-4,public,Mara,Butiama DC,-1.5936510830313,33.774966238093,lake
KYAMALANGE,103422-2,public,Kagera,Bukoba DC,-1.047223,31.849947,lake
KYAMULAILE,103423-0,public,Kagera,Bukoba DC,-1.40825,31.4019,lake
KYAMYORWA,103424-8,public,Kagera,Muleba DC,-2.09139,31.5681,lake
KYANDO OPTICAL,112994-9,private,Ruvuma,Songea MC,-10.67834,35.6438,shighland
KYANGALA,114243-9,public,Mbeya,Kyela DC,-9.51601,33.91481,shighland
KYAWAZARWE,103427-1,public,Mara,Butiama DC,-1.767757,33.831531,lake
KYEBITEMBE,103428-9,public,Kagera,Muleba DC,-2.17697,31.5,lake
KYEERI,103429-7,public,Kilimanjaro,Hai DC,-3.193897,37.207119,northern
KYELA,103430-5,public,Mbeya,Kyela DC,-9.60435,33.86832,shighland
Kyela DC,124735-2,public,Mbeya,Kyela DC,,,shighland
KYELIMA,103431-3,public,Kagera,Missenyi DC,-1.113624,31.77637,lake
KYENGEGE,109721-1,public,Singida,Iramba DC,-4.42865,34.47206,central
KYENGEGE,108470-6,private,Singida,Iramba DC,-4.42751,34.47553,central
Kyerwa DC,124680-0,public,Kagera,Kyerwa DC,,,lake
KYERWA DC,114478-1,public,Kagera,Kyerwa DC,-1.405022,30.77569,lake
KYERWA HUDUMA,124490-4,private,Kagera,Kyerwa DC,-1.49009,30.89298,lake
KYGO,122558-0,private,Dar Es Salaam,Kinondoni MC,-6.26821,39.74189,coastal
KYIMO,103434-7,public,Mbeya,Rungwe DC,-9.209293,33.594474,shighland
KYIMO,122302-3,public,Mbeya,Rungwe DC,-9.21704,33.58648,shighland
KYOBO,103435-4,public,Mbeya,Rungwe DC,-9.27204,33.49128,shighland
KYOMU,103436-2,public,Kilimanjaro,Moshi DC,-3.476571,37.51791,northern
KYORUBA,122393-2,public,Mara,Tarime DC,-1.32357,34.45174,lake
KYOSA,124072-0,public,Mbeya,Rungwe DC,-9.22834,33.47448,shighland
KYOTA,103438-8,public,Kagera,Muleba DC,-2.0936,31.66913,lake
L.H.,122178-7,private,Mbeya,Mbeya CC,,,shighland
LA VIE,102109-6,private,Shinyanga,Kahama MC,-2.53217,32.93315,lake
LABAY PENTECOSTE,103441-2,private,Manyara,Mbulu DC,-4.06526,35.25136,northern
Laela,103442-0,public,Rukwa,Sumbawanga DC,-8.57128,32.0493,shighland
LAFORTIS,121083-0,private,Dar Es Salaam,Kinondoni MC,,,coastal
LAGANA,103444-6,public,Shinyanga,Kishapu DC,-3.87292,33.92887,lake
LAGANGABILILI,103445-3,public,Simiyu,Itilima DC,-2.95834,34.13993,lake
LAGHANGA,103447-9,public,Manyara,Hanang DC,-4.550885,35.07171,northern
LAGHANGARERI,103446-1,public,Arusha,Karatu DC,-3.552925,35.295794,northern
LAHAG,124887-1,private,Dar Es Salaam,Ilala MC,-6.95911,39.18531,coastal
LAHODA,103448-7,public,Dodoma,Chemba DC,-5.08727,35.369638,central
LAIKALA,103449-5,public,Dodoma,Kongwa DC,-6.11449,36.36483,central
LAINI,108780-8,public,Simiyu,Itilima DC,-2.80951,34.26538,lake
LAISERI,103450-3,public,Manyara,Kiteto DC,-5.94187,36.84625,northern
LAJA,108898-8,private,Mwanza,Ilemela MC,-2.476763,32.922325,lake
LAJA,103451-1,public,Arusha,Karatu DC,-3.627989,35.546485,northern
LAKE EYASI,112937-8,private,Arusha,Karatu DC,-3.49978,35.40206,northern
LAKE TANGANYIKA,112989-9,private,Rukwa,Nkasi DC,-7.373677,30.625443,shighland
LAKUYI,103452-9,public,Tabora,Nzega DC,-4.14103,33.047327,central
LALAGO,103453-7,public,Simiyu,Maswa DC,-3.4515,33.94558,lake
LALAJI,109331-9,public,Manyara,Hanang DC,-4.73192,35.22456,northern
LALAMBE,103454-5,public,Kigoma,Kasulu DC,-4.637227,30.255777,central
LALTA,103455-2,public,Dodoma,Chemba DC,-5.17049,35.309635,central
LAM SHEKILANGO,113258-8,private,Dar Es Salaam,Ubungo MC,,,coastal
LAMADI,110994-1,private,Simiyu,Busega DC,-2.24559,33.84883,lake
Lamaiti,103456-0,public,Dodoma,Bahi DC,-5.796436,35.490119,central
LAMBA,112102-9,public,Singida,Singida DC,-4.82054,35.07167,central
LAMBO,103458-6,public,Kilimanjaro,Mwanga DC,-3.64949,37.62341,northern
LAMBO,103457-8,public,Kilimanjaro,Hai DC,-3.2827,37.2244,northern
LAMII,122683-6,private,Dar Es Salaam,Ubungo MC,-6.45307,39.07205,coastal
LANCET,112949-3,private,Kilimanjaro,Moshi MC,-3.34742,37.34394,northern
LANCET,113471-7,private,Dar Es Salaam,Kinondoni MC,,,coastal
LANCET,112781-0,private,Dodoma,Dodoma CC,-6.17682,35.74952,central
LANCET,112000-5,private,Arusha,Arusha CC,-3.37264,36.68842,northern
LANCET,113426-1,private,Dar Es Salaam,Ilala MC,-6.81339,39.27889,coastal
LANCET,114387-4,private,Mwanza,Ilemela MC,-2.49693,32.90305,lake
LANCET GEMSA,123008-5,private,Arusha,Arusha CC,-3.37508,36.69968,northern
LANDANAI,103460-2,public,Manyara,Simanjiro DC,-4.08087,37.13363,northern
LANG'ATA BORA,103461-0,public,Kilimanjaro,Mwanga DC,-3.6528,37.44494,northern
LANGAI,121666-2,public,Manyara,Simanjiro DC,-3.89075,36.36478,northern
LANGI,114564-8,public,Mwanza,Magu DC,-2.43485,33.08092,lake
LANGIRO,103462-8,public,Ruvuma,Mbinga DC,-10.99452,34.77829,shighland
LANGONI,103463-6,public,Tanga,Pangani DC,-5.48253,38.88741,coastal
LAROI,124257-7,public,Arusha,Arusha DC,-3.49457,36.62384,northern
LARUSA,112836-2,private,Arusha,Arusha CC,-3.369451,36.686845,northern
LASH,111787-8,private,Kigoma,Kigoma Ujiji MC,-4.87932,29.64169,central
LASHAINE,120848-7,public,Arusha,Monduli DC,-3.33326,36.42094,northern
LATING LAST CALL,114725-5,private,Morogoro,Morogoro MC,,,coastal
LAURA,121404-8,private,Manyara,Babati DC,-3.45888,36.56722,northern
LAVIE,111910-6,private,Dar Es Salaam,Ilala MC,-6.84265,39.18543,coastal
LAWA,122676-0,private,Mbeya,Mbeya CC,-8.91944,33.49657,shighland
LAWATE,124884-8,public,Kilimanjaro,Siha DC,-3.22515,37.10167,northern
LAZIMA,121138-2,private,Mtwara,Masasi TC,-10.4714,38.4348,southern
LB,113437-8,private,Dar Es Salaam,Ilala MC,,,coastal
LC AFYAPRIME MEDICARE,124022-5,private,Arusha,Arusha CC,-3.25451,36.40291,northern
LCC HURUMA,110715-0,private,Arusha,Arusha CC,-3.418995,36.658198,northern
LEE,113062-4,private,Njombe,Ludewa DC,,,shighland
LEE HEALTH,124158-7,private,Mwanza,Ilemela MC,-2.50454,32.92486,lake
LEGA MEDICAL,122008-6,private,Pwani,Kibaha TC,-6.70177,39.036896,coastal
LEGANGA,109443-2,public,Dodoma,Kongwa DC,-5.707525,36.36141,central
LEGEZAMWENDO,103467-7,public,Rukwa,Kalambo DC,-8.80541,31.99061,shighland
LEGEZAMWENDO,110915-6,public,Morogoro,Morogoro MC,-6.79188,37.75992,coastal
LEGEZAMWENDO,121704-1,public,Ruvuma,Tunduru DC,-11.08838,37.17152,shighland
LEGHOMULLO,121435-2,public,Kilimanjaro,Moshi DC,-3.317891,37.49292,northern
LEGURUKI,103469-3,public,Arusha,Meru DC,-3.241771,36.924624,northern
LEGURUKI LUTHERAN,103470-1,private,Arusha,Meru DC,-3.25646,36.95171,northern
LEIMA,123538-1,private,Ruvuma,Songea DC,-10.37231,35.27281,shighland
LEM,113261-2,private,Dar Es Salaam,Ubungo MC,-6.80437,39.24089,coastal
LEMA,103471-9,public,Mbeya,Kyela DC,-9.49357,33.685501,shighland
LEMBA,123038-2,public,Kigoma,Buhigwe DC,-4.38477,30.11342,central
LEMBELI,103472-7,public,Tabora,Sikonge DC,-5.84474001,32.9097001,central
LEMBENI,103473-5,public,Kilimanjaro,Mwanga DC,-3.78447,37.61316,northern
LEMELO,123681-9,private,Simiyu,Maswa DC,-3.16737,33.78283,lake
LEMGUR,124255-1,public,Arusha,Arusha DC,-3.42247,36.57694,northern
LEMKUNA,103475-0,public,Manyara,Simanjiro DC,-3.88851,37.4488,northern
LEMOOTI,112196-1,public,Manyara,Simanjiro DC,-3.82378,36.31431,northern
LEMOOTI,120846-1,public,Arusha,Monduli DC,-3.29346,36.4451,northern
LEMY,121860-1,private,Dar Es Salaam,Ilala MC,-6.92387,39.20518,coastal
LEMY II,121422-0,private,Pwani,Mkuranga DC,-6.977717,39.287105,coastal
LENAITUNYO,113576-3,public,Manyara,Simanjiro DC,-4.05225,36.43012,northern
LENDIKINYA,103477-6,public,Arusha,Monduli DC,-3.341433,36.361717,northern
LENGAJI,110706-9,public,Dodoma,Kongwa DC,-6.14633,36.73833,central
LENGASITI,103478-4,public,Manyara,Simanjiro DC,-3.57466,37.15464,northern
LENGATEI,103479-2,public,Manyara,Kiteto DC,-5.5696,37.20947,northern
LENGIJAVE,103468-5,public,Arusha,Arusha DC,-3.22259,36.6029,northern
LENGO,103481-8,public,Mtwara,Newala DC,-10.7302,39.3042,southern
LENGORWA,123463-2,public,Arusha,Monduli DC,-3.61836,36.51653,northern
LENGUSERO,111566-6,public,Tanga,Kilindi DC,-5.24495,37.87015,coastal
LENJULU,103482-6,public,Dodoma,Kongwa DC,-6.05037,36.79125,central
LEPURKO,103483-4,public,Arusha,Monduli DC,-3.21373,36.1356,northern
LERAI,124260-1,public,Kilimanjaro,Hai DC,-3.38383,37.17722,northern
LERANG'WA,103484-2,public,Arusha,Longido DC,-2.84161,36.719003,northern
LEREMETA,106269-4,public,Arusha,Longido DC,-2.87105,37.11984,northern
LERUMO,120988-1,public,Manyara,Simanjiro DC,-4.65581,37.4937,northern
LESA DENTAL SURGERY,121334-7,private,Kilimanjaro,Moshi MC,,,northern
LESHA HEALTH CARE,124878-0,private,Dar Es Salaam,Kigamboni MC,-6.90394,39.35774,coastal
LESHATA,103486-7,public,Morogoro,Gairo DC,-5.97164,37.06429,coastal
LESING'ITA,111229-1,public,Arusha,Longido DC,-2.634775,36.560505,northern
LESIRAA,103487-5,public,Arusha,Arusha DC,-3.396869,36.506901,northern
LESOIT,103488-3,public,Manyara,Kiteto DC,-5.52588,37.22252,northern
Lest viva,112126-8,private,Mara,Musoma MC,-1.51575,33.78748,lake
LEVISHI,103489-1,public,Kilimanjaro,Siha DC,-3.16221,37.1014,northern
LEWA,103491-7,public,Tanga,Korogwe DC,-5.098647,38.396564,coastal
LIANA,122342-9,private,Mbeya,Chunya DC,-8.52041,33.42615,shighland
LIANA MBEYA,123467-3,private,Mbeya,Mbeya CC,-8.91441,33.46991,shighland
Libango,103493-3,public,Ruvuma,Namtumbo DC,-10.26485,36.02838,shighland
LIBOBE,110247-4,public,Mtwara,Mtwara DC,-10.303242,39.872655,southern
LICHWACHWA,103495-8,public,Lindi,Ruangwa DC,-9.943717,39.08374,southern
Life Care,121734-8,private,Tanga,Tanga CC,-5.1243,39.01432,coastal
Life Line,121160-6,private,Arusha,Arusha CC,,,northern
LIFE TIME EYE CARE,114191-0,private,Dar Es Salaam,Temeke MC,-6.88079,39.22818,coastal
LIFECARE SPECIALIZED POLYCLINIC,120305-8,private,Arusha,Arusha CC,,,northern
LIFELINE,103496-6,private,Shinyanga,Shinyanga MC,-3.66406,33.42147,lake
LIFELITE,124939-0,private,Kigoma,Kigoma Ujiji MC,-4.85754,29.64647,central
LIFESIGN,103497-4,private,Dar Es Salaam,Ubungo MC,-6.795877,39.138872,coastal
LIFETIME,122729-7,private,Mbeya,Mbeya CC,-8.909401,33.4594,shighland
LIFUA,103498-2,public,Njombe,Ludewa DC,-10.37819,34.78411,shighland
LIFUMA,103499-0,public,Njombe,Ludewa DC,-9.97619,34.48817,shighland
LIGAMBA B,115025-9,public,Mara,Bunda TC,-2.03452,33.92175,lake
LIGANGA,120995-6,public,Ruvuma,Songea DC,-10.67851,35.33761,shighland
LIGANGA,103500-5,private,Ruvuma,Songea DC,-10.678501,35.3376,shighland
LIGANGA,113756-1,public,Lindi,Mtama DC,-10.12861,39.13892,southern
LIGERA,103501-3,public,Ruvuma,Namtumbo DC,-10.55201,36.53701,shighland
LIGHTSTAR,124169-4,private,Shinyanga,Kahama MC,-3.82137,32.60394,lake
LIGLA,125051-3,private,Dar Es Salaam,Ilala MC,-6.84331,39.24062,coastal
LIGOMA,103502-1,public,Ruvuma,Tunduru DC,-11.07821,37.49799,shighland
LIGULA,103503-9,public,Mtwara,Mtwara MC,-10.2824,40.17291,southern
LIGULA MEDICAL,111697-9,private,Mtwara,Masasi TC,-10.72522,38.8106,southern
LIGUMBIRO,103504-7,public,Njombe,Ludewa DC,-9.76515,34.47963,shighland
LIGUNGA,103505-4,private,Ruvuma,Namtumbo DC,-11.11278,36.21098,shighland
LIGUNGA,103506-2,public,Ruvuma,Tunduru DC,-10.78831,37.12173,shighland
LIHAGULE,103507-0,public,Njombe,Ludewa DC,-10.45188,34.73272,shighland
LIHALE,103508-8,public,Ruvuma,Mbinga DC,-10.793511,35.159748,shighland
LIHIMALYAO,103509-6,public,Lindi,Kilwa DC,-9.33725,39.6259,southern
LIHIMILO,103510-4,public,Lindi,Lindi MC,-9.70245,39.47641,southern
LIKAMBA,103512-0,public,Arusha,Arusha DC,-3.32382,36.54664,northern
LIKARANGILO,103511-2,public,Ruvuma,Madaba DC,-10.45444,35.68065,shighland
LIKAWAGE,103513-8,public,Lindi,Kilwa DC,-9.25931,38.9948,southern
LIKOKONA,103514-6,public,Mtwara,Nanyumbu DC,-10.897153,38.238462,southern
LIKOLOMBE,103515-3,public,Mtwara,Tandahimba DC,-10.36101,39.4201,southern
LIKOMBORA,103517-9,public,Lindi,Liwale DC,-9.89582,37.91703,southern
LIKONDE,123357-6,public,Mtwara,Mtwara DC,-10.59059,39.81987,southern
LIKUNJA,103518-7,public,Lindi,Ruangwa DC,-10.163085,38.914153,southern
LIKUSANGUSE,103519-5,public,Ruvuma,Namtumbo DC,-11.2865,36.39471,shighland
LIKUYU A,103521-1,public,Ruvuma,Namtumbo DC,-10.26887,36.21944,shighland
LIKUYUFUSI,108857-4,public,Ruvuma,Songea MC,-10.67476,35.47967,shighland
LIKUYUSEKA,109232-9,public,Ruvuma,Namtumbo DC,-10.32002,36.27261,shighland
LIKWACHU,103523-7,public,Lindi,Ruangwa DC,-10.4742,38.9584,southern
LIKWELA,121515-1,public,Ruvuma,Mbinga DC,-11.095553,34.909762,shighland
LIKWELA,103524-5,public,Lindi,Nachingwea DC,-10.0468,38.7507,southern
LILAMBO 'A',121881-7,public,Ruvuma,Songea MC,-10.67068,35.53055,shighland
LILAMBO 'B',111906-4,public,Ruvuma,Songea MC,-10.66714,35.51836,shighland
LILIAN LYNCOLLIN AND COLLIN,123292-5,private,Morogoro,Morogoro MC,-6.75166,37.64878,coastal
LILOMBE,110810-9,public,Lindi,Liwale DC,-10.21982,37.89294,southern
LILOMBWI,110294-6,public,Njombe,Njombe TC,-9.599361,35.176467,shighland
LILONDO,103527-8,public,Ruvuma,Madaba DC,-9.83671,35.3376,shighland
LILY'S,124915-0,private,Mwanza,Misungwi DC,-2.84133,33.08561,lake
LIMA,109768-2,public,Njombe,Njombe DC,-9.08015,35.09242,shighland
LIMAGE,103530-2,public,Njombe,Njombe TC,-9.43608,34.87657,shighland
LIMAMU,103531-0,public,Ruvuma,Namtumbo DC,-10.82715,35.97208,shighland
LIMBULA,103532-8,public,Tabora,Kaliua DC,-5.12416,31.7409,central
LINDA,103533-6,public,Ruvuma,Mbinga DC,-10.8355,34.9082,shighland
LINDA HEALTH,124418-5,private,Pwani,Mkuranga DC,-7.03012,39.29461,coastal
Lindi MC,124710-5,public,Lindi,Lindi MC,,,southern
LINDI MUNICIPAL COUNCIL,120891-7,public,Lindi,Lindi MC,-9.870849,39.749731,southern
LINGEKA,103534-4,public,Simiyu,Meatu DC,-3.09667,34.30542,lake
LINK,121109-3,private,Dar Es Salaam,Ubungo MC,,,coastal
LINOHA,103535-1,public,Lindi,Mtama DC,-10.40083,39.50961,southern
LINSI FAMILY,124936-6,private,Mwanza,Ilemela MC,-2.51877,33.01957,lake
LIONJA,103536-9,public,Lindi,Nachingwea DC,-10.162867,38.492214,southern
LIPALWE,103537-7,public,Mtwara,Tandahimba DC,-10.95121,39.46946,southern
LIPANDE,123437-6,public,Lindi,Ruangwa DC,-10.06214,38.91118,southern
LIPANGALA,103538-5,public,Njombe,Ludewa DC,-9.84861,34.6758,shighland
LIPANGALALA,114172-0,public,Morogoro,Ifakara TC,-8.15232,36.68291,coastal
LIPARAMBA,103539-3,public,Ruvuma,Nyasa DC,-11.39942,35.22787,shighland
LIPAYA,103540-1,public,Ruvuma,Songea DC,-10.7671,35.6169,shighland
LIPESHAMA,122748-7,private,Pwani,Kibaha TC,-6.76044,38.93405,coastal
LIPILIPILI,103541-9,public,Ruvuma,Mbinga TC,-11.088279,35.136312,shighland
LIPOKELA,103542-7,public,Ruvuma,Songea DC,-10.7096,35.3328,shighland
LIPOME,103543-5,public,Lindi,Mtama DC,-10.46865,39.54192,southern
LIPUMBA,110259-9,public,Ruvuma,Mbinga DC,-10.844657,35.021209,shighland
LIPUYU,112308-2,public,Lindi,Nachingwea DC,-10.17662,38.37487,southern
LIPWIDI,103544-3,public,Mtwara,Mtwara DC,,,southern
LIRA,122896-4,private,Iringa,Iringa MC,-7.78412,35.69019,shighland
LISA,114427-8,private,Mwanza,Sengerema DC,-2.645,32.63441,lake
LISABON,109733-6,private,Geita,Geita DC,-3.00642,31.9329,lake
LITEHU,103546-8,public,Mtwara,Tandahimba DC,-10.58834,39.52784,southern
LITEMBO,103548-4,private,Ruvuma,Mbinga DC,-10.97665,34.82522,shighland
LITIPU,120713-3,public,Lindi,Mtama DC,-10.37925,39.66344,southern
LITISHA A,114635-6,public,Ruvuma,Songea DC,-10.6504,35.3846,shighland
LITOLA,103552-6,public,Ruvuma,Namtumbo DC,-10.5579,35.92279,shighland
LITORONGI,103553-4,public,Ruvuma,Mbinga DC,-10.82531,35.13842,shighland
LITOWA,103554-2,public,Ruvuma,Songea DC,-10.51605,35.47732,shighland
LITUHI,103555-9,private,Ruvuma,Nyasa DC,-10.54246,34.61183,shighland
LITUMBAKUHAMBA,103556-7,public,Ruvuma,Nyasa DC,-10.46612,34.78074,shighland
LITUMBANDYOSI,103557-5,public,Ruvuma,Mbinga DC,-10.41558,35.12761,shighland
LITUMBANDYOSI,122780-0,public,Ruvuma,Mbinga DC,-10.42564,35.11484,shighland
LITURU,110453-8,public,Ruvuma,Mbinga DC,-10.95642,34.81946,shighland
LIUGAI,111192-1,public,Njombe,Ludewa DC,,,shighland
LIUGURU,103558-3,public,Lindi,Ruangwa DC,-10.0284,38.8892,southern
LIULA,103559-1,public,Ruvuma,Songea DC,-10.6878,35.7517,shighland
LIULI,120768-7,private,Pwani,Chalinze DC,,,coastal
LIULI,123211-5,private,Pwani,Kibaha DC,-6.80284,38.57715,coastal
LIULI,124106-6,private,Songwe,Tunduma TC,-9.18979,32.46236,shighland
LIULI DIAGNOST CENTER,125131-3,private,Songwe,Tunduma TC,-9.27451,32.83304,shighland
LIUNJI,123434-3,public,Njombe,Ludewa DC,-9.82576,34.41372,shighland
LIVOYANGE,121129-1,private,Dar Es Salaam,Temeke MC,-6.88203,39.23535,coastal
LIWALE B,103563-3,public,Lindi,Liwale DC,-9.81042,37.96466,southern
Liwale DC,124711-3,public,Lindi,Liwale DC,,,southern
LIWALE TOWN,103562-5,public,Lindi,Liwale DC,-9.80552,37.94785,southern
LIWANGULA,103564-1,public,Ruvuma,Tunduru DC,-10.74473,37.75724,shighland
LIWETA,103565-8,public,Ruvuma,Songea DC,-10.5009,35.5984,shighland
LIWETA,111734-0,public,Ruvuma,Nyasa DC,-10.64013,34.64895,shighland
LIWIHI,103566-6,public,Ruvuma,Mbinga DC,-10.782529,34.899974,shighland
LIWUMBU,103567-4,public,Ruvuma,Songea MC,-10.59929,35.69713,shighland
LKM,123718-9,private,Geita,Geita TC,-2.90012,32.28672,lake
LLC LTD DAR GROUP,122553-1,private,Morogoro,Morogoro MC,,,coastal
LOCHIE,112427-0,private,Dar Es Salaam,Ilala MC,-6.98538,39.10022,coastal
LOIBORISIRET,122278-5,public,Manyara,Simanjiro DC,-3.52442,37.28277,northern
LOIBORSIRET,103568-2,public,Manyara,Simanjiro DC,-4.27184,36.37591,northern
LOIBORSOIT A,103569-0,public,Manyara,Simanjiro DC,-3.88243,36.42384,northern
LOIBORSOIT B,103570-8,public,Manyara,Simanjiro DC,-4.397644,37.477621,northern
Loje,103571-6,public,Dodoma,Chamwino DC,-6.866932,36.011202,central
LOLA,123916-9,public,Mbeya,Chunya DC,-8.26403,33.30004,shighland
Lola,113240-6,private,Tanga,Tanga CC,-5.13322,39.08682,coastal
LOLE,103572-4,public,Kilimanjaro,Moshi DC,-3.26271,37.57348,northern
LOLE,122041-7,public,Njombe,Njombe DC,-9.74605,34.87748,shighland
LOLIONDO,103573-2,public,Arusha,Ngorongoro DC,-2.05254,35.62455,northern
LOLKISALE,103574-0,public,Arusha,Monduli DC,-3.76107,36.42734,northern
LOLTEPESI,103575-7,public,Manyara,Kiteto DC,-5.72778,36.87293,northern
Londokazi,103576-5,public,Rukwa,Nkasi DC,-7.528524,31.221784,shighland
LONDON,110749-9,private,Dar Es Salaam,Kinondoni MC,-6.76306,39.26965,coastal
LONDONI,103577-3,public,Singida,Manyoni DC,-5.32031,35.0788,central
LONDOTO,120941-0,public,Manyara,Simanjiro DC,-3.53331,37.31107,northern
Long life health care laboratory,121923-7,private,Kilimanjaro,Rombo DC,-3.19168,37.61337,northern
LONGALOMBOGO,109192-5,public,Simiyu,Itilima DC,-2.9638,34.39847,lake
LONGALONIGA,103580-7,public,Simiyu,Meatu DC,-3.1115,34.38,lake
Longido DC,124644-6,public,Arusha,Longido DC,,,northern
LONGIDO DC,120431-2,public,Arusha,Longido DC,-2.76056,36.70492,northern
LONGOI,103582-3,public,Kilimanjaro,Hai DC,-3.406821,37.253627,northern
LONGOI,111014-7,public,Tanga,Lushoto DC,-4.60315,38.24878,coastal
LONGUO,103583-1,public,Kilimanjaro,Moshi MC,-3.317056,37.317292,northern
LONGUO,113795-9,private,Kilimanjaro,Moshi DC,-3.30716,37.33065,northern
LONGUZA,103584-9,public,Tanga,Muheza DC,-5.11986,38.69191,coastal
Loo,120978-2,public,Dodoma,Kondoa DC,-4.81151,35.93161,central
LOOLERA,103585-6,private,Manyara,Kiteto DC,-5.37611,37.22516,northern
LOOSOITO,109886-2,public,Arusha,Ngorongoro DC,-2.23187,35.49052,northern
LOROKARE,113577-1,public,Manyara,Simanjiro DC,-3.7605,36.53078,northern
LORSON,123102-6,private,Mwanza,Nyamagana MC,,,lake
LOSAA,103587-2,public,Kilimanjaro,Hai DC,-3.205767,37.154144,northern
LOSIMINGORE,103588-0,public,Arusha,Monduli DC,-3.41787,36.1822,northern
LOSINONI,103589-8,public,Arusha,Arusha DC,-3.13209,36.72001,northern
LOSINYAI,103590-6,public,Manyara,Simanjiro DC,-3.602966,36.719304,northern
LOSIRWA,111230-9,public,Arusha,Longido DC,-2.842747,36.203179,northern
LOSITETE,103591-4,private,Arusha,Karatu DC,-3.179727,35.904982,northern
LOSOITO,120940-2,public,Manyara,Simanjiro DC,-3.60481,37.03517,northern
LOSOKONOI,103592-2,public,Manyara,Simanjiro DC,-4.05506,37.107223,northern
LOSWAKI,120939-4,public,Manyara,Simanjiro DC,-3.82066,36.72027,northern
LOTHAR,113701-7,private,Iringa,Mafinga TC,-8.25783,35.32519,shighland
LOVILUKUNY,121896-5,public,Arusha,Arusha DC,-3.40269,36.54774,northern
LOWA,103594-8,private,Shinyanga,Kahama MC,-3.89673,32.45821,lake
Lowe,103595-5,public,Rukwa,Sumbawanga DC,-8.530358,31.962858,shighland
LOYA,103598-9,public,Tabora,Uyui DC,-5.05777,33.83244,central
LOYA,121247-1,public,Tabora,Uyui DC,-5.05947,33.38323,central
LOYAL,123159-6,private,Dar Es Salaam,Ilala MC,-6.83859,39.18684,coastal
LOYAL,123257-8,private,Mwanza,Ilemela MC,-2.34567,32.45674,lake
LOYRDES,103586-4,private,Kagera,Ngara DC,-2.50076,30.85079,lake
LUAGALA,103599-7,private,Mtwara,Tandahimba DC,-10.54403,39.47835,southern
LUALAJE,109174-3,public,Mbeya,Chunya DC,-7.926031,33.570434,shighland
LUALE,103601-1,public,Morogoro,Mvomero DC,-7.13328,37.53682,coastal
LUANA,103602-9,private,Njombe,Ludewa DC,-9.97265,34.61425,shighland
LUATALA,103603-7,private,Mtwara,Masasi DC,-10.99769,39.08232,southern
LUBAGA,103605-2,public,Shinyanga,Kishapu DC,-3.56433,33.79521,lake
LUBAGA,111231-7,public,Shinyanga,Shinyanga MC,-3.65283,33.3563,lake
LUBAKAYA,103606-0,public,Dar Es Salaam,Ilala MC,-7.02342,39.07434,coastal
LUBALISI,103607-8,public,Kigoma,Uvinza DC,-6.06849,30.16894,central
LUBANDA,120518-6,public,Geita,Geita DC,-3.05641,32.05641,lake
LUBANDA,103608-6,public,Songwe,Ileje DC,-9.359729,33.498176,shighland
LUBANGA,103609-4,public,Geita,Geita DC,-2.6337,32.389,lake
LUBASAZI,121851-0,public,Morogoro,Morogoro DC,-7.24498,37.77603,coastal
LUBATAHA,113253-9,private,Dar Es Salaam,Ubungo MC,,,coastal
LUBEHO,124542-2,public,Geita,Mbogwe DC,-3.59912,32.11396,lake
LUBEJA,124316-1,private,Mwanza,Nyamagana MC,-2.63654,32.92558,lake
LUBIGA,103611-0,public,Simiyu,Meatu DC,-3.30085,34.21466,lake
LUBIRI,103612-8,public,Mwanza,Misungwi DC,-3.11933,32.79222,lake
LUBUNGO A,113408-9,public,Morogoro,Morogoro DC,,,coastal
LUBUNGO B,103615-1,public,Morogoro,Mvomero DC,-6.834642,37.498737,coastal
LUCAS,125109-9,private,Dodoma,Mpwapwa DC,-6.62462,36.39079,central
LUCASIA,124041-5,private,Dar Es Salaam,Kinondoni MC,-6.13567,39.18051,coastal
LUCHELEGWA,103616-9,public,Lindi,Ruangwa DC,-10.40037,38.95533,southern
LUCHILI,103617-7,public,Mwanza,Buchosa DC,-2.56158,32.51773,lake
LUCHIMA,115220-6,public,Katavi,Mpimbwe DC,-7.27538,31.45479,shighland
LUCIA,124541-4,private,Mbeya,Mbeya DC,-8.94716,33.36583,shighland
LUCIAN,124140-5,private,Mwanza,Sengerema DC,-2.66256,32.64172,lake
LUCK,123101-8,private,Mwanza,Ilemela MC,,,lake
LUCKMED,123069-7,private,Shinyanga,Shinyanga MC,-3.69811,33.39851,lake
LUDEBA,122887-3,public,Geita,Chato DC,-3.37708,31.57463,lake
LUDENDE,103619-3,public,Njombe,Ludewa DC,-9.90634,34.69922,shighland
LUDEWA,121848-6,public,Morogoro,Morogoro DC,-6.96269,37.72091,coastal
Ludewa DC,124770-9,public,Njombe,Ludewa DC,,,shighland
LUDEWA KIJIJINI,103621-9,private,Njombe,Ludewa DC,-10.11433,34.69081,shighland
LUDODI DENTAL,111106-1,private,Dar Es Salaam,Ubungo MC,-6.784682,39.116419,coastal
LUDOVIC,122436-9,private,Pwani,Chalinze DC,-6.077877,38.24358,coastal
LUDUGA,103622-7,public,Njombe,Wanging'ombe DC,-8.968451,34.52866,shighland
LUEGU,103623-5,public,Ruvuma,Namtumbo DC,-10.53452,36.0132,shighland
LUFIKIRI,114150-6,public,Morogoro,Gairo DC,-6.39533,36.88471,coastal
LUFILYO,109318-6,public,Mbeya,Busokelo DC,-9.28894,33.9008,shighland
LUFINGO,103624-3,public,Mbeya,Rungwe DC,-9.25515,33.58501,shighland
LUFU,103625-0,public,Dodoma,Mpwapwa DC,-6.82234,36.4991,central
LUFUBU,122757-8,public,Kigoma,Uvinza DC,-6.06849,30.16894,central
LUFULU,114104-3,public,Morogoro,Mlimba DC,-8.54764,36.93091,coastal
LUFUMBI,124073-8,public,Mbeya,Rungwe DC,-9.26734,33.68851,shighland
LUFUMBU,103626-8,public,Njombe,Ludewa DC,-9.782317,34.513861,shighland
LUGAGARA,103628-4,public,Ruvuma,Songea DC,-10.521173,35.268234,shighland
LUGALA,123076-2,public,Morogoro,Mlimba DC,-8.34864,36.08333,coastal
Lugala,103629-2,public,Dodoma,Dodoma CC,-6.044741,35.623738,central
LUGALA,103630-0,private,Morogoro,Malinyi DC,-8.92424,36.13731,coastal
LUGALO,111744-9,public,Iringa,Kilolo DC,-7.74838,35.86374,shighland
LUGALO RCH,103633-4,public,Dar Es Salaam,Kinondoni MC,-6.76586,39.2279,coastal
LUGANGA,103634-2,public,Iringa,Iringa DC,-7.53044,35.48121,shighland
LUGANJO MTONI,120681-2,public,Tabora,Kaliua DC,-5.20552,31.23076,central
LUGARAWA,113558-1,public,Njombe,Ludewa DC,,,shighland
LUGARI,103638-3,public,Ruvuma,Mbinga DC,-10.87768,34.86229,shighland
LUGATA,103639-1,public,Mwanza,Buchosa DC,-2.32513,32.44126,lake
LUGENGE,103640-9,private,Njombe,Njombe TC,-9.03476,34.81524,shighland
LUGEYE,103641-7,public,Mwanza,Magu DC,-2.55339,33.25216,lake
LUGOBA,103643-3,public,Pwani,Chalinze DC,-6.46303,38.33051,coastal
LUGOBA MISSION,103644-1,private,Pwani,Chalinze DC,-6.45537,38.3315,coastal
LUGOBA SECONDARY,103645-8,public,Pwani,Chalinze DC,-6.45483,38.332,coastal
LUGODA,103646-6,private,Iringa,Mufindi DC,-8.58376,35.26415,shighland
LUGOMBO,103649-0,public,Mbeya,Rungwe DC,-9.26442,33.56284,shighland
LUGOMBO,103648-2,public,Mbeya,Kyela DC,-9.55547,33.94243,shighland
LUGONESI,123340-2,public,Katavi,Tanganyika DC,-6.19609,30.33004,shighland
LUGONGO,114928-5,public,Mwanza,Sengerema DC,-2.67543,32.64672,lake
LUGONGO ESTATE,103651-6,public,Tanga,Mkinga DC,-4.87224,38.83406,coastal
LUGULI,114281-9,private,Dar Es Salaam,Ilala MC,,,coastal
LUGULI,122575-4,private,Dar Es Salaam,Ilala MC,-6.83943,39.24011,coastal
LUGULU,103654-0,public,Kilimanjaro,Same DC,-4.3409,38.0083,northern
LUGUNGA,103655-7,public,Geita,Mbogwe DC,-3.519967,32.2264,lake
LUGURU,103656-5,public,Simiyu,Itilima DC,-2.92078,33.95906,lake
LUHAGA,108599-2,public,Shinyanga,Ushetu DC,-3.78115,32.21305,lake
LUHAGARA,108837-6,public,Ruvuma,Mbinga DC,-10.53415,35.0595,shighland
LUHALA,124302-1,public,Mwanza,Kwimba DC,-3.12044,33.47032,lake
LUHANGA,115353-5,public,Dar Es Salaam,Ilala MC,-7.06329,39.11877,coastal
LUHANGA,103662-3,public,Mwanza,Ilemela MC,-2.47577,32.9361,lake
LUHANGA,111716-7,public,Mbeya,Mbarali DC,-8.62199,33.8859,shighland
LUHANGAI,103665-6,public,Ruvuma,Mbinga TC,-11.164209,35.108143,shighland
LUHANGARASI,103666-4,public,Ruvuma,Nyasa DC,-11.1424,34.984844,shighland
LUHARANYONGA,111751-4,public,Mwanza,Buchosa DC,-2.452828,32.309749,lake
LUHEHE,103668-0,public,Ruvuma,Mbinga TC,-11.01295,35.10723,shighland
LUHEMBE,112785-1,private,Dodoma,Dodoma CC,-6.14573,35.74665,central
LUHENDE HEALTH,123548-0,private,Dar Es Salaam,Ubungo MC,-6.45426,39.34564,coastal
LUHIMBA,103669-8,public,Ruvuma,Madaba DC,-10.4256,35.6841,shighland
LUHINDO,103670-6,public,Ruvuma,Nyasa DC,-11.37545,35.08172,shighland
LUHOMBERO RC,103672-2,private,Morogoro,Ulanga DC,-9.0532,36.81859,coastal
LUHORONGOMA,103673-0,public,Mwanza,Buchosa DC,-2.48201,32.20217,lake
LUHUMBO,103674-8,public,Tabora,Nzega DC,-4.26012,33.18105,central
LUHUNDWA,103675-5,public,Dodoma,Mpwapwa DC,-6.80211,36.44591,central
LUHUNGA,103676-3,public,Iringa,Mufindi DC,-8.54991,35.4649,shighland
LUHUNGO,110255-7,public,Morogoro,Morogoro MC,-6.90395,37.6377,coastal
LUHUNGU MEDICAL,124913-5,private,Simiyu,Bariadi TC,-2.75935,33.97702,lake
LUHURU,121346-1,public,Kigoma,Kakonko DC,-3.27056,30.97909,central
LUHWAJI,114147-2,public,Morogoro,Gairo DC,-6.19198,36.84634,coastal
LUILO,103678-9,private,Njombe,Ludewa DC,-10.39241,34.74428,shighland
LUILO,113842-9,public,Njombe,Ludewa DC,-10.38511,34.74814,shighland
LUKAA,123738-7,private,Dar Es Salaam,Ilala MC,-6.93431,39.16133,coastal
LUKAGO,123956-5,private,Tabora,Sikonge DC,-5.27341,32.71913,central
LUKALA,103679-7,public,Ruvuma,Tunduru DC,-11.52046,37.24258,shighland
Lukali,103680-5,public,Dodoma,Bahi DC,-5.724434,35.50562,central
LUKANDE,103681-3,public,Morogoro,Ulanga DC,-8.79924,36.83301,coastal
LUKANDO,121784-3,public,Morogoro,Gairo DC,-6.52777,36.83564,coastal
LUKANGA,103682-1,public,Pwani,Mkuranga DC,-7.48048,39.17598,coastal
LUKANGE,103683-9,private,Morogoro,Morogoro DC,-7.26198,37.74828,coastal
LUKANI,103684-7,public,Kilimanjaro,Hai DC,-3.190494,37.149465,northern
LUKANI,103685-4,public,Iringa,Kilolo DC,-8.07852,35.82793,shighland
LUKANIMA,123209-9,private,Mwanza,Ukerewe DC,-2.01878,33.03722,lake
LUKANZA,125084-4,private,Morogoro,Morogoro MC,-6.46196,37.40018,coastal
LUKARASI,103686-2,public,Ruvuma,Mbinga DC,-10.778962,34.983408,shighland
LUKASI,109986-0,public,Mbeya,Busokelo DC,-9.25366,33.85977,shighland
LUKENGE,103689-6,public,Morogoro,Mvomero DC,-6.24391,37.63623,coastal
LUKENGE,103688-8,public,Pwani,Kibaha DC,-6.89051,38.33367,coastal
LUKENSA,113166-3,private,Shinyanga,Shinyanga MC,-3.6584318,33.426693,lake
LUKHA,112513-7,private,Pwani,Bagamoyo DC,-6.61423,39.07312,coastal
LUKINGA,121785-0,public,Morogoro,Gairo DC,-6.45857,36.94501,coastal
LUKITI,112079-9,public,Ruvuma,Mbinga DC,-10.80644,34.86315,shighland
LUKOBE,115205-7,public,Morogoro,Morogoro MC,-6.87769,37.65293,coastal
LUKOBE,113688-6,public,Mwanza,Ilemela MC,,,lake
LUKOKODA,103690-4,public,Mtwara,Tandahimba DC,-10.86003,39.54663,southern
LUKOLE,110324-1,public,Tanga,Kilindi DC,-5.75919,37.76232,coastal
LUKOLE,103691-2,public,Dodoma,Mpwapwa DC,-6.59786,36.38401,central
LUKOLE,103692-0,public,Kagera,Ngara DC,-2.57475,30.82845,lake
LUKOMANO,115247-9,private,Mbeya,Rungwe DC,-9.25769,33.64513,shighland
LUKOMO,121944-3,public,Singida,Mkalama DC,-4.51266,34.69455,central
LUKOZI,111346-3,public,Tanga,Lushoto DC,-4.66338,38.28648,coastal
LUKUBA,107151-3,private,Kagera,Missenyi DC,-1.00409,31.41635,lake
LUKULA,123436-8,public,Mtwara,Nanyumbu DC,-11.49572,38.48891,southern
LUKULEDI,103694-6,private,Mtwara,Masasi DC,-10.56354,38.80088,southern
LUKULEDI A,120906-3,public,Mtwara,Masasi DC,,,southern
LUKULULU,109417-6,public,Songwe,Mbozi DC,-9.140495,33.088442,shighland
LUKUMBI,114914-5,public,Mwanza,Sengerema DC,-2.41768,32.64598,lake
LUKUMBULE,103695-3,public,Ruvuma,Tunduru DC,-11.50861,37.36804,shighland
LUKUNGU,103696-1,public,Simiyu,Busega DC,-2.22202,33.8605,lake
LUKUNGUNI,103697-9,public,Morogoro,Mvomero DC,-7.158398,37.529784,coastal
LUKUWI,113506-0,private,Dar Es Salaam,Ilala MC,-7.00304,39.07803,coastal
LUKUWI,103698-7,private,Dar Es Salaam,Ilala MC,-7.00304,39.07803,coastal
LUKWEGO,103699-5,public,Mbeya,Kyela DC,-9.498005,33.944064,shighland
LUKWIKA,115349-3,public,Mtwara,Nanyumbu DC,-11.25238,38.37015,southern
Lula,103700-1,public,Rukwa,Sumbawanga DC,-8.289386,31.665396,shighland
LULAGO,103701-9,public,Tanga,Kilindi DC,-5.60599,37.49611,coastal
LULAGO MLIMANI,124186-8,public,Tanga,Kilindi DC,-5.60581,37.49721,coastal
LULANDA,110985-9,public,Iringa,Mufindi DC,-8.61031,35.61622,shighland
LULANGA,123949-0,private,Mtwara,Masasi DC,-10.46251,39.43411,southern
LULANGA,123150-5,public,Singida,Itigi DC,-5.53712,34.14814,central
LULANZI,111934-6,public,Njombe,Wanging'ombe DC,-9.135199,34.807431,shighland
LULANZI LUTHERAN,111148-3,private,Iringa,Kilolo DC,-7.99047,35.87993,shighland
LULAYU,103702-7,public,Simiyu,Bariadi DC,-2.60832,33.90207,lake
LULEMBELA,122583-8,public,Geita,Mbogwe DC,-3.23343,31.90602,lake
LULEMBELA,103703-5,public,Geita,Mbogwe DC,-3.256655,31.903425,lake
LULINDI,103704-3,public,Mtwara,Masasi DC,-10.8516,39.1257,southern
LULONGWE,121846-0,public,Morogoro,Morogoro DC,-6.95719,38.18944,coastal
LULU,113039-2,private,Kagera,Bukoba MC,-1.32559,31.817284,lake
LULU MEDICAL,103705-0,private,Arusha,Arusha CC,-3.37824,36.6625,northern
LUMALA,115236-2,public,Mwanza,Ilemela MC,-2.47883,33.91801,lake
LUMALA MEDICAL,123310-5,private,Mwanza,Ilemela MC,-2.64484,32.93147,lake
Lumango,112735-6,public,Morogoro,Kilosa DC,-7.52467,37.035427,coastal
LUMBA,125205-5,private,Dar Es Salaam,Ubungo MC,-6.71294,39.18391,coastal
LUMBA CHINI,103706-8,public,Morogoro,Morogoro DC,-7.26667,37.6,coastal
LUMBIJI,103707-6,private,Morogoro,Kilosa DC,-6.61667,36.9833,coastal
LUMBILA,109296-4,public,Njombe,Ludewa DC,-9.58707,34.1488,shighland
LUMECHA,103709-2,public,Ruvuma,Namtumbo DC,-10.58007,35.7748,shighland
LUMEJI,103710-0,public,Mwanza,Magu DC,-2.63946,33.52291,lake
LUMEME,111852-0,public,Ruvuma,Nyasa DC,-11.26487,34.99664,shighland
LUMEN CRISTI,109775-7,private,Arusha,Meru DC,-3.37332,36.89517,northern
LUMESULE,103711-8,public,Mtwara,Nanyumbu DC,-10.917173,38.021806,southern
LUMEYA,103712-6,public,Mwanza,Buchosa DC,-2.45895,32.383202,lake
LUMULI,103713-4,public,Iringa,Iringa DC,-8.11356,35.33858,shighland
Lumuma,103714-2,public,Morogoro,Kilosa DC,-6.81542,36.64858,coastal
LUMUMA RC,103715-9,private,Dodoma,Mpwapwa DC,-6.82705,36.61624,central
LUNA,122642-2,private,Tanga,Lushoto DC,-4.426471,38.308832,coastal
LUNDA,112970-9,private,Mtwara,Masasi TC,-10.4332,38.4837,southern
LUNDAMATWE,103717-5,public,Iringa,Kilolo DC,-7.78515,35.81668,shighland
LUNDI,103718-3,public,Morogoro,Morogoro DC,-7.0649,37.81803,coastal
LUNDO,103719-1,public,Ruvuma,Nyasa DC,-11.16363,34.73998,shighland
LUNDU,103720-9,private,Ruvuma,Nyasa DC,-10.72021,34.66652,shighland
LUNDUMATO,103721-7,private,Ruvuma,Mbinga DC,-10.85146,34.79458,shighland
LUNDUSI,102070-0,private,Dar Es Salaam,Kigamboni MC,-6.82194,39.30322,coastal
LUNGO,122037-5,private,Morogoro,Morogoro MC,,,coastal
LUNGUYA,103722-5,public,Shinyanga,Msalala DC,-3.3828,32.39789,lake
lunguza,123505-0,private,Tanga,Lushoto DC,,,coastal
LUNGUZA,103723-3,public,Tanga,Lushoto DC,-4.50942,38.3926,coastal
LUNGUZA,122307-2,public,Tanga,Lushoto DC,-4.83439,38.32825,coastal
LUNGWA,109911-8,public,Songwe,Mbozi DC,-8.878528,32.994786,shighland
LUNORO,124221-3,public,Ruvuma,Mbinga DC,-10.90121,34.84485,shighland
LUNYERE,103725-8,public,Ruvuma,Nyasa DC,-11.546661,35.060453,shighland
LUOGA,114317-1,private,Dar Es Salaam,Ilala MC,,,coastal
LUONO,103726-6,public,Singida,Iramba DC,-4.05091,34.45327,central
LUPA MARKET,120842-0,public,Mbeya,Chunya DC,-8.39264,33.13333,shighland
LUPALILO,103728-2,public,Njombe,Makete DC,-9.34432,34.17861,shighland
LUPANDE,103729-0,public,Njombe,Ludewa DC,-9.7946,34.46051,shighland
LUPANGA,103730-8,public,Njombe,Ludewa DC,-9.72256,34.48744,shighland
LUPAPILA,121882-5,public,Ruvuma,Songea MC,-10.71716,35.55796,shighland
LUPASO,103731-6,private,Mtwara,Masasi DC,-10.94099,38.90046,southern
LUPATA,103732-4,public,Mbeya,Busokelo DC,-9.300961,33.837438,shighland
LUPATINGATINGA,110736-6,public,Mbeya,Chunya DC,-8.02525,33.249078,shighland
LUPEMBE,103736-5,public,Njombe,Njombe DC,-9.269736,35.239206,shighland
LUPEMBELWASENGA,103737-3,public,Iringa,Iringa DC,-8.02839,35.6748,shighland
LUPEPO,103738-1,public,Mbeya,Rungwe DC,-9.22948,33.51829,shighland
LUPILA,103739-9,public,Njombe,Makete DC,-9.573573,34.347818,shighland
LUPINGU,111149-1,private,Iringa,Kilolo DC,-7.68027,36.03698,shighland
LUPINGU,103740-7,public,Njombe,Ludewa DC,,,shighland
LUPIRO,103741-5,public,Morogoro,Ulanga DC,-8.39296,36.67485,coastal
LUPOMBWE,113217-4,public,Njombe,Makete DC,,,shighland
LUPOMBWE,113218-2,public,Njombe,Makete DC,,,shighland
Luponde,103742-3,private,Njombe,Njombe TC,-9.549512,34.693255,shighland
LUPONDE GOVERNMENT,114731-3,public,Njombe,Njombe TC,-9.54508,34.70209,shighland
LUPONDO,103743-1,public,Pwani,Mkuranga DC,-7.4066,39.0403,coastal
LUPUNGA,124251-0,public,Morogoro,Malinyi DC,-9.02328,36.01781,coastal
LUPUNGA,108446-6,public,Pwani,Kibaha DC,-6.84019,38.69821,coastal
LUPYANA,121323-0,private,Songwe,Mbozi DC,-9.10839,32.94371,shighland
LUSAHUNGA,103747-2,public,Kagera,Biharamulo DC,-2.90015,31.2009,lake
LUSAJO,120659-8,private,Morogoro,Mlimba DC,-8.3172,36.12365,coastal
Lusaka,103748-0,public,Rukwa,Sumbawanga DC,-8.4895,32.0234,shighland
LUSALA,103749-8,public,Njombe,Ludewa DC,-9.69082,34.43046,shighland
LUSALALA,123508-4,public,Songwe,Ileje DC,-9.29474,33.35343,shighland
LUSANE,103750-6,public,Tanga,Kilindi DC,-5.921174,37.36281,coastal
LUSANGA,103751-4,public,Morogoro,Mvomero DC,-6.11857,37.640686,coastal
LUSANJE,103752-2,public,Mbeya,Busokelo DC,-9.19225,33.78351,shighland
LUSE,103753-0,public,Rukwa,Kalambo DC,-8.78388,31.6892,shighland
LUSEWA,103754-8,public,Ruvuma,Namtumbo DC,-11.12806,36.16694,shighland
LUSHAMBA,103755-5,public,Mwanza,Buchosa DC,-2.28931,32.24272,lake
LUSHE JR,120293-6,private,Kilimanjaro,Moshi DC,-3.391567,37.315016,northern
LUSHIMBA,114667-9,public,Geita,Nyang'hwale DC,-3.197533,32.654764,lake
LUSHOTO,103756-3,public,Tanga,Lushoto DC,-4.80565,38.29654,coastal
Lushoto DC,124844-2,public,Tanga,Lushoto DC,,,coastal
LUSILILE,103545-0,private,Singida,Manyoni DC,-5.89612,35.21562,central
LUSINGA,111749-8,public,Iringa,Kilolo DC,-8.04334,35.86849,shighland
LUSISI,103757-1,public,Njombe,Wanging'ombe DC,-9.138312,34.774271,shighland
LUSITU,109434-1,public,Njombe,Njombe TC,-9.579987,34.74045,shighland
LUSONGA,103758-9,public,Ruvuma,Songea DC,-10.82128,35.227928,shighland
LUSU,103759-7,public,Tabora,Nzega DC,-4.023021,33.21781,central
LUSUNGI,110879-4,public,Morogoro,Mvomero DC,-7.08212,37.55425,coastal
LUSUNGO,109912-6,public,Songwe,Mbozi DC,-8.97653,33.21236,shighland
LUSUNGO,121407-1,public,Mbeya,Busokelo DC,-9.26982,33.88741,shighland
LUSUNGU MEDCARE,110681-4,private,Dar Es Salaam,Kinondoni MC,-6.78851,39.25329,coastal
LUSWISI,103762-1,public,Songwe,Ileje DC,-9.344322,33.52254,shighland
LUTALE,103763-9,public,Mwanza,Magu DC,-2.41223,33.08978,lake
LUTALUTALE,114206-6,public,Mwanza,Misungwi DC,-2.89094,32.86166,lake
LUTAWA,125138-8,private,Shinyanga,Shinyanga DC,-3.88676,33.03897,lake
LUTEBA,103765-4,public,Mbeya,Busokelo DC,-9.12684,33.81125,shighland
LUTENDE,103766-2,public,Tabora,Uyui DC,-4.86296,33.48309,central
LUTETE,103767-0,public,Mbeya,Rungwe DC,-9.402074,33.638697,shighland
LUTHERAN,103264-8,private,Kilimanjaro,Same DC,-4.0661,37.7361,northern
LUTHERAN,107424-4,private,Shinyanga,Shinyanga MC,-3.67001,33.42764,lake
LUTINDI,103772-0,private,Tanga,Korogwe DC,-5.07557,38.36795,coastal
LUTINDI MENTAL,108498-7,private,Tanga,Korogwe DC,-5.07551,38.36897,coastal
LUTINDI MENTAL HEALTH,109737-7,private,Tanga,Korogwe TC,-5.15196,38.44768,coastal
LUTONA,103773-8,public,Tabora,Uyui DC,-5.18102,33.71983,central
LUTUBIGA,103774-6,public,Simiyu,Busega DC,-2.30924,33.8682,lake
LUTUKIRA,103775-3,public,Ruvuma,Madaba DC,-9.93306,35.5356,shighland
LUTUSYO,103776-1,public,Mbeya,Kyela DC,-9.46012,33.84423,shighland
LUVI,113300-8,private,Pwani,Mkuranga DC,-6.95431,39.28564,coastal
LUVUYO,103777-9,public,Njombe,Ludewa DC,-9.64058,34.58299,shighland
LUWA,103778-7,public,Rukwa,Sumbawanga MC,-7.85961,31.5284,shighland
LUWA JESHI LA KUJENGA TAIFA,120495-7,public,Rukwa,Sumbawanga MC,-7.859655,31.528326,shighland
LUWAITA,111249-9,public,Ruvuma,Mbinga TC,-10.98305,34.94543,shighland
LUWANA,123227-1,private,Njombe,Ludewa DC,,,shighland
LUWANGO,103779-5,public,Mbeya,Mbarali DC,-8.356,34.404,shighland
LUWEMBA,123905-2,public,Morogoro,Kilosa DC,-6.5927,36.8548,coastal
LUWUMBU,103780-3,public,Njombe,Makete DC,-9.380198,34.11031,shighland
LUXMANDA,103618-5,private,Manyara,Babati DC,-4.25657,35.31042,northern
LUXMANDA PUBLIC,122444-3,public,Manyara,Babati DC,-4.23867,35.54873,northern
LWAMGASA,103781-1,public,Geita,Geita DC,-3.11421,32.04865,lake
LWANDAI,120983-2,public,Tanga,Bumbuli DC,,,coastal
LWANDE,103782-9,public,Tanga,Kilindi DC,-5.66856,37.4136,coastal
LWANGU,103784-5,public,Njombe,Njombe TC,-9.505919,35.010988,shighland
LWANJILO,103785-2,public,Mbeya,Mbeya DC,-8.739069,33.568239,shighland
LWANZALI,103786-0,public,Njombe,Njombe DC,-9.38998,35.296702,shighland
LWATI,109910-0,public,Songwe,Mbozi DC,-8.917892,32.875505,shighland
LWATWE,121385-9,public,Songwe,Momba DC,,32.49506166,shighland
LWEGA,123339-4,public,Katavi,Tanganyika DC,-6.19609,30.33004,shighland
LWENA,114311-4,private,Morogoro,Ifakara TC,,,coastal
LWENGERA,103787-8,public,Tanga,Korogwe DC,-5.113887,38.54398,coastal
LWENGERA DARAJANI,123230-5,public,Tanga,Korogwe TC,-5.14251,38.49611,coastal
LWENZERA,103788-6,public,Geita,Geita DC,-2.55192,32.19419,lake
LWISU,114656-2,private,Mbeya,Mbeya CC,-8.91331,33.47763,shighland
LWISU,120258-9,private,Mbeya,Mbeya CC,-8.91813,33.45657,shighland
LYABUKANDE,103790-2,public,Shinyanga,Shinyanga DC,-3.56672,32.92916,lake
LYABUSENDE,103791-0,public,Kigoma,Uvinza DC,-5.486996,29.781877,central
LYAMBAMGONGO,120698-6,public,Geita,Bukombe DC,-3.49204,31.98514,lake
LYAMGUNGWE,120773-7,public,Iringa,Iringa DC,-7.97926,35.64489,shighland
LYAMKENA,114337-9,public,Njombe,Makambako TC,-8.90272,34.83877,shighland
LYAMLUKI,124489-6,public,Njombe,Wanging'ombe DC,-8.89909,34.57851,shighland
LYAMUNGO,103794-4,public,Kilimanjaro,Hai DC,-3.23516,37.2569,northern
LYAMUNGO,103795-1,public,Kilimanjaro,Hai DC,-3.22052,37.25601,northern
LYANGWENI,103796-9,public,Ruvuma,Songea DC,-10.76776,35.49588,shighland
Lyapona,103797-7,public,Rukwa,Sumbawanga DC,-8.3271128,31.709084,shighland
LYASA IMAGE,103798-5,public,Iringa,Kilolo DC,-7.53558,36.11045,shighland
LYASAMFUKULEMBE,104756-2,private,Iringa,Iringa DC,-8.22493,35.46977,shighland
Lyele,103800-9,public,Rukwa,Nkasi DC,-7.38784,31.2871,shighland
LYELEMBO,103801-7,public,Singida,Mkalama DC,-4.47228,34.59212,central
LYENJE,103802-5,public,Mtwara,Tandahimba DC,-10.69313,39.54846,southern
LYESELO,120802-4,public,Mbeya,Chunya DC,-8.05089,33.20257,shighland
LYOMA,103803-3,public,Mwanza,Kwimba DC,-3.03743,33.43441,lake
LYULU,103804-1,public,Geita,Nyang'hwale DC,-3.3908,32.67814,lake
M & B,112454-4,private,Mtwara,Tandahimba DC,-10.81268,39.52836,southern
M & J UROSURGICAL,121399-0,private,Ruvuma,Songea MC,,,shighland
M&G,122090-4,private,Dar Es Salaam,Ilala MC,,,coastal
M&J,121858-5,private,Mwanza,Ilemela MC,-2.53746,32.94765,lake
M&K,113521-9,private,Dar Es Salaam,Temeke MC,-6.94805,39.23001,coastal
M&M,114275-1,private,Dar Es Salaam,Ilala MC,,,coastal
M&M KIWERA,103805-8,private,Arusha,Arusha DC,-3.35912,36.66115,northern
M&R,112669-7,private,Morogoro,Morogoro MC,,,coastal
M'S,122145-6,private,Mbeya,Mbeya CC,-8.92122,33.42757,shighland
M-VISION,122931-9,private,Mwanza,Nyamagana MC,-2.52575,32.89333,lake
M. OPTICAL CARE,112972-5,private,Mbeya,Mbeya CC,-8.9106,33.4577,shighland
M.S.,121229-9,private,Dar Es Salaam,Kinondoni MC,,,coastal
M.Z.D,113331-3,private,Mwanza,Nyamagana MC,-2.59479,32.91227,lake
M2,113051-7,private,Njombe,Njombe TC,,,shighland
MAA,123195-0,private,Kilimanjaro,Moshi MC,-3.21623,37.20331,northern
MAARIFA,111492-5,public,Singida,Manyoni DC,-5.75554,34.82585,central
MABADAGA,109745-0,public,Mbeya,Mbarali DC,-8.801239,34.221412,shighland
MABALANGA,122771-9,public,Tanga,Kilindi DC,-5.42527,37.83916,coastal
MABAMA,103814-0,public,Tabora,Uyui DC,-5.12233,32.5251,central
MABAMA MILITARY,124286-6,public,Tabora,Uyui DC,-5.10638,32.53494,central
MABAMBA,103815-7,public,Kigoma,Kibondo DC,-3.59765,30.49895,central
MABAMBA,122865-9,public,Kigoma,Kibondo DC,-3.59775,30.49905,central
MABATINI,123782-5,public,Mwanza,Kwimba DC,-2.94076,33.32984,lake
MABATINI POLICE,103816-5,public,Mwanza,Nyamagana MC,-2.52433,32.91652,lake
MABAWE,103817-3,public,Kagera,Ngara DC,-2.58392,30.49821,lake
Mabele's,121484-0,private,Tabora,Igunga DC,-4.290228,33.88421,central
MABIBO,103818-1,public,Dar Es Salaam,Ubungo MC,-6.81265,39.22591,coastal
MABIBO HOSTEL,103819-9,public,Dar Es Salaam,Ubungo MC,-6.805146,39.20821,coastal
MABILIONI,121799-1,public,Kilimanjaro,Same DC,-4.56163,37.93531,northern
MABIRA,103821-5,public,Kagera,Kyerwa DC,-1.24406,30.94618,lake
MABIRA,121688-6,public,Kagera,Kyerwa DC,-1.26859,30.95337,lake
MABISILO,103822-3,public,Tabora,Nzega DC,-4.67886,33.22958,central
MABO,120590-5,private,Singida,Singida MC,-4.82946,34.76268,central
MABOGINI,103823-1,public,Kilimanjaro,Moshi DC,-3.41215,37.36509,northern
MABOHA,103824-9,public,Tabora,Kaliua DC,-5.20552001,31.2307001,central
MABOKWENI,103825-6,public,Tanga,Tanga CC,-5.02674,39.05784,coastal
MABONDENI,123073-9,public,Singida,Itigi DC,-5.74648,34.65999,central
MABUGA,112854-5,private,Geita,Chato DC,-2.97953,31.66202,lake
MABULA,109818-5,public,Songwe,Ileje DC,-9.48409,33.41323,shighland
Mabula,111051-9,public,Morogoro,Kilosa DC,-6.14842,37.13088,coastal
MABULA,120730-7,private,Morogoro,Gairo DC,-6.162882,36.8711171,coastal
MABUNGO,120665-5,public,Kilimanjaro,Moshi DC,-3.245316,37.303008,northern
MABURI,103827-2,public,Mara,Serengeti DC,-1.809201,34.369729,lake
MABWAWANI,103828-0,private,Tanga,Lushoto DC,-4.80127,38.2948,coastal
MABWEPANDE,108643-8,public,Dar Es Salaam,Kinondoni MC,-6.65609,39.08217,coastal
MABWEPANDE,110496-7,public,Dar Es Salaam,Kinondoni MC,-6.38621,39.0534,coastal
Mabwerebwere,111290-3,public,Morogoro,Kilosa DC,-6.82513,37.06984,coastal
MAC,123671-0,private,Dar Es Salaam,Ilala MC,-6.84381,39.17029,coastal
MAC-GALEN,124183-5,private,Shinyanga,Kishapu DC,-3.44811,33.66373,lake
MAC-REN,111564-1,private,Kigoma,Kigoma Ujiji MC,-4.88533,29.63591,central
MACHA HEALTH LABORATORY,122007-8,private,Pwani,Kibaha TC,-6.7396,38.867443,coastal
MACHAKANI,120508-7,private,Dar Es Salaam,Kinondoni MC,-6.64352,39.17723,coastal
MACHAME,103831-4,private,Kilimanjaro,Hai DC,-3.20648,37.2234,northern
MACHAME ALENI,124049-8,public,Kilimanjaro,Rombo DC,-3.22705,37.60627,northern
MACHEMBA,103832-2,public,Ruvuma,Tunduru DC,-11.12341,37.16541,shighland
MACHENJE,103833-0,public,Dodoma,Kongwa DC,-6.140423,36.411503,central
MACHIBYA HEALTH,122017-7,private,Dodoma,Kondoa DC,,,central
MACHINDO,111484-2,public,Songwe,Momba DC,-8.833124,32.311199,shighland
MACHINJIO MAPYA,122723-0,private,Shinyanga,Shinyanga MC,-3.62824,33.44201,lake
MACHINJIONI,121366-9,public,Kigoma,Kigoma Ujiji MC,-4.90108,29.68209,central
MACHIPI,123122-4,public,Morogoro,Ifakara TC,-8.07267,36.65454,coastal
MACHIPI,103834-8,public,Pwani,Kibiti DC,-7.73255,39.12942,coastal
MACHO'S,113364-4,private,Mwanza,Nyamagana MC,-2.57266,32.99219,lake
MACHOCHWE,103835-5,public,Mara,Serengeti DC,-1.67211,34.6936,lake
MACHOMBE,122521-8,public,Mtwara,Masasi TC,,,southern
MACHUI,103836-3,public,Tanga,Tanga CC,-5.171862,39.089699,coastal
MACKAY HOUSE,103838-9,private,Dodoma,Dodoma CC,-6.18147,35.7454,central
MACKAY HOUSE VISION CENTRE,121632-4,private,Dodoma,Dodoma CC,,,central
MACKEY,112768-7,private,Dodoma,Dodoma CC,,,central
MACREN,113014-5,private,Kigoma,Kigoma Ujiji MC,-4.8853,29.63592,central
MADABA,103839-7,public,Ruvuma,Madaba DC,-9.88993,35.3595,shighland
Madaba DC,124792-3,public,Ruvuma,Madaba DC,,,shighland
MADABADABA,121898-1,public,Morogoro,Malinyi DC,-8.55999,36.40395,coastal
MADAGANYA,103841-3,public,Morogoro,Morogoro MC,-6.87742,37.58661,coastal
MADAHO,123923-5,public,Shinyanga,Msalala DC,-3.38276,32.39788,lake
MADALA,103842-1,public,Tanga,Lushoto DC,-4.59128,38.21307,coastal
MADALALI,121825-4,private,Pwani,Mkuranga DC,-6.979251,39.244164,coastal
MADALE,103843-9,public,Dar Es Salaam,Kinondoni MC,-6.68739,39.19759,coastal
MADALE GENERAL,113488-1,private,Dar Es Salaam,Kinondoni MC,-6.68826,39.138,coastal
MADANGA,103844-7,public,Tanga,Pangani DC,-5.35323,38.97492,coastal
MADANGWA,103845-4,public,Lindi,Mtama DC,-10.21451,39.86063,southern
MADARAKA,124881-4,private,Mtwara,Masasi TC,-10.72313,38.81121,southern
MADDINA LABORATORY,121576-3,private,Tanga,Korogwe DC,-4.80541,38.21125,coastal
MADEBE,103846-2,public,Tanga,Handeni DC,-5.63938,38.00855,coastal
MADEGE,103847-0,private,Iringa,Kilolo DC,-8.18581,35.98475,shighland
MADEGE,110854-7,public,Morogoro,Gairo DC,-6.04721,37.0187,coastal
MADEGE,121273-7,private,Dar Es Salaam,Kigamboni MC,,,coastal
MADEGE,122298-3,public,Pwani,Kibaha DC,,,coastal
MADEKE,103848-8,public,Njombe,Njombe DC,-9.185447,35.391012,shighland
MADIBA,122200-9,private,Geita,Bukombe DC,-3.4587897,31.9029825,lake
MADIBILA,103849-6,public,Rukwa,Kalambo DC,-8.84877,31.7702,shighland
MADIBIRA,103850-4,public,Mbeya,Mbarali DC,-8.21213,34.7956,shighland
MADIBIRA SMALL HOLDER,103852-0,public,Mbeya,Mbarali DC,-8.201,34.8175,shighland
MADILANA,103853-8,public,Simiyu,Itilima DC,-2.9876,34.19244,lake
MADILU,103854-6,public,Njombe,Ludewa DC,-9.72405,34.75509,shighland
MADIMBA,103855-3,public,Mtwara,Mtwara DC,-10.398161,40.301551,southern
MADINA,121610-0,private,Dar Es Salaam,Ubungo MC,,,coastal
MADINA BAKWATA,112441-1,private,Dar Es Salaam,Temeke MC,-6.92454,39.27161,coastal
MADINDO,103858-7,public,Njombe,Ludewa DC,-9.914902,34.727998,shighland
MADINGO,103859-5,public,Lindi,Mtama DC,-10.44932,39.67462,southern
MADISI,111460-2,private,Iringa,Mufindi DC,,,shighland
MADIZINI,110882-8,public,Morogoro,Mvomero DC,-6.13359,37.63232,coastal
Madona,110843-0,private,Dar Es Salaam,Ilala MC,-6.827267,39.232483,coastal
MADOPE,103863-7,public,Njombe,Ludewa DC,-9.66532,34.65084,shighland
MADOSHI,124327-8,private,Dar Es Salaam,Temeke MC,-6.88308,39.24302,coastal
MADSON LUTHERAN,123576-1,private,Morogoro,Kilosa DC,-7.69476,37.04505,coastal
MADUDUMIZI,115188-5,public,Morogoro,Kilosa DC,-6.97778,36.89942,coastal
MADUHU,101010-7,private,Simiyu,Bariadi TC,-2.80901,33.98333,lake
MADUKA MATATU,113503-7,private,Dar Es Salaam,Kinondoni MC,-6.79517,39.25267,coastal
MADUMA,103866-0,public,Iringa,Mufindi DC,-8.4168,34.9394,shighland
MADUNDA,103868-6,private,Njombe,Ludewa DC,-9.86015,34.47586,shighland
MADUNDA,112609-3,private,Mbeya,Rungwe DC,-9.32062,33.6586,shighland
MADUNDASI,111627-6,public,Mbeya,Mbarali DC,-8.443812,33.879146,shighland
MADUNGA,103870-2,public,Manyara,Babati DC,-4.13426,35.4413,northern
MADUNGA KATI,112261-3,public,Manyara,Babati DC,-4.17197,35.45381,northern
MAENDELEO,112704-2,private,Morogoro,Ifakara TC,-8.099,36.68288,coastal
MAETU,112488-2,private,Arusha,Meru DC,-3.36525,36.91201,northern
Mafai,113586-2,public,Dodoma,Kondoa DC,-4.78957,36.00522,central
MAFARASA,103873-6,private,Dar Es Salaam,Kinondoni MC,,,coastal
MAFARASA MULEBA,110663-2,private,Dar Es Salaam,Ubungo MC,-6.80862,39.2206,coastal
MAFARASINI,114363-5,private,Mara,Tarime TC,-1.346503,34.36323,lake
MAFENE,103874-4,public,Dodoma,Mpwapwa DC,-6.82706,36.62007,central
Mafia DC,124783-2,public,Pwani,Mafia DC,,,coastal
MAFIGA,110290-4,public,Morogoro,Morogoro MC,-6.82404,37.64698,coastal
MAFIGA,122373-4,private,Morogoro,Morogoro MC,,,coastal
MAFINGA,114828-7,public,Njombe,Wanging'ombe DC,-9.315726,34.467522,shighland
MAFINGA,103877-7,public,Iringa,Mafinga TC,-8.30468,35.29023,shighland
MAFINGA GROUP  MEDICAL,122826-1,private,Iringa,Mafinga TC,-8.27819,35.80816,shighland
MAFINGA MEDICARE,112128-4,private,Iringa,Mafinga TC,-8.32297,35.26781,shighland
Mafinga TC,124673-5,public,Iringa,Mafinga TC,,,shighland
MAFISA,103880-1,public,Tanga,Kilindi DC,-5.46333,37.3765,coastal
MAFIZI,103881-9,public,Pwani,Kisarawe DC,-6.98046,38.58892,coastal
MAFRANK AFYA CHECK,121114-3,private,Dar Es Salaam,Ilala MC,-6.89259,39.19181,coastal
MAFULETA,112449-4,public,Tanga,Korogwe DC,-5.11616,38.34154,coastal
MAFULILA,103883-5,public,Tanga,Kilindi DC,-5.95102,37.23327,coastal
Mafumbo,114382-5,public,Kagera,Muleba DC,-1.632358,31.656748,lake
MAFURIKO,103884-3,public,Tanga,Tanga CC,-5.05681,39.05651,coastal
MAFURUTO,103885-0,public,Iringa,Iringa DC,-7.54687,35.45028,shighland
MAFWELE,123713-0,private,Tabora,Tabora MC,-5.03463,32.75864,central
MAFYEKO,109182-6,public,Mbeya,Chunya DC,-7.511907,33.440421,shighland
MAGA,125136-2,private,Mwanza,Ilemela MC,-2.51204,32.99802,lake
MAGADINI,103887-6,public,Manyara,Simanjiro DC,-3.67901,37.3812,northern
MAGADINI,121542-5,public,Arusha,Longido DC,-2.62837,36.00842,northern
MAGADINI,109292-3,public,Kilimanjaro,Siha DC,-3.16739,36.99944,northern
MAGADINI,103888-4,private,Kilimanjaro,Hai DC,-3.34146,37.15382,northern
MAGADU,103890-0,public,Morogoro,Morogoro MC,-6.86322,37.64768,coastal
Magaga,103891-8,public,Dodoma,Bahi DC,-6.498825,35.371446,central
MAGAGURA,114633-1,public,Ruvuma,Songea DC,,35.2857,shighland
MAGAI,103892-6,private,Shinyanga,Kahama MC,-3.83032,32.59653,lake
MAGAIDURU,103893-4,public,Arusha,Ngorongoro DC,-2.09351,35.63372,northern
MAGALATA,103894-2,public,Shinyanga,Kishapu DC,-3.95437,34.20546,lake
MAGALI,103895-9,public,Morogoro,Mvomero DC,-7.0305,37.43885,coastal
MAGAMBA,103902-3,public,Tanga,Korogwe DC,-4.944156001,38.18937001,coastal
MAGAMBA,111470-1,public,Katavi,Mpanda MC,-6.41736,31.08918,shighland
MAGAMBA,103899-1,public,Songwe,Mbozi DC,-8.850583,32.897732,shighland
MAGAMBA,103896-7,public,Kagera,Ngara DC,-2.97945,30.76528,lake
MAGAMBA,111020-4,public,Tanga,Lushoto DC,-4.73442,38.29797,coastal
MAGAMBA,109186-7,public,Songwe,Songwe DC,-8.611093,32.921836,shighland
MAGAMBA,103900-7,public,Tanga,Handeni DC,-5.555825,38.072257,coastal
MAGANA,103904-9,public,Mara,Butiama DC,-1.59476,33.975129,lake
MAGANAGANA,112289-4,public,Ruvuma,Mbinga TC,-11.06922,34.99113,shighland
MAGANGE,109030-7,public,Mara,Serengeti DC,-1.74969,34.33328,lake
MAGANJO,103905-6,public,Mbeya,Mbeya DC,-9.045983,33.400492,shighland
MAGANZO,103906-4,public,Shinyanga,Kishapu DC,-3.54588,33.55594,lake
MAGANZO,100268-2,private,Simiyu,Meatu DC,-3.52553,34.30688,lake
MAGAONI,103908-0,public,Tanga,Tanga CC,-5.10866,39.10428,coastal
MAGAONI,121549-0,public,Tanga,Mkinga DC,-4.87313,39.11396,coastal
MAGARA,103909-8,public,Manyara,Babati DC,-3.80612,35.69783,northern
MAGARAMA,110190-6,public,Kigoma,Kibondo DC,-3.905749,30.514044,central
MAGASA,103910-6,public,Dodoma,Chemba DC,-5.20876,36.21324,central
MAGASAI,123777-5,public,Singida,Manyoni DC,-5.82319,35.15431,central
MAGATI,103911-4,public,Tanga,Mkinga DC,-4.82328,38.8132,coastal
MAGAWA,103912-2,public,Pwani,Mkuranga DC,-7.456241,39.25951,coastal
MAGAZI,114414-6,private,Pwani,Kisarawe DC,-6.93678,38.7183,coastal
MAGAZINI,103913-0,public,Ruvuma,Namtumbo DC,-11.56421,36.46676,shighland
MAGAZINI,103915-5,public,Tanga,Korogwe DC,-5.171317,38.56158,coastal
MAGEMBE,113164-8,private,Shinyanga,Kahama MC,-3.82646,32.59817,lake
MAGENA,109917-5,public,Mara,Tarime TC,-1.30953,34.40711,lake
MAGENGATI,122967-3,public,Tabora,Nzega DC,-4.76096,33.10416,central
MAGENGATI,103916-3,public,Tabora,Nzega DC,-4.81752,33.0549,central
MAGENGE,113923-7,public,Geita,Geita DC,-3.175481,31.938092,lake
MAGEREZA,103919-7,public,Kilimanjaro,Moshi MC,-3.336392,37.313422,northern
MAGEREZA,103940-3,public,Shinyanga,Shinyanga MC,-3.67735,33.4446,lake
MAGEREZA,111952-8,public,Mbeya,Kyela DC,-9.59184,33.86005,shighland
MAGEREZA,108682-6,public,Katavi,Mpanda MC,-6.35178,31.06873,shighland
MAGEREZA,111206-9,public,Tabora,Igunga DC,-4.301702,33.8811,central
MAGEREZA,103935-3,public,Songwe,Ileje DC,-9.43081,33.19126,shighland
MAGEREZA,103937-9,public,Mwanza,Magu DC,-2.59777,33.45431,lake
MAGEREZA,103922-1,public,Mtwara,Mtwara MC,-10.18215,40.11248,southern
MAGEREZA,103933-8,public,Manyara,Mbulu TC,-3.853399,35.541649,northern
MAGEREZA,110795-2,public,Mbeya,Mbarali DC,-8.683116,34.373105,shighland
MAGEREZA,103052-7,public,Kilimanjaro,Mwanga DC,-3.70989,37.59127,northern
MAGEREZA,103920-5,public,Manyara,Babati TC,-4.20682,35.76219,northern
MAGEREZA,103925-4,public,Tabora,Urambo DC,-5.16723,32.0416,central
MAGEREZA,103927-0,public,Kagera,Bukoba MC,-1.33592,31.81606,lake
MAGEREZA,103930-4,public,Lindi,Kilwa DC,-8.91846,39.50746,southern
MAGEREZA,103931-2,public,Lindi,Lindi MC,-10.01441,39.71241,southern
MAGEREZA,103934-6,public,Mara,Musoma MC,-1.497933,33.812478,lake
MAGEREZA,103942-9,public,Tabora,Tabora MC,-4.97643,32.88169,central
MAGEREZA,103949-4,public,Ruvuma,Songea MC,-10.68098,35.65334,shighland
MAGEREZA,111173-1,public,Kagera,Muleba DC,-1.855769,31.651863,lake
MAGEREZA,109676-7,public,Songwe,Mbozi DC,-9.1183,32.941508,shighland
MAGEREZA,103938-7,public,Njombe,Njombe TC,,,shighland
MAGEREZA,110136-9,public,Kigoma,Kigoma Ujiji MC,-4.889403,29.618904,central
MAGEREZA,103932-0,public,Lindi,Nachingwea DC,-10.4282,38.75656,southern
MAGEREZA,103923-9,public,Iringa,Iringa MC,-7.78257,35.69947,shighland
MAGEREZA,103945-2,public,Lindi,Liwale DC,-9.86702,37.9273,southern
MAGEREZA,111630-0,public,Manyara,Kiteto DC,-5.30691,36.57434,northern
MAGEREZA,108604-0,public,Kagera,Biharamulo DC,-2.63283,31.30494,lake
MAGEREZA,109439-0,public,Arusha,Arusha CC,-3.369214,36.619845,northern
MAGEREZA,108508-3,public,Kigoma,Kasulu TC,-4.5612,30.09202,central
MAGEREZA,103941-1,public,Singida,Singida MC,-4.81085,34.73795,central
MAGEREZA,120987-3,public,Dodoma,Kongwa DC,-6.20005,36.41701,central
MAGEREZA,124856-6,public,Lindi,Ruangwa DC,-10.29668,38.81853,southern
MAGEREZA BOKO,103954-4,public,Dar Es Salaam,Kinondoni MC,-6.63981,39.12787,coastal
MAGEREZA BOMANI,103952-8,public,Singida,Iramba DC,-4.28171,34.40587,central
MAGEREZA BUTUNDWE,111561-7,public,Geita,Geita DC,-2.88944,31.982603,lake
MAGEREZA KAMBI YA CHUMVI,124471-4,public,Mtwara,Mtwara MC,-10.18159,40.09528,southern
Magereza Kondoa,120667-1,public,Dodoma,Kondoa TC,-4.9084,35.79037,central
MAGEREZA KUU MUGUMU,107700-7,public,Mara,Serengeti DC,-1.831266,34.797013,lake
MAGEREZA LUSHOTO,111774-6,public,Tanga,Lushoto DC,-4.79122,38.29081,coastal
MAGEREZA MAHABUSU,111727-4,public,Tabora,Urambo DC,-5.07784,32.07097,central
MAGEREZA MANYONI,111067-5,public,Singida,Manyoni DC,-5.74116,34.83762,central
MAGEREZA MKOA,103936-1,public,Morogoro,Morogoro MC,-6.82574,37.67575,coastal
MAGEREZA MNG'ARO,111775-3,public,Tanga,Lushoto DC,-4.54418,38.42552,coastal
MAGEREZA NAMAJANI,103959-3,public,Mtwara,Masasi DC,-10.72237,38.61907,southern
MAGEREZA NEWALA,110369-6,public,Mtwara,Newala TC,-10.957847,39.269681,southern
MAGEREZA NGARA,106350-2,public,Kagera,Ngara DC,-2.50747,30.65761,lake
MAGEREZA PRISON,103960-1,public,Shinyanga,Kahama MC,-3.82837,32.59473,lake
MAGEREZA ROMBO,109677-5,public,Kilimanjaro,Rombo DC,-3.1932,37.62805,northern
MAGEREZA RUSUMO,107177-8,public,Kagera,Ngara DC,-2.3909,30.8311,lake
MAGEREZA SAME,110322-5,public,Kilimanjaro,Same DC,-4.074354,37.729523,northern
MAGEREZA TUKUYU,103961-9,public,Mbeya,Rungwe DC,-9.26292,33.6385,shighland
MAGESENI,103963-5,public,Dodoma,Kongwa DC,-5.722844,36.481444,central
MAGEUZI,112273-8,public,Ruvuma,Namtumbo DC,-10.48495,35.68244,shighland
MAGHABE,112485-8,private,Mbeya,Mbeya DC,-8.89418,33.327746,shighland
MAGHANG,103964-3,public,Manyara,Mbulu DC,-4.153927,35.096124,northern
MAGIGIWE,122957-4,public,Mbeya,Mbarali DC,-8.32951,34.70961,shighland
MAGILA,103966-8,public,Tanga,Muheza DC,-5.14935,38.76603,coastal
MAGILI MEMORIAL,114406-2,private,Tabora,Uyui DC,-4.401122,32.5132,central
MAGINDU,103967-6,public,Pwani,Kibaha DC,-6.8172,38.3221,coastal
MAGINDUVILLAGE,123572-0,private,Pwani,Kibaha DC,-6.81585,38.32033,coastal
MAGINGO,103968-4,public,Ruvuma,Madaba DC,-9.90588,35.44843,shighland
MAGIRI,103969-2,public,Tabora,Uyui DC,-4.943751,33.04741,central
MAGNETIC,124127-2,private,Dar Es Salaam,Ilala MC,-7.00637,39.19681,coastal
MAGO,112146-6,public,Njombe,Makete DC,,,shighland
MAGODA,103971-8,public,Tanga,Muheza DC,-5.184752,38.857512,coastal
MAGODA,103970-0,public,Njombe,Njombe TC,-9.431958,34.776404,shighland
MAGODANI,123084-6,public,Pwani,Mkuranga DC,-7.01946,39.38877,coastal
MAGODI,103972-6,public,Tanga,Mkinga DC,-4.774457,39.048863,coastal
MAGOGONI,103973-4,public,Morogoro,Morogoro DC,-7.21756,37.993,coastal
Magole,103974-2,public,Morogoro,Kilosa DC,-6.37494,37.3725,coastal
MAGOMA,113934-4,public,Mara,Tarime DC,-1.34872,34.47287,lake
MAGOMA,103975-9,public,Tanga,Korogwe DC,-4.902169,38.575439,coastal
MAGOME,103976-7,public,Iringa,Kilolo DC,-8.07582,35.96886,shighland
MAGOMENI,114183-7,public,Dar Es Salaam,Kinondoni MC,,,coastal
Magomeni,103978-3,public,Morogoro,Kilosa DC,-6.845,36.98233,coastal
MAGOMENI,120487-4,public,Mtwara,Mtwara MC,-10.18091,40.10141,southern
MAGOMENI UPENDO,112585-5,private,Dar Es Salaam,Kinondoni MC,-6.77855,39.25187,coastal
MAGOROTO,103986-6,public,Tanga,Muheza DC,-5.10979,38.74176,coastal
MAGOSHO MEDICAL,123701-5,private,Dodoma,Dodoma CC,-6.12374,35.75698,central
MAGOTO,103987-4,public,Mara,Tarime DC,-1.35732,34.5606,lake
MAGOTO  HUDUMA HEALTH,122014-4,private,Shinyanga,Kahama MC,,,lake
MAGOYE,103988-2,private,Njombe,Makete DC,-8.9917,33.96592,shighland
MAGOZA,103989-0,public,Pwani,Mkuranga DC,-7.13787,39.11319,coastal
MAGOZI,109145-3,public,Iringa,Iringa DC,-7.4696,35.47756,shighland
MAGREFA,122561-4,private,Dar Es Salaam,Ubungo MC,-6.80588,39.22685,coastal
MAGRETI MEMORIAL,113879-1,private,Dar Es Salaam,Kinondoni MC,,,coastal
MAGU,103990-8,public,Mwanza,Magu DC,-2.59371,33.43284,lake
Magu DC,124764-2,public,Mwanza,Magu DC,,,lake
Magubike,103992-4,public,Morogoro,Kilosa DC,-6.24428,37.16542,coastal
MAGUGU,103993-2,public,Manyara,Babati DC,-4.00028,35.77902,northern
MAGUGU HEALTH LABORATORY,121578-9,private,Manyara,Babati DC,,,northern
Maguha,113815-5,public,Morogoro,Kilosa DC,-6.2828,37.1995,coastal
MAGUKULA,103994-0,public,Tabora,Nzega DC,-4.75588,33.02744,central
MAGULILWA,103995-7,public,Iringa,Iringa DC,-7.96069,35.73967,shighland
MAGULUKENDA,115204-0,public,Mwanza,Buchosa DC,-2.53794,32.33564,lake
MAGUNGA,103997-3,public,Iringa,Iringa DC,-8.0608,35.31734,shighland
MAGUNGA,115067-1,public,Mara,Butiama DC,-1.62147,33.92173,lake
MAGUNGA,114143-1,public,Morogoro,Mvomero DC,-6.07846,37.42955,coastal
MAGUNGU,120435-3,public,Manyara,Kiteto DC,-5.82509,36.67586,northern
MAGUNGULI,103999-9,public,Iringa,Mufindi DC,-8.74034,35.1855,shighland
MAGURUMATALI,114755-2,public,Pwani,Chalinze DC,-6.52215,38.50691,coastal
MAGURUWE,111737-3,public,Morogoro,Mvomero DC,-7.014763,37.614867,coastal
MAGUU,104003-9,private,Ruvuma,Mbinga DC,-11.04208,34.79641,shighland
MAGUVANI,115249-5,public,Njombe,Makambako TC,-8.87434,34.86357,shighland
MAGUZONI,104004-7,public,Tanga,Lushoto DC,-4.80607,38.28056,coastal
MAGWAMILA,104005-4,public,Ruvuma,Songea DC,-11.4747,35.6312,shighland
MAGWESELA,123546-4,private,Geita,Geita TC,-2.90216,32.27805,lake
MAHABUSU,104006-2,public,Rukwa,Sumbawanga MC,-7.96741,31.61592,shighland
MAHAHA,104007-0,public,Mwanza,Magu DC,-2.78846,33.76712,lake
MAHAKA,124298-1,public,Singida,Manyoni DC,-6.08972,35.09765,central
MAHALE,111262-2,public,Kigoma,Uvinza DC,-6.032793,29.743205,central
MAHAMHA,109609-8,public,Dodoma,Chamwino DC,-6.04852,36.14582,central
MAHANDO,104009-6,public,Mwanza,Misungwi DC,-3.24642,32.80489,lake
MAHANGO MSWISWI,104010-4,public,Mbeya,Mbarali DC,-8.780376,33.783233,shighland
MAHANJE,104011-2,private,Ruvuma,Madaba DC,-9.89009,35.2761,shighland
MAHANJE IKULU,123058-0,public,Ruvuma,Madaba DC,-9.88347,35.28411,shighland
Mahanyu,123081-2,private,Tanga,Lushoto DC,,,coastal
MAHARAKA,104012-0,public,Morogoro,Mvomero DC,-7.18326,37.3243,coastal
MAHEGE,104013-8,public,Pwani,Kibiti DC,-7.66294,39.1887,coastal
MAHEHA,104014-6,public,Mtwara,Tandahimba DC,-10.91158,39.52644,southern
MAHELENGA,120371-0,private,Dodoma,Dodoma CC,,,central
MAHEMBE,104016-1,public,Kigoma,Kigoma DC,-4.8025,29.7418,central
MAHEMBE,104015-3,public,Simiyu,Itilima DC,-2.8894,33.75983,lake
MAHENGE,104018-7,private,Mbeya,Kyela DC,-9.45326,33.9262,shighland
MAHENGE,104017-9,public,Iringa,Kilolo DC,-7.63401,36.26694,shighland
MAHENGE,124215-5,public,Ruvuma,Mbinga DC,-10.98666,34.86163,shighland
MAHENGE,109596-7,public,Tanga,Korogwe TC,-5.06396,38.53174,coastal
MAHESHI,121197-8,private,Shinyanga,Kahama MC,-3.8388717,32.625374,lake
MAHEZANGULU,104020-3,public,Tanga,Bumbuli DC,-4.92279,38.52057,coastal
MAHHAHHA,113939-3,public,Arusha,Karatu DC,-3.5211741,35.7059369,northern
MAHHERI,122494-8,public,Manyara,Mbulu TC,-3.58551,35.31521,northern
MAHIDA,104021-1,public,Kilimanjaro,Rombo DC,-3.2976,37.6033,northern
MAHIGA,104022-9,public,Mwanza,Kwimba DC,-3.017363,33.351564,lake
MAHILO,124217-1,public,Ruvuma,Mbinga DC,-10.91144,34.79475,shighland
MAHILO,104024-5,public,Ruvuma,Songea MC,-10.710189,35.70426,shighland
MAHINA,104023-7,public,Mwanza,Nyamagana MC,-2.55914,32.94575,lake
MAHINA MSAMARIA,105420-4,private,Mwanza,Nyamagana MC,-2.54529,32.95102,lake
MAHIWA,120968-3,public,Lindi,Mtama DC,-10.33801,39.26637,southern
MAHNIGANA,104267-0,public,Shinyanga,Shinyanga DC,-3.42979,32.98925,lake
MAHOHA,104025-2,public,Mtwara,Newala DC,-10.49401,39.32499,southern
MAHOLONG'WA,104026-0,public,Njombe,Ludewa DC,-9.92774,34.75494,shighland
MAHOMA,104027-8,public,Kilimanjaro,Moshi DC,-3.3176,37.3967,northern
Mahoma Makulu,104028-6,public,Dodoma,Dodoma CC,-6.08243,35.91001,central
Mahomanyika,104029-4,public,Dodoma,Dodoma CC,-6.017643,35.943215,central
MAHONGOLE,122374-2,public,Njombe,Makambako TC,-8.87787,34.95023,shighland
MAHONGOLE,104030-2,public,Mbeya,Mbarali DC,-8.75725,33.70186,shighland
MAHONGOLE,121451-9,public,Mbeya,Mbarali DC,-8.76689,33.75227,shighland
MAHOROSHA,104032-8,public,Kilimanjaro,Rombo DC,-3.13703,37.64985,northern
MAHULU,115306-3,public,Njombe,Makete DC,-9.35782,34.02275,shighland
MAHUMBIKA,104033-6,public,Lindi,Mtama DC,-10.14701,39.58259,southern
MAHUMBIKA,114697-6,public,Mtwara,Newala TC,-10.91697,39.34835,southern
MAHUNDA GODS WILL,114509-3,private,Mara,Serengeti DC,-1.83656,34.67456,lake
MAHUNINGA,104034-4,public,Iringa,Iringa DC,-7.9283,35.06516,shighland
MAHURUNGA,104035-1,public,Mtwara,Mtwara DC,-10.537934,40.279072,southern
MAHUTA,104036-9,public,Mtwara,Tandahimba DC,-10.87609,39.42982,southern
MAHUTANGA,114174-6,public,Morogoro,Ifakara TC,-8.14152,36.65071,coastal
MAIBONG SUKIDA,104037-7,private,Dar Es Salaam,Temeke MC,-6.87784,39.26506,coastal
MAILE,111732-4,private,Pwani,Kibaha DC,-6.71954,38.73475,coastal
MAILI MOJA,113277-8,private,Pwani,Kibaha TC,-6.783534,38.993782,coastal
MAILI MOJA OPTICAL,113179-6,private,Pwani,Kibaha TC,-6.7802,38.98705,coastal
MAILI SITA RC,104038-5,private,Kilimanjaro,Hai DC,-3.3204,37.267,northern
MAILI TANO,112303-3,public,Tabora,Tabora MC,-5.004466,32.854929,central
MAILIMOJA,110110-4,private,Pwani,Kibaha TC,-6.78356,38.99374,coastal
MAILISITA MEDICAL CENTRE,109635-3,private,Kilimanjaro,Hai DC,-3.32026,37.27557,northern
MAINGU,124081-1,private,Morogoro,Mvomero DC,-6.43331,37.52664,coastal
MAINSPRINGS: THE JBFC,123903-7,private,Mwanza,Magu DC,-2.52492,33.29144,lake
MAISAKA,121595-3,public,Manyara,Babati TC,-4.12001,35.45191,northern
MAISHA,114524-2,private,Mwanza,Ilemela MC,-2.49184,32.9056,lake
MAISHA HEALTH CARE,109749-2,private,Arusha,Meru DC,-3.377921,36.910684,northern
MAISHA MEMA,114163-9,private,Kagera,Muleba DC,-1.89903,31.5454,lake
MAISHA MEMA,121572-2,private,Kagera,Muleba DC,-1.89919,31.54547,lake
MAISOME,104041-9,public,Mwanza,Buchosa DC,-2.315821,32.056446,lake
MAJA,113720-7,private,Pwani,Kibaha TC,-6.74214,38.86737,coastal
MAJAHIDA AICT,104042-7,private,Simiyu,Bariadi TC,-2.83488,33.99275,lake
MAJALA,104043-5,public,Ruvuma,Tunduru DC,-10.88095,37.17093,shighland
Majalila,104044-3,public,Katavi,Tanganyika DC,-6.18651,30.98739,shighland
Majeleko,104045-0,public,Dodoma,Chamwino DC,-6.08012,36.180559,central
MAJEMBE,109258-4,public,Mtwara,Masasi DC,-10.74328,39.12561,southern
MAJENGO,104057-5,public,Kilimanjaro,Moshi MC,-3.34417,37.3516,northern
MAJENGO,104050-0,public,Tabora,Igunga DC,-4.60342,33.444149,central
MAJENGO,104051-8,public,Arusha,Meru DC,-3.49409,37.0153,northern
MAJENGO,122215-7,private,Dodoma,Kongwa DC,,,central
MAJENGO,104052-6,private,Dodoma,Dodoma CC,-6.16661,35.7371,central
MAJENGO,113622-5,private,Arusha,Arusha CC,-3.37093,36.66064,northern
MAJENGO,112424-7,public,Mtwara,Nanyamba TC,-10.535258,39.81642,southern
MAJENGO,104053-4,public,Rukwa,Sumbawanga MC,-7.947836,31.626213,shighland
MAJENGO,104054-2,private,Shinyanga,Kahama MC,-3.8257434,32.59823,lake
MAJENGO,111512-0,private,Tanga,Korogwe DC,-4.89159,38.29026,coastal
MAJENGO,109488-7,public,Mbeya,Chunya DC,-8.047312,33.217049,shighland
MAJENGO -,121808-0,public,Kilimanjaro,Same DC,-4.57097,38.06828,northern
MAJENGO BAKWATA,100269-0,private,Shinyanga,Shinyanga MC,-3.66767,33.41753,lake
MAJENGO COGI,100938-0,private,Kilimanjaro,Moshi MC,-3.34634,37.35317,northern
MAJENGO OPTICAL,114215-7,private,Mtwara,Masasi DC,,,southern
MAJENGO UPENDO,108129-8,private,Kilimanjaro,Moshi MC,-3.34524,37.38742,northern
MAJESTIC SMART OPTICAL LIMITED,124227-0,private,Dodoma,Dodoma CC,-6.17334,35.74531,central
Majey,122754-5,private,Dar Es Salaam,Kinondoni MC,-6.76885,39.2692,coastal
MAJEY SMART VISION,114194-4,private,Dar Es Salaam,Ilala MC,,,coastal
Maji Matitu,104059-1,public,Dar Es Salaam,Temeke MC,-6.93633,39.24808,coastal
MAJI YA CHAI,104060-9,public,Arusha,Meru DC,-3.360283,36.916575,northern
MAJIJA,124351-8,private,Katavi,Mlele DC,-6.78382,32.46953,shighland
MAJIMAJI,104063-3,public,Lindi,Nachingwea DC,-10.3774,38.8118,southern
MAJIMAJI,104062-5,public,Ruvuma,Tunduru DC,-10.85706,37.57579,shighland
MAJIMOTO,104064-1,public,Mara,Serengeti DC,-1.631431,34.35052,lake
MAJIMOTO,110072-6,public,Katavi,Mpimbwe DC,-7.25174,31.38672,shighland
MAJIMOTO,121488-1,public,Katavi,Mpimbwe DC,-7.25603,31.43391,shighland
MAJIMOTO,104065-8,public,Arusha,Arusha DC,-3.495187,36.852856,northern
MAJIMOTO,124415-1,private,Katavi,Mpimbwe DC,-7.25299,31.40051,shighland
MAJIRI,104066-6,public,Singida,Manyoni DC,-6.04862,35.0151,central
MAJOHE,104067-4,public,Dar Es Salaam,Ilala MC,-6.91611,39.13251,coastal
MAJOJORO,104068-2,public,Tabora,Sikonge DC,-6.91784,33.4655,central
Majora.s,122147-2,private,Morogoro,Mlimba DC,,,coastal
MAK J.,110607-9,private,Dar Es Salaam,Kigamboni MC,-6.82232,39.30231,coastal
MAKA,111568-2,private,Songwe,Ileje DC,-9.4776,33.1816,shighland
MAKA,120734-9,private,Dar Es Salaam,Ubungo MC,-6.78303,39.11614,coastal
MAKAA PUMWANI,104070-8,public,Kilimanjaro,Moshi DC,-3.37796,37.42648,northern
MAKALE,111028-7,public,Singida,Itigi DC,-5.96953,34.05486,central
MAKAMAKA,123318-8,public,Dodoma,Chemba DC,-5.07134,35.55447,central
MAKAMBAKO RC,104073-2,private,Njombe,Makambako TC,-8.85426,34.82951,shighland
Makambako TC,124771-7,public,Njombe,Makambako TC,,,shighland
Makambako TC,114076-3,public,Njombe,Makambako TC,-8.87796,34.89368,shighland
MAKAMBI,112531-9,public,Ruvuma,Songea MC,-10.67179,35.64627,shighland
MAKAMBINI,112356-1,public,Songwe,Tunduma TC,-9.30184,32.77642,shighland
MAKAMBINI MEDICAL,125076-0,private,Songwe,Tunduma TC,-9.30184,32.77642,shighland
MAKAME,104074-0,public,Manyara,Kiteto DC,-4.65421,36.72644,northern
Makanda,104076-5,public,Dodoma,Bahi DC,-5.73547,35.373164,central
MAKANDA,104077-3,public,Singida,Manyoni DC,-5.68553,35.3249,central
MAKANDE,104078-1,public,Ruvuma,Tunduru DC,-11.64791,37.35224,shighland
Makang'wa,104083-1,public,Dodoma,Chamwino DC,-6.423481,35.867804,central
MAKANGAGA,104079-9,public,Lindi,Kilwa DC,-9.13117,39.562811,southern
MAKANGALAWE,104080-7,public,Njombe,Makete DC,-9.337733,34.344379,shighland
MAKANGARA,104081-5,public,Lindi,Lindi MC,-10.00742,39.38101,southern
Makangarawe,104082-3,public,Dar Es Salaam,Temeke MC,-6.88418,39.24591,coastal
MAKANJAULA,104084-9,public,Njombe,Njombe TC,-9.544776,34.817448,shighland
MAKANJIRO,104085-6,public,Lindi,Ruangwa DC,-10.1195,38.868,southern
MAKANKA,111786-0,public,Tanga,Lushoto DC,-4.80612,38.38364,coastal
MAKANYA,104087-2,public,Tanga,Lushoto DC,-4.62898,38.4844,coastal
MAKANYA,104089-8,public,Kilimanjaro,Same DC,-4.342199,37.729522,northern
MAKANYA,104091-4,private,Kilimanjaro,Same DC,-4.35901,37.82223,northern
MAKANYA,121906-2,private,Dar Es Salaam,Kinondoni MC,,,coastal
MAKANYA KITIVO,104090-6,public,Kilimanjaro,Same DC,-4.43788,37.825487,northern
MAKANYAGIO,123244-6,public,Katavi,Mpanda MC,-6.20611,31.04069,shighland
MAKANYAMA,122783-4,public,Mtwara,Masasi DC,-10.86557,38.90186,southern
MAKAO,111199-6,public,Simiyu,Meatu DC,-3.38616,34.82496,lake
MAKAO MAKUU YA JESHI (MM JESHI),106409-6,public,Dar Es Salaam,Ilala MC,-6.80433,39.28031,coastal
Makao ya Watoto,120499-9,public,Dodoma,Dodoma CC,-6.19025,35.95111,central
MAKASUKU,104093-0,public,Singida,Manyoni DC,,,central
MAKATA,104094-8,public,Lindi,Liwale DC,-9.7356,37.84229,southern
MAKATAPOLA,104096-3,public,Iringa,Iringa DC,-7.13859,35.86334,shighland
MAKAWA,104097-1,public,Dodoma,Kongwa DC,-5.75433,36.54087,central
MAKAZI,104098-9,public,Tabora,Uyui DC,-4.94851,32.30954,central
MAKAZI,121263-8,private,Dodoma,Kondoa TC,-4.90532,35.78488,central
MAKEDONIA,111386-9,private,Iringa,Iringa MC,-7.78341,35.69365,shighland
MAKENDZA,104099-7,private,Mbeya,Mbeya CC,-8.93023,33.38543,shighland
MAKERE,104100-3,public,Kigoma,Kasulu DC,-4.278725,30.419551,central
MAKETE,111267-1,public,Mbeya,Rungwe DC,-9.380468,33.62498,shighland
Makete DC,124772-5,public,Njombe,Makete DC,,,shighland
MAKHANDI,123234-7,public,Singida,Singida DC,-4.69279,34.91291,central
MAKI,122922-8,private,Tanga,Tanga CC,-5.06493,39.29451,coastal
MAKIBA,104103-7,public,Arusha,Meru DC,-3.509728,36.960477,northern
MAKIFU,104104-5,public,Iringa,Iringa DC,-7.89365,35.06432,shighland
MAKILAWA,104969-1,public,Singida,Ikungi DC,-5.04677,34.47742,central
MAKIMA,122500-2,public,Pwani,Kibiti DC,-7.59761,38.73869,coastal
MAKINDO HEALTH CARE,121031-9,private,Dar Es Salaam,Temeke MC,,,coastal
MAKINGI,113128-3,private,Singida,Ikungi DC,-5.0804,34.4608,central
MAKINGI,111210-1,public,Tabora,Kaliua DC,-4.68289001,32.29027001,central
Makirinya,110997-4,public,Dodoma,Kondoa DC,-4.92438,36.10515,central
MAKISOKA OPTICAL GOODS,121648-0,private,Arusha,Arusha CC,,,northern
MAKMARO,120248-0,private,Dar Es Salaam,Ubungo MC,-6.80044,39.21528,coastal
MAKNESH,111133-5,private,Dar Es Salaam,Ubungo MC,-6.78314,39.1414,coastal
MAKOA,112549-1,private,Mara,Tarime TC,-1.35412,34.36043,lake
MAKOGA,104107-8,public,Songwe,Ileje DC,-9.335446,33.515982,shighland
MAKOGA,104108-6,public,Njombe,Wanging'ombe DC,-9.330994,34.557194,shighland
Makoja,109605-6,public,Dodoma,Chamwino DC,-6.20709,36.14169,central
MAKOJO,123822-9,public,Mara,Musoma DC,-1.87761,33.38204,lake
MAKOKA RC,104109-4,private,Dar Es Salaam,Ilala MC,-6.81688,39.17981,coastal
MAKOKO,104110-2,public,Mara,Musoma MC,-1.49313,33.77409,lake
Makole,104113-6,public,Dodoma,Dodoma CC,-6.17436,35.759,central
MAKOLE,104114-4,public,Tanga,Lushoto DC,-4.63317,38.39083,coastal
Makole,104115-1,public,Dodoma,Dodoma CC,-6.179808,35.751918,central
MAKOMBE,104117-7,public,Iringa,Iringa DC,-7.9501,35.24512,shighland
MAKOMBE,110149-2,public,Pwani,Chalinze DC,-6.416267,38.301867,coastal
MAKOME A,110718-4,public,Mtwara,Mtwara DC,-10.475715,40.177733,southern
MAKOME B,110717-6,public,Mtwara,Mtwara DC,-10.490467,40.199439,southern
MAKOMELO,104118-5,public,Tabora,Igunga DC,-4.28765,33.87205,central
MAKOMU,104119-3,private,Kilimanjaro,Moshi DC,-3.27952,37.49792,northern
MAKONDE,104120-1,public,Njombe,Ludewa DC,-9.94312,34.45861,shighland
MAKONG'ONDA,104126-8,public,Mtwara,Masasi DC,-11.02657,39.25684,southern
MAKONG'ONDERA,108625-5,public,Mtwara,Nanyumbu DC,-10.823505,38.155695,southern
MAKONGA,104122-7,public,Mtwara,Newala TC,,,southern
MAKONGATI,123079-6,public,Iringa,Iringa DC,-7.89837,35.42609,shighland
MAKONGE,104123-5,public,Tabora,Kaliua DC,-4.66199001,32.2449001,central
MAKONGO,123729-6,private,Dar Es Salaam,Kinondoni MC,-6.15278,39.60365,coastal
MAKONGO HILLS,110472-8,private,Dar Es Salaam,Kinondoni MC,-6.75771,39.199038,coastal
MAKONGO JUU,108450-8,public,Dar Es Salaam,Kinondoni MC,-6.758377,39.203005,coastal
MAKONGOLO,120801-6,public,Shinyanga,Ushetu DC,-3.9638,32.2196,lake
MAKONGOLOSI,112616-8,private,Mbeya,Chunya DC,-8.41565,33.16002,shighland
MAKONGOLOSI,109211-3,public,Mbeya,Chunya DC,-8.41629,33.15918,shighland
MAKONGORO,121391-7,public,Mara,Rorya DC,-1.44292,34.05192,lake
MAKONGORO,104128-4,public,Mwanza,Nyamagana MC,-2.505435,32.901078,lake
MAKONZO,107773-4,private,Mara,Tarime TC,-1.34204,34.38381,lake
MAKOROBOI,125244-4,private,Mwanza,Nyamagana MC,-2.51946,32.89974,lake
MAKORONGO,104129-2,public,Dodoma,Chemba DC,-5.525658,35.643301,central
MAKORONGONI,114854-3,private,Iringa,Iringa MC,-7.78033,35.69366,shighland
MAKOSE,110374-6,public,Dodoma,Mpwapwa DC,-6.93403,36.41961,central
MAKOSE,104133-4,public,Tanga,Lushoto DC,-4.60539,38.2644,coastal
MAKOTE,104134-2,public,Mtwara,Newala TC,-10.9535,39.3375,southern
MAKOTEA,104135-9,public,Singida,Ikungi DC,-4.95417,34.96091,central
MAKOYE,111498-2,private,Geita,Geita TC,-2.86605,32.24718,lake
MAKSORO,121710-8,public,Arusha,Meru DC,-3.39507,36.77885,northern
MAKUBIGACHU,120247-2,private,Shinyanga,Kahama MC,-3.8248966,32.605892,lake
MAKUBURI,104137-5,public,Dar Es Salaam,Ubungo MC,-6.80815,39.21457,coastal
MAKUKA,104138-3,public,Iringa,Iringa DC,-7.21922,35.71297,shighland
MAKUKWE,104139-1,public,Mtwara,Newala DC,-10.8299,39.3816,southern
MAKULANI,104140-9,public,Mtwara,Masasi TC,-10.80153,38.682567,southern
MAKUMBA,104142-5,public,Tanga,Korogwe DC,-4.9568,38.60264,coastal
MAKUMBEA,123397-2,public,Pwani,Mkuranga DC,-7.46996,39.23288,coastal
MAKUMBUSHO,114099-5,public,Dar Es Salaam,Kinondoni MC,,,coastal
MAKUNDA,121469-1,public,Singida,Iramba DC,-4.42865,34.47205,central
MAKUNDUSI,123410-3,public,Mara,Serengeti DC,-2.05684,34.46611,lake
MAKUNGU,110979-2,public,Iringa,Kilolo DC,-7.88114,36.08771,shighland
MAKUNGU VA,104143-3,private,Iringa,Mufindi DC,-8.66223,35.34714,shighland
MAKURO,122402-1,public,Singida,Singida DC,-4.51646,34.92754,central
Makuru,105448-5,public,Singida,Manyoni DC,-5.52315,34.96488,central
MAKURUGUSI,104145-8,public,Geita,Chato DC,-2.91882,31.74032,lake
MAKURUMLA,104658-0,public,Dar Es Salaam,Ubungo MC,-6.80521,39.24222,coastal
MAKURUNGE,104146-6,public,Pwani,Bagamoyo DC,-6.4725,38.7827,coastal
MAKUSARO WAZO,121309-9,private,Dar Es Salaam,Kinondoni MC,-6.66595,39.17641,coastal
MAKUTANO,111889-2,private,Dar Es Salaam,Ubungo MC,-6.80681,39.22959,coastal
MAKUTINI,122166-2,public,Tanga,Bumbuli DC,-4.4711,38.3115,coastal
MAKUTUPORA,115090-3,public,Dodoma,Dodoma CC,-6.25237,35.74836,central
MAKUTUPORA,104148-2,public,Singida,Manyoni DC,-5.7792,35.1141604,central
Makutupora JKT,104150-8,public,Dodoma,Dodoma CC,-5.99385,35.75257,central
MAKUYU,104151-6,public,Morogoro,Mvomero DC,-6.31674,37.3862,coastal
MAKUYU,112105-2,public,Morogoro,Gairo DC,-6.03889,37.18724,coastal
MAKUYUNI,104153-2,public,Kilimanjaro,Moshi DC,-3.41555,37.54922,northern
MAKUYUNI,104152-4,public,Arusha,Monduli DC,-3.449344,36.196862,northern
MAKUYUNI DPDTC,122316-3,private,Arusha,Monduli DC,-3.53997,36.10883,northern
MAKWAI,104155-7,private,Ruvuma,Nyasa DC,-11.163671,34.725101,shighland
MAKWALE,104156-5,public,Mbeya,Kyela DC,-9.417638,33.940489,shighland
Makwambe,112281-1,public,Morogoro,Kilosa DC,-6.47128,37.12162,coastal
MAKWAYA,123179-4,public,Ruvuma,Songea DC,-10.86281,35.44757,shighland
MALABATA,113056-6,private,Njombe,Njombe TC,-9.33354,34.76696,shighland
MALAGANO,110084-1,public,Rukwa,Sumbawanga MC,-8.13702,31.652,shighland
MALAGARASI,104158-1,public,Kigoma,Uvinza DC,-5.10072,30.8217,central
MALAGARASI,121970-8,public,Kigoma,Kibondo DC,-3.57703,30.73655,central
MALAGOSI,123944-1,public,Iringa,Iringa DC,-7.96241,35.60276,shighland
MALAIKA,113108-5,private,Simiyu,Bariadi TC,-2.802,33.98909,lake
MALAIKA,112725-7,private,Morogoro,Morogoro MC,-6.79966,37.64057,coastal
MALAIKA,122827-9,private,Ruvuma,Songea MC,-10.40333,35.38533,shighland
Malaika,122182-9,private,Dodoma,Dodoma CC,-5.94835,35.31472,central
MALAJA,104160-7,public,Singida,Mkalama DC,-4.30897,34.71864,central
MALALO,110237-5,public,Kigoma,Kasulu DC,-4.733049,30.309166,central
MALAMBA,111718-3,public,Mbeya,Mbarali DC,-8.72254,33.65655,shighland
MALAMBA MAWILI,112258-9,public,Dar Es Salaam,Ubungo MC,-6.8099,39.11361,coastal
MALAMBO,104161-5,public,Arusha,Ngorongoro DC,-2.14574,35.73598,northern
MALAMPAKA,104162-3,public,Simiyu,Maswa DC,-3.14416,33.51435,lake
MALANGALI,124234-6,public,Morogoro,Kilosa DC,-6.83916,37.11611,coastal
MALANGALI,104165-6,public,Njombe,Wanging'ombe DC,-9.075957,34.478089,shighland
MALANGALI,104164-9,public,Songwe,Ileje DC,-9.549291,33.460461,shighland
MALANGALI,104166-4,public,Iringa,Mufindi DC,-8.5683,34.8552,shighland
MALANGI,104168-0,public,Manyara,Babati TC,-4.13067,35.7319,northern
MALATU,104169-8,public,Mtwara,Newala DC,-10.7693,39.25904,southern
MALATU,121220-8,public,Mtwara,Newala DC,-10.74183,39.23081,southern
MALEBE,122370-0,public,Geita,Chato DC,-2.88246,31.73753,lake
MALECKCHAND,104170-6,public,Arusha,Karatu DC,-3.528134,35.294744,northern
MALELA,111497-4,public,Pwani,Mkuranga DC,-7.10107,39.32065,coastal
MALEMVE,104172-2,public,Mwanza,Kwimba DC,-3.01907,33.2349,lake
MALEO HEALTHCARE,122029-2,private,Dar Es Salaam,Ubungo MC,-6.47737,39.0322,coastal
MALEUTSI,104173-0,public,Njombe,Makete DC,-9.28527,34.12029,shighland
Maleza,114501-0,public,Rukwa,Sumbawanga DC,-8.320687,32.302181,shighland
MALEZA,109497-8,public,Songwe,Songwe DC,-8.39867,32.90849,shighland
MALEZI,120787-7,public,Tanga,Handeni TC,-5.42894,38.03157,coastal
MALIATANGA MWINUKA,123181-0,private,Mara,Tarime DC,-1.25369,34.47654,lake
MALIBWI,104177-1,public,Tanga,Lushoto DC,-4.70595,38.3805,coastal
MALIGISU,104174-8,public,Mwanza,Kwimba DC,-2.80156,33.58895,lake
MALIKI,121123-4,private,Lindi,Kilwa DC,-9.29723,39.41161,southern
MALILI,104175-5,public,Simiyu,Busega DC,-2.443997,33.806294,lake
MALILITA,104176-3,public,Tabora,Nzega DC,-4.110024,33.323895,central
MALIMBE COMMUNITY BASED,113342-0,private,Mwanza,Nyamagana MC,-2.59911,32.89624,lake
MALIMBE MEDICAL,124940-8,private,Mwanza,Nyamagana MC,-2.60064,32.89677,lake
MALINDI,104178-9,public,Tanga,Lushoto DC,-4.63709,38.2907,coastal
MALINDI ESTATE,121418-8,public,Dar Es Salaam,Kinondoni MC,-6.42215,39.26626,coastal
MALINDINDO,124216-3,public,Ruvuma,Mbinga DC,-11.10455,34.84105,shighland
MALINYI,104180-5,public,Morogoro,Malinyi DC,-8.943996,36.134056,coastal
Malinyi DC,124745-1,public,Morogoro,Malinyi DC,,,coastal
MALION,113057-4,private,Njombe,Njombe TC,,,shighland
MALIPULA,104181-3,public,Morogoro,Morogoro MC,-6.81731,37.64386,coastal
MALITA,104182-1,public,Simiyu,Maswa DC,-3.0835,33.87336,lake
MALITO,123921-9,public,Shinyanga,Msalala DC,-3.45453,32.41534,lake
MALIWA,104183-9,public,Njombe,Makete DC,-9.472713,34.321966,shighland
MALOLEGWA,124356-7,public,Kigoma,Kibondo DC,-3.72814,30.69401,central
MALOLO,115187-7,public,Morogoro,Kilosa DC,-7.3264316,36.549553,coastal
MALOLO,124015-9,public,Singida,Singida DC,-4.57572,34.86052,central
MALOLO,104184-7,public,Dodoma,Mpwapwa DC,-7.28513,36.502664,central
MALOLO,104187-0,public,Tabora,Tabora MC,-5.03094,32.76499,central
MALOLO,112977-4,private,Tabora,Tabora MC,-5.02102,32.78305,central
Malolo,104186-2,public,Morogoro,Kilosa DC,-7.32305,36.54383,coastal
MALOLO,104185-4,public,Lindi,Ruangwa DC,-10.3386,39.0681,southern
Malolwa,104189-6,public,Rukwa,Sumbawanga DC,-8.25299,31.8248,shighland
MALONGWE,104190-4,private,Tabora,Uyui DC,-5.43572,33.6359,central
MALONJE,104191-2,public,Rukwa,Sumbawanga MC,-8.070551,31.737426,shighland
MALONJI,109922-5,public,Songwe,Mbozi DC,-9.13542,32.84717,shighland
MALOWA,111632-6,private,Kilimanjaro,Rombo DC,-3.30979,37.64339,northern
MALOWE,104192-0,public,Mbeya,Mbeya DC,-9.002771,33.288465,shighland
MALUGA,104193-8,public,Singida,Iramba DC,-4.51454,34.51721,central
MALULA,104194-6,public,Arusha,Meru DC,-3.37826,37.01786,northern
MALULA,124021-7,private,Arusha,Meru DC,-3.38168,37.02326,northern
MALULU,123848-4,private,Shinyanga,Kahama MC,-3.83234,32.58115,lake
MALUMBI,122142-3,private,Katavi,Mpimbwe DC,-7.10313,31.165564,shighland
MALUNGA,113230-7,private,Shinyanga,Kahama MC,-3.8096282,32.60094,lake
MALUNGA,123520-9,private,Geita,Geita TC,-2.83996,32.42347,lake
MALUNGO,104195-3,public,Lindi,Mtama DC,-10.563167,39.672683,southern
MALWILO,104196-1,public,Shinyanga,Kishapu DC,-3.68897,34.06392,lake
MALWILO MNADANI,115153-9,public,Simiyu,Meatu DC,-3.15818,34.32091,lake
MALYA,104198-7,public,Simiyu,Maswa DC,-2.98844,33.5252,lake
MALYA,104199-5,public,Mwanza,Kwimba DC,-2.97731,33.52379,lake
MALYA PRISON,114714-9,public,Simiyu,Maswa DC,-2.985741,33.524435,lake
MAMA,110828-1,private,Mwanza,Sengerema DC,-2.63745,32.65627,lake
Mama Anitha,112112-8,private,Dar Es Salaam,Ilala MC,-6.875536,39.149025,coastal
MAMA CARE,125040-6,private,Dar Es Salaam,Ilala MC,-6.82636,39.19727,coastal
MAMA CLINIC,123382-4,private,Singida,Ikungi DC,,,central
MAMA FATUMA,114074-8,private,Pwani,Chalinze DC,-6.37159,38.58943,coastal
MAMA MTAVIRA,109764-1,private,Singida,Ikungi DC,-5.10062,34.43007,central
MAMA NGOMA,110620-2,private,Dar Es Salaam,Kinondoni MC,-6.77008,39.22719,coastal
MAMA NGOMA  KWAKOA,122470-8,private,Kilimanjaro,Mwanga DC,-3.78344,37.70082,northern
MAMA PAULINA,111544-3,private,Kilimanjaro,Mwanga DC,,,northern
MAMA TURA,111035-2,private,Morogoro,Ifakara TC,-7.85451,36.89456,coastal
MAMAYE,114342-9,public,Mwanza,Misungwi DC,-2.73818,33.10621,lake
MAMBA,109158-6,public,Mbeya,Chunya DC,-8.115653,33.259304,shighland
MAMBA,104203-5,public,Katavi,Mpimbwe DC,-7.31971,31.3666,shighland
MAMBA MYAMBA,106037-5,public,Kilimanjaro,Same DC,-4.38652,38.01204,northern
MAMBALI,114443-5,private,Tabora,Nzega DC,-4.53858,32.6903,central
MAMBALI,104204-3,public,Tabora,Nzega DC,-4.53858,32.6903,central
MAMBAMBA,113901-3,public,Mtwara,Tandahimba DC,-10.72257,39.50861,southern
MAMBANI,121849-4,public,Morogoro,Morogoro DC,-6.96666,37.68854,coastal
MAMBEGU,120550-9,public,Njombe,Wanging'ombe DC,-9.00074,34.54947,shighland
MAMBO,104206-8,public,Tanga,Lushoto DC,-4.51137,38.22781,coastal
MAMBOLEO,122928-5,private,Shinyanga,Kahama MC,,,lake
MAMBOSASA,124414-4,private,Pwani,Bagamoyo DC,-6.44881,38.81891,coastal
Mamboya,104208-4,public,Morogoro,Kilosa DC,-6.26667,37.1,coastal
MAMBWEKENYA,104209-2,public,Rukwa,Kalambo DC,-8.66117,31.77079,shighland
MAMBWENKOSWE,104210-0,public,Rukwa,Kalambo DC,-8.92998,32.0218,shighland
MAMDOGO,120598-8,private,Pwani,Kibiti DC,-7.5495,39.127823,coastal
Mamecheck,121352-9,private,Mwanza,Ilemela MC,-2.27021,32.372,lake
MAMED,120290-2,private,Dar Es Salaam,Temeke MC,-6.8926234,39.267137,coastal
MAMI,114921-0,public,Mwanza,Sengerema DC,-2.77431,32.64599,lake
MAMIRE,104211-8,public,Manyara,Babati DC,-4.1558,35.84129,northern
MAMO MEDICAL,123524-1,private,Singida,Singida DC,-4.54831,34.84973,central
MAMONGOLO,104212-6,public,Njombe,Njombe TC,-9.574168,34.442728,shighland
MAMPANTA,104213-4,public,Singida,Iramba DC,-4.34786,34.3487,central
MAMTESHA,113202-6,private,Tabora,Igunga DC,-4.28686,33.87495,central
Man Aweso,121786-8,private,Tanga,Muheza DC,-5.13872,38.87356,coastal
MANA,124994-5,private,Ruvuma,Songea MC,-10.67652,35.59645,shighland
MANAGHA,111158-2,public,Manyara,Babati DC,-4.263902,35.571519,northern
MANAWA,104214-2,public,Mwanza,Kwimba DC,-2.76567,33.41495,lake
MANAYI,104215-9,public,Mwanza,Kwimba DC,-3.24362,33.39012,lake
Manchali,104216-7,public,Dodoma,Chamwino DC,-6.13941,36.1676,central
MANCHALI B,113958-3,public,Dodoma,Chamwino DC,-6.14702,36.18593,central
MANCHIMWERU,104217-5,public,Mara,Bunda DC,-1.87143,34.287145,lake
MANDA,113291-9,private,Tabora,Uyui DC,-4.94823,33.1785,central
MANDA,114155-5,public,Songwe,Songwe DC,-8.52271,32.74939,shighland
Manda,109833-4,public,Dodoma,Chamwino DC,-6.775079,35.298047,central
MANDA,104219-1,public,Njombe,Ludewa DC,-10.4699,34.59054,shighland
MANDA,120914-7,public,Dodoma,Chamwino DC,-6.77507,35.29804,central
MANDA JUU,104221-7,private,Kilimanjaro,Rombo DC,-3.24588,37.60297,northern
MANDAI HEALTH,123705-6,private,Dar Es Salaam,Ilala MC,-6.86402,39.16713,coastal
MANDAKA,104222-5,public,Kilimanjaro,Moshi DC,-3.33157,37.51348,northern
MANDAKA MNONO,108479-7,public,Kilimanjaro,Moshi DC,-3.405473,37.376211,northern
Mandakerenge,104223-3,public,Rukwa,Nkasi DC,-7.40565,30.583278,shighland
MANDAMAZINGARA,104224-1,public,Pwani,Chalinze DC,-6.04939,38.522318,coastal
MANDAWA,104225-8,public,Lindi,Kilwa DC,-9.37963,39.438,southern
MANDAWA,104226-6,public,Lindi,Ruangwa DC,-9.90628,39.1179,southern
MANDEGE,104227-4,public,Morogoro,Gairo DC,-6.35187,36.96866,coastal
MANDELA,107071-3,private,Mwanza,Ukerewe DC,-2.10795,33.0855,lake
MANDELA,113115-0,private,Singida,Singida MC,-4.81936,34.74944,central
MANDELA,104228-2,public,Arusha,Meru DC,-3.400079,36.798478,northern
MANDELA,110592-3,private,Dar Es Salaam,Temeke MC,-6.869036,39.281513,coastal
MANDEPWENDELIGERA,104231-6,public,Ruvuma,Namtumbo DC,-10.99212,36.0489,shighland
MANDERA,104233-2,private,Pwani,Chalinze DC,-6.214632,38.407326,coastal
MANDERA,104232-4,public,Tanga,Korogwe DC,-5.14581,38.371,coastal
MANDERA KIVA,104234-0,public,Tanga,Handeni DC,-5.51588,38.15133,coastal
MANDEWA,122616-6,public,Singida,Singida MC,-4.82148,34.71181,central
MANDUMBA,114699-2,public,Mtwara,Newala TC,-10.86873,39.31428,southern
MANEROMANGO,104237-3,public,Pwani,Kisarawe DC,-7.20294,38.78455,coastal
MANEROMANGO KKKT,104236-5,private,Pwani,Kisarawe DC,-7.19918,38.77823,coastal
MANG'ALIZA,104246-4,public,Dodoma,Mpwapwa DC,-7.18298,36.4165,central
MANG'OLA BARAZANI,104255-5,public,Arusha,Karatu DC,-3.528448,35.334794,northern
MANG'OLA JUU,104257-1,public,Arusha,Karatu DC,-3.387091,35.499617,northern
MANG'OLA PRISON,104258-9,public,Arusha,Karatu DC,-3.556144,35.327469,northern
MANG'ONYI,104260-5,public,Singida,Ikungi DC,-5.23841,34.92113,central
MANG'ONYI CENTRE,112998-0,public,Singida,Ikungi DC,-5.2585,34.93982,central
MANG'ORE,109686-6,public,Mara,Rorya DC,-1.31064,34.25212,lake
MANG'OTO,104262-1,public,Njombe,Makete DC,-9.291237,34.292274,shighland
MANG'ULA,104264-7,public,Morogoro,Ifakara TC,-7.83927,36.892655,coastal
MANG'ULA A,123123-2,public,Morogoro,Ifakara TC,-7.83502,36.89821,coastal
MANG'ULA MODERN,114481-5,private,Morogoro,Ifakara TC,-7.864706,36.894396,coastal
MANGA,104239-9,private,Mara,Musoma MC,-1.4983,33.81247,lake
MANGA,109274-1,public,Singida,Singida MC,-4.71901,34.71392,central
MANGA,121221-6,public,Katavi,Mpanda MC,-6.15598,31.04463,shighland
MANGA,104238-1,public,Njombe,Ludewa DC,-9.71034,34.72853,shighland
MANGA,104241-5,public,Tanga,Handeni DC,-5.91084,38.2328,coastal
Manga,108678-4,public,Njombe,Makambako TC,-8.90697,34.94894,shighland
MANGAE,104243-1,public,Morogoro,Mvomero DC,-6.9528,37.337229,coastal
MANGAKA,104244-9,public,Mtwara,Nanyumbu DC,-10.940742,38.379716,southern
MANGALALI,109155-2,public,Iringa,Iringa DC,-7.76068,35.56675,shighland
MANGALANYENE,104245-6,public,Njombe,Ludewa DC,,,shighland
MANGAMTINDIRO,115336-0,public,Tanga,Korogwe DC,-4.70227,38.11359,coastal
MANGAWE,110978-4,public,Iringa,Iringa DC,-7.40962,35.84229,shighland
Mangesani Charitable,121211-7,private,Dar Es Salaam,Ilala MC,,,coastal
MANGIO,104249-8,public,Kilimanjaro,Mwanga DC,-3.59889,37.66174,northern
MANGIRIKITI,104250-6,public,Lindi,Liwale DC,-9.84864,37.87249,southern
MANGISANI,109606-4,private,Dar Es Salaam,Ilala MC,-6.81558,39.27431,coastal
MANGO,104251-4,private,Ruvuma,Nyasa DC,-10.36721,34.66611,shighland
MANGO,104253-0,private,Kilimanjaro,Moshi DC,-3.24463,37.29305,northern
MANGO,122867-5,public,Mtwara,Newala DC,-10.76804,39.38912,southern
Mangola Chini,122076-3,private,Arusha,Karatu DC,,,northern
MANGOMBELA,121504-5,public,Pwani,Kibiti DC,-7.39401,39.34999,coastal
MANGOMBYA,104259-7,public,Mtwara,Tandahimba DC,-10.4777,39.35102,southern
MANGOPACHANNE,104261-3,public,Mtwara,Mtwara DC,,,southern
MANGU,115040-8,public,Shinyanga,Kishapu DC,-3.68902,33.92521,lake
MANGWI,113867-6,public,Pwani,Kibiti DC,-7.80697,39.06185,coastal
MANHYABILI,123507-6,private,Shinyanga,Shinyanga DC,-3.39071,32.73671,lake
MANIENGA,111183-0,public,Mbeya,Mbarali DC,-8.6653426,34.4470079,shighland
MANINGA,109907-6,public,Songwe,Mbozi DC,-8.77543,32.75678,shighland
MANJI'S,113386-7,private,Mwanza,Nyamagana MC,-2.518038,32.901261,lake
MANJI'S HEALTHCARE,112808-1,private,Mwanza,Nyamagana MC,,,lake
MANJIS HEALTHCARE,122335-3,private,Shinyanga,Kahama MC,-3.82649,32.596703,lake
MANJULUNGU,112962-6,private,Lindi,Ruangwa DC,-10.06704,38.93022,southern
MANKA,104270-4,public,Tanga,Korogwe DC,-4.988196,38.410448,coastal
MANKINDA,122438-5,public,Tanga,Handeni TC,-5.42388,38.01734,coastal
MANOLEO,104271-2,public,Tabora,Tabora MC,-4.99069,32.9545,central
MANOLO,104272-0,public,Tanga,Lushoto DC,-4.61938,38.22143,coastal
Manonga,121969-0,private,Mbeya,Mbeya CC,,,shighland
MANONGA,124449-0,private,Mbeya,Mbeya CC,-8.56491,33.30471,shighland
MANOW,104273-8,private,Mbeya,Busokelo DC,-9.25841,33.78876,shighland
MANU,104274-6,public,Kilimanjaro,Moshi DC,-3.31547,37.44272,northern
MANUNDU PRISON,108509-1,public,Tanga,Korogwe TC,-5.15928,38.45075,coastal
MANUNGU,112431-2,public,Dodoma,Kongwa DC,-6.15333,36.34083,central
MANUNGU,120800-8,public,Shinyanga,Ushetu DC,-4.22873,32.38604,lake
MANUSHI,104276-1,public,Kilimanjaro,Moshi DC,-3.26602,37.26316,northern
MANYADA,122890-7,public,Shinyanga,Shinyanga DC,-3.86671,33.31671,lake
MANYARA,104278-7,public,Arusha,Monduli DC,-3.530033,36.0575,northern
MANYARA,111949-4,public,Songwe,Mbozi DC,-8.75334,32.71177,shighland
MANYARA,113679-5,public,Manyara,Babati DC,-4.81647,35.72305,northern
MANYARA STAR,122216-5,private,Manyara,Babati TC,,,northern
MANYARA STAR,121059-0,private,Manyara,Babati TC,-4.21134,35.76334,northern
MANYATA,104280-3,public,Kilimanjaro,Siha DC,-3.26787,37.09407,northern
MANYATA,104281-1,public,Dodoma,Kongwa DC,-6.02185,36.63525,central
MANYAVERA,120567-3,private,Mwanza,Nyamagana MC,-2.548987,32.935631,lake
Manyemba,104282-9,public,Dodoma,Chamwino DC,-5.696419,36.17278,central
MANYINGA,114159-7,public,Morogoro,Mvomero DC,-6.08203,37.37202,coastal
MANYIRE,104283-7,public,Arusha,Arusha DC,-3.457352,36.805677,northern
Manyoni DC,124818-6,public,Singida,Manyoni DC,,,central
MANZA,104286-0,public,Tanga,Mkinga DC,-4.8282,39.1532,coastal
MANZA,114536-6,public,Morogoro,Mvomero DC,-7.00613,37.31143,coastal
Manzase,104287-8,public,Dodoma,Chamwino DC,-6.606497,35.931989,central
MANZESE,111466-9,public,Dar Es Salaam,Ubungo MC,-6.795583,39.226681,coastal
MANZESE,122011-0,private,Shinyanga,Kahama MC,-3.7922516,32.545807,lake
MANZEYE,104289-4,public,Ruvuma,Mbinga DC,-10.95702,34.85598,shighland
MANZI OPTICAL CARE,112798-4,private,Dar Es Salaam,Ilala MC,-6.82769,39.25979,coastal
MAO,104290-2,public,Rukwa,Kalambo DC,-8.1472,31.4411,shighland
MAORE,101247-5,public,Kilimanjaro,Same DC,-4.26844,38.05125,northern
MAPAMBA,104293-6,public,Shinyanga,Ushetu DC,-4.1325,32.48428,lake
MAPAMBANO,123696-7,private,Mbeya,Mbeya CC,-8.54589,33.27599,shighland
MAPANDA,104294-4,public,Iringa,Mufindi DC,-8.42137,35.768,shighland
MAPANGO,122453-4,public,Dodoma,Chemba DC,-5.40279,35.59025,central
MAPARAWE,123787-4,public,Mtwara,Masasi DC,-11.13333,39.18333,southern
MAPARONI,104295-1,public,Pwani,Kibiti DC,-8.04749,39.35394,coastal
MAPERA,104296-9,public,Ruvuma,Mbinga DC,-11.05712,34.82404,shighland
MAPERAMENGI,104297-7,public,Iringa,Iringa DC,-7.09153,35.67124,shighland
MAPILI,104299-3,public,Mtwara,Masasi DC,-11.04812,39.34164,southern
MAPILI,110093-2,public,Katavi,Mlele DC,-6.7976,32.1253,shighland
MAPILI,113004-6,private,Dar Es Salaam,Kigamboni MC,-6.82511,39.31545,coastal
MAPILI,110368-8,public,Mtwara,Newala TC,-11.04831,39.36415,southern
Mapinduzi,104300-9,public,Dodoma,Dodoma CC,-6.24826,35.9167,central
MAPINDUZI,114810-5,public,Geita,Chato DC,-3.0166072,31.8927256,lake
MAPINGA,104301-7,public,Pwani,Bagamoyo DC,-6.589316,39.060756,coastal
MAPIPILI,104302-5,public,Ruvuma,Mbinga DC,-10.802,34.9114,shighland
MAPOGORO,104303-3,public,Iringa,Iringa DC,-7.81604,35.12852,shighland
MAPOGORO,109164-4,public,Mbeya,Chunya DC,-8.427121,33.446473,shighland
MAPOGORO,109690-8,public,Mbeya,Mbarali DC,-8.329502,34.709611,shighland
MAPOGORO,104304-1,public,Njombe,Ludewa DC,-9.83282,34.60733,shighland
MAPOGORO,104306-6,public,Mbeya,Mbarali DC,-8.81484,34.20214,shighland
MAPOJONI,104307-4,public,Tanga,Tanga CC,-5.247573,38.966429,coastal
MAPOSENI,104308-2,public,Ruvuma,Songea DC,-10.58048,35.43115,shighland
MAPUNDA,114314-8,private,Dar Es Salaam,Ilala MC,,,coastal
MAPUNDA,125086-9,private,Songwe,Tunduma TC,-9.24824,32.45157,shighland
MAPUTI,110365-4,public,Mtwara,Newala DC,-10.65191,39.33435,southern
MARA,111528-6,private,Dar Es Salaam,Temeke MC,-6.89161,39.29571,coastal
MARA,120913-9,private,Dar Es Salaam,Temeke MC,,,coastal
MARAMBA,104309-0,public,Tanga,Mkinga DC,-4.86975,38.8023,coastal
MARAMBA JKT,104310-8,public,Tanga,Mkinga DC,-4.86885,38.8078,coastal
MARAMBEKA,104311-6,public,Mara,Bunda DC,-1.87716,34.0493,lake
MARAMBO,104312-4,public,Lindi,Nachingwea DC,-10.212339,38.752613,southern
MARANATHA,109791-4,private,Mbeya,Mbeya CC,-8.91104,33.46431,shighland
MARANATHA,112055-9,private,Mbeya,Mbeya CC,-8.9107,33.45813,shighland
MARANATHA,109447-3,private,Mwanza,Kwimba DC,-2.96286,33.34191,lake
MARANGU,104315-7,private,Kilimanjaro,Moshi DC,-3.28164,37.51887,northern
MARANGU HQ,104313-2,public,Kilimanjaro,Moshi DC,-3.30329,37.52591,northern
MARANJE,110445-4,public,Mtwara,Nanyamba TC,-10.557855,39.996269,southern
MARANNATHA,123351-9,private,Geita,Bukombe DC,,,lake
MARARA HEALTH .,122646-3,private,Shinyanga,Kishapu DC,-3.55193,33.55858,lake
MARASOMOCHE,114969-9,public,Mara,Serengeti DC,-1.60548,34.56792,lake
MARATA,124398-9,private,Dar Es Salaam,Ilala MC,-6.90091,39.19681,coastal
MARATANI,104316-5,public,Mtwara,Nanyumbu DC,-10.953884,38.62314,southern
MARENDEGO,112375-1,public,Lindi,Kilwa DC,-8.3917,39.2862,southern
MARERA,104317-3,public,Singida,Mkalama DC,-4.185471,34.884491,central
MARERA,113937-7,public,Arusha,Karatu DC,-3.322777,35.717734,northern
MARETADU,104318-1,public,Manyara,Mbulu DC,-4.14812,35.21457,northern
MARETADU CHINI,111320-8,private,Manyara,Mbulu DC,-4.181396,35.191128,northern
MAREU,104319-9,public,Arusha,Meru DC,-3.325495,36.996531,northern
MARGAKAN,111813-2,private,Manyara,Babati TC,-4.20283,35.74792,northern
MARGARET NYAMBO MEMORIAL,104354-6,private,Dar Es Salaam,Ilala MC,-6.83586,39.24519,coastal
MARIA,123641-3,private,Dar Es Salaam,Kinondoni MC,-6.16347,39.38457,coastal
MARIA CONSOLATA,111680-5,private,Njombe,Njombe TC,-9.355917,34.782733,shighland
MARIA IMAKULATA,124121-5,private,Njombe,Njombe TC,-9.37156,34.79604,shighland
MARIA MATHIAS,104321-5,private,Singida,Manyoni DC,-5.74776,34.84193,central
MARIDADI MEDICAL,125091-9,private,Katavi,Mlele DC,-6.73502,31.99332,shighland
MARIE STOPES,104335-5,private,Mara,Musoma MC,-1.504298,33.797144,lake
MARIE STOPES,104327-2,private,Shinyanga,Kahama MC,-3.82921,32.60284,lake
MARIE STOPES,104330-6,private,Iringa,Iringa MC,-7.78037,35.67723,shighland
MARIE STOPES,104331-4,private,Arusha,Arusha CC,-3.375013,36.684394,northern
MARIE STOPES,109425-9,private,Mwanza,Ilemela MC,-2.49889,32.90364,lake
MARIE STOPES,104345-4,private,Mbeya,Mbeya CC,-8.91443,33.46997,shighland
MARIE STOPES MAKAMBAKO,121009-5,private,Njombe,Makambako TC,-8.85598,34.82293,shighland
MARIE STOPES MWENGE,104343-9,private,Dar Es Salaam,Kinondoni MC,-6.77311,39.23469,coastal
Marimbani,104347-0,public,Pwani,Mafia DC,-7.93291,39.72,coastal
MARINDI,123174-5,public,Kilimanjaro,Same DC,-4.14929,37.91423,northern
MARISE,110722-6,private,Dar Es Salaam,Ubungo MC,-6.79895,39.22557,coastal
MARITHA,120710-9,private,Morogoro,Kilosa DC,,,coastal
MARIWANDA,104350-4,public,Mara,Bunda DC,-1.97528,34.1439,lake
MAROGORO,104352-0,public,Pwani,Mkuranga DC,-7.09228,39.3757,coastal
MARORONI,104353-8,public,Arusha,Meru DC,-3.43696,36.91021,northern
MARSI,124374-0,private,Dar Es Salaam,Ilala MC,-6.91797,39.11305,coastal
MARUI,104356-1,public,Pwani,Kisarawe DC,-7.36529,38.77342,coastal
MARUKU,104358-7,public,Kagera,Bukoba DC,-1.40635,31.7931,lake
MARUKU MODERN,112624-2,private,Dar Es Salaam,Ubungo MC,-6.80488,39.20415,coastal
MARUMBA,109205-5,public,Mtwara,Nanyumbu DC,-11.2385,38.66068,southern
MARUMBA,109115-6,public,Ruvuma,Tunduru DC,-11.31226,36.86638,shighland
MARUMBA,104359-5,public,Kigoma,Kasulu TC,-4.672892,29.985774,central
MARUMBA REHABILITATION,109190-9,private,Kigoma,Kasulu TC,-4.67094,30.00219,central
MARUMBO,104363-7,public,Pwani,Kisarawe DC,-7.15267,38.82595,coastal
MARUNDE,111695-3,private,Tanga,Handeni DC,-5.78308,38.29166,coastal
MARUNGU,104365-2,public,Tanga,Tanga CC,-5.21078,39.02662,coastal
MARY,114002-9,private,Morogoro,Mlimba DC,-8.21208,36.2342,coastal
MARY IMAMCULATA DISPENSARY,122085-4,private,Dodoma,Kongwa DC,,,central
MARY IMMACULATA KIBAIGWA,104367-8,private,Dodoma,Kongwa DC,-6.07942,36.65478,central
MARY IMMACULATA MIYUJI,101804-3,private,Dodoma,Dodoma CC,-6.11552,35.7503,central
MARY IMMACULATE,122963-2,private,Mara,Bunda TC,-2.02665,33.83764,lake
MARY LAND,104368-6,private,Kilimanjaro,Moshi MC,-3.37948,37.34011,northern
MARY MOTHER OF THE CHURCH,110730-9,private,Arusha,Longido DC,-2.831308,37.224836,northern
MARY'S,111037-8,private,Morogoro,Mlimba DC,-8.78645,35.80531,coastal
MARYBENNET,108480-5,public,Kilimanjaro,Moshi DC,-3.29844,37.29192,northern
MARYELIZA,124325-2,private,Geita,Chato DC,-3.01787,31.90367,lake
MASABI,121894-0,public,Shinyanga,Msalala DC,-3.55888,32.43708,lake
MASAGALU,104379-3,public,Tanga,Kilindi DC,-5.69089,37.3057,coastal
MASAGE,104369-4,public,Njombe,Wanging'ombe DC,-9.10671,34.509067,shighland
MASAGI,122506-9,public,Singida,Iramba DC,-4.41298,34.25794,central
MASAIKA,104370-2,public,Tanga,Pangani DC,-5.27591,38.8491,coastal
MASAKI,104371-0,public,Pwani,Kisarawe DC,-7.08268,38.97578,coastal
MASAKI,124168-6,private,Shinyanga,Kahama MC,-3.82137,32.60394,lake
MASAKI HEALTH CARE,120614-3,private,Dar Es Salaam,Kinondoni MC,-6.75045,39.28002,coastal
MASAKI OPTICIANS,114590-3,private,Dar Es Salaam,Kinondoni MC,-6.7544,39.2758,coastal
MASAKI OPTICIANS MIKOCHENI PLAZA,122834-5,private,Dar Es Salaam,Kinondoni MC,,,coastal
MASAKTA,104372-8,public,Manyara,Hanang DC,-4.29894,35.5566,northern
MASAMA,104373-6,public,Kilimanjaro,Hai DC,-3.25015,37.19424,northern
MASAMA KATI,124273-4,public,Kilimanjaro,Hai DC,-3.24907,37.16422,northern
MASAMA MBWEERA,104374-4,public,Kilimanjaro,Hai DC,-3.236937,37.186157,northern
MASANA,108627-1,private,Dar Es Salaam,Kinondoni MC,-6.72499,39.21164,coastal
MASANDARE,104376-9,public,Kilimanjaro,Same DC,-4.103807,37.720018,northern
MASANGA,104377-7,public,Shinyanga,Kishapu DC,-3.86578,34.01204,lake
MASANGANYA,104380-1,public,Pwani,Kisarawe DC,-7.16598,38.9074,coastal
Masange,104381-9,public,Dodoma,Kondoa DC,-4.603333,35.806594,central
MASANGULA,104384-3,public,Songwe,Mbozi DC,-9.143448,33.024865,shighland
MASANGURA,104385-0,public,Mara,Serengeti DC,-1.788687,34.548298,lake
MASANJA,112848-7,private,Geita,Chato DC,-2.78187,31.77738,lake
MASANJA,114601-8,private,Singida,Itigi DC,-6.01616,34.03636,central
MASANWA,104386-8,public,Simiyu,Maswa DC,-3.33331,33.78888,lake
MASANYINTA,113837-9,public,Songwe,Momba DC,-8.489,32.3011,shighland
MASANZA,122526-7,public,Kigoma,Kasulu TC,-4.52028,30.12549,central
MASANZE,121837-9,public,Morogoro,Kilosa DC,-6.92992,36.97613,coastal
MASASI,109801-1,public,Njombe,Ludewa DC,-10.45072,34.66847,shighland
Masasi DC,124751-9,public,Mtwara,Masasi DC,,,southern
Masasi TC,124752-7,public,Mtwara,Masasi TC,,,southern
MASASTEBA,104388-4,private,Dodoma,Mpwapwa DC,-6.35171,36.48828,central
MASATU,104389-2,public,Tanga,Handeni DC,-5.26548,38.53711,coastal
MASATU,121103-6,private,Mwanza,Ilemela MC,-2.50169,32.89304,lake
MASAULWA,122974-9,public,Njombe,Wanging'ombe DC,-9.12954,34.59881,shighland
Masawi,104390-0,public,Dodoma,Kondoa DC,-4.554896,35.741106,central
MASAWI,122894-9,private,Dar Es Salaam,Ilala MC,-6.84371,39.17186,coastal
MASEBE,104391-8,public,Mbeya,Rungwe DC,-9.33564,33.65573,shighland
MASEGE,104393-4,public,Iringa,Kilolo DC,-8.20633,35.76086,shighland
MASEKELO,112524-4,public,Shinyanga,Shinyanga MC,-3.67789,33.40693,lake
MASELA,104394-2,public,Simiyu,Maswa DC,-3.32792,33.63529,lake
MASELLE,121069-9,private,Dodoma,Dodoma CC,,,central
MASEMELE,115237-0,public,Mwanza,Ilemela MC,-2.47792,33.0148,lake
MASENGE,104395-9,public,Morogoro,Gairo DC,-6.338714,36.912668,coastal
MASENGWA,105789-2,public,Shinyanga,Shinyanga DC,-3.75943,33.34223,lake
MASEREKA,111358-8,public,Tanga,Lushoto DC,-4.54188,38.23823,coastal
MASETA,121008-7,private,Mbeya,Chunya DC,,33.425602,shighland
MASEWA,104397-5,public,Simiyu,Bariadi DC,-2.34717,34.00426,lake
MASEYU,113413-9,public,Morogoro,Morogoro DC,,,coastal
MASHA,122025-0,private,Singida,Itigi DC,-6.0448,34.3415,central
MASHAKA,123503-5,private,Morogoro,Mvomero DC,,,coastal
MASHAMA MEMORIAL,123737-9,private,Shinyanga,Shinyanga DC,-3.41491,32.71103,lake
MASHANGILIO,114754-5,private,Pwani,Kibaha TC,-6.75288,38.93427,coastal
MASHATI GOVT,104399-1,public,Kilimanjaro,Rombo DC,-3.14049,37.60187,northern
MASHATI OPTICAL CENTRE,113357-8,private,Tabora,Tabora MC,-5.028675,32.807345,central
MASHATI RC,104400-7,private,Kilimanjaro,Rombo DC,-3.14249,37.60405,northern
MASHAURI,121148-1,private,Dar Es Salaam,Kinondoni MC,-6.78721,39.2695,coastal
MASHETE,115052-3,public,Rukwa,Nkasi DC,-7.4133,31.13491,shighland
MASHEWA,104401-5,public,Tanga,Korogwe DC,-4.75201001,38.64573001,coastal
MASHEWA,104402-3,public,Tanga,Muheza DC,-5.15619,38.6691,coastal
MASHIBA,123169-5,private,Pwani,Kibaha DC,-6.74011,38.73871,coastal
MASHIKA FAMILY,121839-5,private,Kilimanjaro,Same DC,-4.49861,37.90686,northern
MASHINETATU,123712-2,private,Iringa,Iringa MC,-7.78209,35.69171,shighland
MASHUA,104403-1,public,Kilimanjaro,Hai DC,-3.221944,37.126944,northern
MASHULE,108669-3,public,Kagera,Bukoba DC,-1.44342,31.393907,lake
MASIEDA,104406-4,private,Manyara,Mbulu DC,-3.705121,35.465679,northern
MASIGATI,120479-1,public,Singida,Manyoni DC,-5.93691,36.07109,central
MASIGIRA,110240-9,public,Ruvuma,Songea MC,-10.55411,35.69221,shighland
MASIGO,113380-0,public,Katavi,Mlele DC,-6.818575,32.047617,shighland
MASIKA,112737-2,private,Morogoro,Morogoro MC,-6.82392,37.66418,coastal
MASIKA,104407-2,private,Dar Es Salaam,Ilala MC,-6.91736,39.14254,coastal
MASIKE,104408-0,public,Mara,Rorya DC,-1.31089,34.0437,lake
"MASIKIO,PUA NA KOO",122550-7,private,Dar Es Salaam,Kinondoni MC,,,coastal
MASILU,124405-2,public,Njombe,Wanging'ombe DC,-9.33806,34.76976,shighland
MASIMAVALAFU,113843-7,public,Njombe,Ludewa DC,-10.21814,34.97052,shighland
MASIMBA,110883-6,public,Morogoro,Mvomero DC,-5.93776,37.53817,coastal
MASIMBANI,104410-6,public,Pwani,Chalinze DC,-6.037561,38.415426,coastal
MASIMBWE,104411-4,public,Njombe,Ludewa DC,-9.728531,34.556561,shighland
MASIMELI,111201-0,public,Ruvuma,Mbinga TC,-10.93763,35.16179,shighland
MASINKI,104412-2,public,Mara,Serengeti DC,-1.740919,34.364041,lake
MASINONO,104413-0,public,Mara,Musoma DC,-1.9509,33.5894,lake
MASISIWE,104414-8,public,Iringa,Kilolo DC,-8.30175,35.90869,shighland
MASISIWE,115309-7,public,Njombe,Makete DC,-9.45341,34.21771,shighland
MASKATI,104416-3,public,Morogoro,Mvomero DC,-6.06484,37.466202,coastal
MASKATI MISSION,104417-1,private,Morogoro,Mvomero DC,-6.05678,37.47763,coastal
MASOKO,124074-6,public,Mbeya,Rungwe DC,-9.29358,33.71284,shighland
MASOKO,104418-9,public,Mbeya,Rungwe DC,-9.33124,33.750682,shighland
MASOKO,104419-7,public,Lindi,Kilwa DC,-8.929413,39.514801,southern
MASOME,112746-3,private,Morogoro,Mvomero DC,-6.91571,37.5749,coastal
MASONYA,121175-4,public,Ruvuma,Tunduru DC,-10.78948,37.44765,shighland
MASQARODA,104421-3,public,Manyara,Mbulu DC,-3.950001,35.409955,northern
MASSENGA,114551-5,private,Mwanza,Misungwi DC,-2.68076,32.99184,lake
MASSORO,114356-9,private,Mara,Musoma MC,-1.49589,33.80867,lake
MASUGURU,104424-7,public,Mtwara,Nanyumbu DC,-11.351088,38.385531,southern
MASUGURU,104427-0,public,Ruvuma,Tunduru DC,-11.36894,36.88709,shighland
MASUGURU,104425-4,public,Pwani,Chalinze DC,-6.35717,38.4725,coastal
MASUGURU,104426-2,public,Ruvuma,Namtumbo DC,-10.355876,36.23687,shighland
MASUKULU,104428-8,public,Mbeya,Rungwe DC,-9.40515,33.74892,shighland
MASUMBENI,122603-4,private,Kilimanjaro,Mwanga DC,-3.63673,37.67284,northern
MASUMBWE,104429-6,public,Geita,Mbogwe DC,-3.64812,32.16602,lake
MASUMUNI,120623-4,public,Ruvuma,Mbinga TC,-10.96827,34.98927,shighland
MASURURA,122824-6,public,Mara,Tarime TC,-1.28091,34.36548,lake
MASURURA,104430-4,public,Mara,Butiama DC,-1.61483,34.02225,lake
MASUSANTE,104431-2,private,Shinyanga,Kishapu DC,-3.67835,33.6715,lake
MASWA,109208-9,public,Simiyu,Maswa DC,-3.1858,33.78252,lake
MASWA    CENTER,122997-0,private,Simiyu,Maswa DC,-3.44757,33.95158,lake
Maswa DC,124812-9,public,Simiyu,Maswa DC,,,lake
MASWA EYE CARE,112910-5,private,Manyara,Babati TC,-4.20811,35.75108,northern
MASWA SEC,104433-8,public,Simiyu,Maswa DC,-3.1987,33.80271,lake
MASWANYA,113765-2,public,Tabora,Uyui DC,-5.069605,32.491122,central
MASWARE,104434-6,public,Manyara,Babati DC,-4.045581,35.724869,northern
MAT,120725-7,private,Geita,Geita DC,-3.1141921,32.2348478,lake
MATAI,104436-1,public,Rukwa,Kalambo DC,-8.31107,31.53149,shighland
MATAI VA,110022-1,private,Rukwa,Kalambo DC,-8.30755,31.51865,shighland
MATALA,115054-9,public,Rukwa,Nkasi DC,-7.35456,31.18544,shighland
MATALA,120663-0,public,Kilimanjaro,Moshi DC,-3.205937,37.334235,northern
MATALA,104438-7,public,Arusha,Karatu DC,-3.876931,34.754855,northern
MATALE,104441-1,public,Mwanza,Magu DC,-2.51021,33.10762,lake
MATALE,104443-7,public,Simiyu,Bariadi TC,-2.74411,34.02571,lake
MATALE,104440-3,public,Arusha,Longido DC,-2.4402,36.41441,northern
MATALE,104439-5,public,Morogoro,Mvomero DC,-6.19829,37.3335,coastal
MATALE,111869-4,public,Mwanza,Misungwi DC,-2.914799,32.996973,lake
MATALE B,108504-2,public,Arusha,Longido DC,-2.36011,36.380942,northern
MATALI,121566-4,private,Mbeya,Mbeya DC,-8.93631,33.35609,shighland
MATAMA,115102-6,public,Ruvuma,Songea DC,-11.20287,35.37296,shighland
MATAMANKWE,120821-4,public,Mara,Tarime DC,,,lake
MATAMBA,112207-6,public,Mbeya,Busokelo DC,-9.09606,33.49953,shighland
MATAMBA,104444-5,public,Njombe,Makete DC,-8.97237,33.95736,shighland
MATAMBALALE,104445-2,public,Lindi,Ruangwa DC,-9.902055,38.898012,southern
MATAMBWE - NYERERE NATIONAL PARK,108528-1,public,Morogoro,Morogoro DC,-7.53363,37.76398,coastal
MATANANA,109726-0,public,Iringa,Mafinga TC,-8.388475,35.131083,shighland
MATANDALANI,123157-0,public,Katavi,Nsimbo DC,-6.55034,31.11303,shighland
MATANDU,104446-0,public,Lindi,Kilwa DC,-8.71799,39.2619,southern
MATANGA,104447-8,public,Rukwa,Sumbawanga MC,-8.019121,31.513643,shighland
MATANGA,121462-6,public,Rukwa,Sumbawanga MC,-8.03674,31.50831,shighland
MATANGALIMO,123767-6,public,Dodoma,Kondoa DC,-4.65332,35.65232,central
MATAPWA,120903-0,public,Lindi,Lindi MC,-9.65906,39.40837,southern
MATARAWE,104448-6,public,Ruvuma,Songea MC,-10.66718,35.64108,shighland
MATARAWE,113880-9,public,Njombe,Njombe TC,-9.3081,34.77203,shighland
MATARE,104449-4,public,Singida,Ikungi DC,-5.1624,34.85585,central
MATATA,114365-0,private,Mwanza,Sengerema DC,-2.65136,32.64676,lake
MATATU,125251-9,private,Kilimanjaro,Rombo DC,-3.00165,37.55629,northern
MATAWALE,122523-4,public,Mtwara,Masasi TC,-10.78103,38.77565,southern
MATAYA,104450-2,public,Pwani,Bagamoyo DC,-6.524534,38.895955,coastal
MATEBETE,122958-2,public,Mbeya,Mbarali DC,-8.33241,33.93721,shighland
MATEGHO,121411-3,public,Tanga,Lushoto DC,-4.79441,38.34312,coastal
MATEKA A,104451-0,public,Ruvuma,Songea MC,-10.6869,35.6629,shighland
MATEKELA,104452-8,public,Ruvuma,Mbinga DC,-11.08966,34.85757,shighland
MATEKWE,104453-6,public,Lindi,Nachingwea DC,-10.6237,38.1297,southern
MATELA,124033-2,private,Kilimanjaro,Moshi DC,-10.58579,37.31483,northern
MATEMA,111036-0,public,Morogoro,Mlimba DC,-8.84898,35.7744,coastal
MATEMA LUTHERAN,104455-1,private,Mbeya,Kyela DC,-9.49605,34.02338,shighland
MATEMBO,109142-0,public,Iringa,Iringa DC,-7.57986,35.83928,shighland
MATEMBONI,121550-8,public,Tanga,Mkinga DC,-4.89333,38.77447,coastal
MATEMBWE,108494-6,public,Njombe,Njombe DC,-9.258938,35.122553,shighland
MATEMBWE,110896-8,private,Njombe,Njombe DC,-9.25091,35.16421,shighland
MATEMELA,104458-5,public,Mbeya,Mbarali DC,-8.671283,34.60388,shighland
MATEMENJI VISION CENTRE,112864-4,private,Dodoma,Chamwino DC,,,central
MATENDO,104459-3,public,Kigoma,Kigoma DC,-4.855503,29.90054,central
MATENGA,121487-3,public,Njombe,Makete DC,-9.34676,34.17996,shighland
MATENI,125261-8,private,Mbeya,Mbeya CC,-8.90281,33.45041,shighland
MATEPWENDE LUSEWA,104461-9,public,Ruvuma,Namtumbo DC,-11.19788,36.1004,shighland
MATERUNI,104463-5,public,Kilimanjaro,Moshi DC,-3.263897,37.393909,northern
MATETEREKA,104464-3,public,Ruvuma,Madaba DC,-9.83373,35.2664,shighland
MATETEREKA,120835-4,public,Ruvuma,Madaba DC,-9.81052,35.28695,shighland
MATEVES,109812-8,public,Arusha,Arusha CC,-3.359082,36.601756,northern
MATHEW,122124-1,private,Morogoro,Kilosa DC,,,coastal
MATHEW TWINS,124502-6,private,Dar Es Salaam,Kinondoni MC,-6.75653,39.18051,coastal
MATHIAS MEDICAL,123851-8,private,Kilimanjaro,Moshi DC,-11.12159,37.36509,northern
MATI UYOLE,104355-3,public,Mbeya,Mbeya CC,-8.92054,33.52861,shighland
MATIGANJOLA,111379-4,public,Njombe,Njombe DC,-9.23724,34.89176,shighland
MATIMBWA,111330-7,public,Pwani,Bagamoyo DC,-6.53809,38.86727,coastal
MATIMIRA,104467-6,private,Ruvuma,Songea DC,-10.72,35.8,shighland
MATIMIRA,114634-9,public,Ruvuma,Songea DC,-10.7265,35.8401,shighland
MATIMIRA B,122816-2,public,Ruvuma,Songea DC,-10.74637,35.84069,shighland
MATINJE,104470-0,public,Tabora,Igunga DC,-4.28764,33.87206,central
MATINJE,121891-6,public,Shinyanga,Msalala DC,-3.69654,32.89576,lake
MATIPA,112960-0,private,Lindi,Mtama DC,-10.33333,39.28333,southern
MATIPWILI,104471-8,public,Pwani,Chalinze DC,-6.231287,38.711881,coastal
MATIRI,122779-2,public,Ruvuma,Mbinga DC,-10.38199,34.86384,shighland
MATIRI,104472-6,private,Ruvuma,Mbinga DC,-10.75951,34.86403,shighland
MATOGOROKATI,104473-4,public,Ruvuma,Songea MC,-10.67966,35.68233,shighland
MATOLA,104474-2,public,Njombe,Njombe TC,-9.593596,34.583983,shighland
MATOMBO MISSION,104475-9,private,Morogoro,Morogoro DC,-7.05788,37.7584,coastal
MATOMONDO,104476-7,private,Ruvuma,Songea DC,-10.705146,35.389658,shighland
MATONANGE,120636-6,private,Shinyanga,Msalala DC,-3.5393274,32.42777,lake
MATONDO,120264-7,private,Shinyanga,Shinyanga MC,-3.6645932,33.427616,lake
MATONGO,110973-5,public,Mara,Tarime DC,-1.465006,34.47989,lake
MATONGO,104478-3,public,Singida,Ikungi DC,-5.1896,34.71172,central
MATONGO,109612-2,public,Mara,Butiama DC,-1.71503,34.07301,lake
MATONGO,104480-9,public,Simiyu,Bariadi DC,-2.35022,34.06758,lake
MATONGO GEREZANI,109672-6,public,Simiyu,Bariadi DC,-2.397773,34.17544,lake
MATONGORO,104481-7,public,Dodoma,Kongwa DC,-5.810011,36.469717,central
MATONYA,104482-5,public,Dodoma,Mpwapwa DC,-6.95905,36.4703,central
MATONYORATA,120769-5,private,Arusha,Arusha DC,-3.1466,36.69138,northern
MATOSA,121611-8,private,Dar Es Salaam,Ubungo MC,-6.7579819,39.1498714,coastal
MATOVOLWA,104483-3,private,Dodoma,Dodoma CC,-6.16516,35.73063,central
MATUFA HEALTH LABORATORY,121582-1,private,Manyara,Babati DC,-4.01667,35.76667,northern
MATUI AZIMIO,104484-1,public,Manyara,Kiteto DC,-5.48448,36.38139,northern
MATULI,110801-8,public,Morogoro,Morogoro DC,-6.91551,38.214375,coastal
Matuli,104486-6,public,Pwani,Chalinze DC,-6.674581,38.223361,coastal
MATUMAINI,112641-6,private,Morogoro,Morogoro MC,-6.81369,37.64958,coastal
MATUMAINI,111360-4,private,Shinyanga,Kahama MC,-3.84846,32.57591,lake
MATUMAINI COGI,104487-4,private,Kilimanjaro,Hai DC,-3.457,37.18615,northern
MATUMAINI HEALTH,124156-1,private,Kagera,Kyerwa DC,-1.49005,30.88913,lake
MATUMAINI HEALTH,124322-9,private,Dar Es Salaam,Temeke MC,-6.91704,39.27179,coastal
MATUMBO,104488-2,public,Singida,Singida DC,-4.55516,34.90348,central
Matumbulu,104489-0,public,Dodoma,Dodoma CC,-6.31667,35.75,central
MATUNDASI,104490-8,public,Mbeya,Chunya DC,-8.45163,33.2707,shighland
MATUNDASI,123855-9,private,Mbeya,Chunya DC,-7.22134,33.25421,shighland
MATUNZO HOME HEALTH COMPANY LIMITED,124853-3,private,Dar Es Salaam,Kinondoni MC,-6.62198,39.14289,coastal
MATUTA,110260-7,public,Ruvuma,Mbinga DC,-10.99682,34.70356,shighland
MATWIGA,109180-0,public,Mbeya,Chunya DC,-7.806337,33.378873,shighland
Matyazo,104492-4,private,Kigoma,Kigoma DC,-4.640242,29.752946,central
MATYUKU,104493-2,public,Singida,Ikungi DC,-4.93833,34.70533,central
MAUA,104494-0,private,Kilimanjaro,Moshi DC,-3.27774,37.47114,northern
MAULID,122741-2,private,Geita,Geita TC,-2.87863,32.22925,lake
MAULY,124132-2,private,Dar Es Salaam,Temeke MC,-6.91508,39.27033,coastal
MAUNDO,104495-7,public,Mtwara,Tandahimba DC,-10.89593,39.62949,southern
MAUTO,110622-8,private,Dar Es Salaam,Kinondoni MC,-6.69379,39.15157,coastal
MAUTYA,109433-3,public,Dodoma,Kongwa DC,-6.171808,36.478321,central
MAVALA,104496-5,public,Njombe,Ludewa DC,-9.87409,34.59777,shighland
MAVANDE,104497-3,private,Njombe,Makambako TC,-8.9882,34.75224,shighland
MAVANGA,104499-9,private,Njombe,Ludewa DC,-9.89307,35.09871,shighland
MAVANGA,111193-9,public,Njombe,Ludewa DC,-9.884043,35.090578,shighland
MAVOTA,104500-4,public,Kagera,Biharamulo DC,-3.23903,31.49292,lake
MAVOVO,121543-3,public,Tanga,Mkinga DC,,,coastal
MAVUJI,104501-2,public,Lindi,Kilwa DC,-9.073,39.396,southern
MAVULUI,111007-1,public,Tanga,Bumbuli DC,-4.95384,38.35745,coastal
Mavului,104503-8,public,Tanga,Lushoto DC,-4.69688,38.43878,coastal
Mavumo,104502-0,public,Tanga,Lushoto DC,-4.66359,38.23203,coastal
MAVURA TRUSTCARE HEALTH LABORATORY,123570-4,private,Pwani,Bagamoyo DC,-6.52492,38.98359,coastal
MAVURUNZA,104504-6,public,Dar Es Salaam,Ubungo MC,-6.81131,39.15865,coastal
MAWA,104505-3,public,Ruvuma,Namtumbo DC,,,shighland
MAWAKI,111543-5,public,Iringa,Kilolo DC,-7.98886,36.06955,shighland
MAWALA,120664-8,public,Kilimanjaro,Moshi DC,-3.54017,37.434645,northern
MAWANJENI,111154-1,private,Kilimanjaro,Moshi DC,-3.33823,37.5742,northern
MAWASILIANO,114293-4,private,Dar Es Salaam,Ubungo MC,,,coastal
MAWASILIANO,120852-9,public,Kilimanjaro,Siha DC,-3.14267,36.96911,northern
MAWELA,104507-9,private,Kilimanjaro,Moshi DC,-3.29311,37.34456,northern
MAWELU,120881-8,public,Mbeya,Chunya DC,-8.31511,33.32213,shighland
MAWEMAIRO,104509-5,public,Manyara,Babati DC,-4.05706,35.76117,northern
MAWEMILU,104510-3,public,Shinyanga,Shinyanga DC,-3.38695,32.80691,lake
MAWENGI,104511-1,public,Njombe,Ludewa DC,-9.86108,34.50287,shighland
MAWENI,121158-0,public,Arusha,Arusha CC,-3.51148,36.71225,northern
MAWENI,108713-9,public,Kigoma,Kigoma Ujiji MC,-4.90087,29.65479,central
MAWENI,120480-9,public,Singida,Manyoni DC,-5.954,35.1624,central
MAWENI PRISON,104513-7,public,Tanga,Tanga CC,-5.11476,39.01822,coastal
MAWENZI,122395-7,private,Morogoro,Morogoro MC,,,coastal
MAWENZUSI,104515-2,public,Rukwa,Sumbawanga MC,-7.99788,31.792362,shighland
MAWESO,104516-0,public,Ruvuma,Madaba DC,-9.78315,35.2357,shighland
MAWESO,113076-4,private,Ruvuma,Tunduru DC,,,shighland
MAWINDI,120774-5,public,Iringa,Iringa DC,-7.51253,35.67603,shighland
MAWINDI,104517-8,public,Mbeya,Mbarali DC,-8.68548,34.47815,shighland
MAWINDI,114830-3,public,Njombe,Wanging'ombe DC,-9.150567,34.775089,shighland
MAX,122939-2,private,Mara,Tarime DC,-1.46817,34.52374,lake
MAX,123686-8,private,Simiyu,Busega DC,-2.24676,33.85004,lake
MAX  MEDICAL,122962-4,private,Mara,Tarime TC,-1.38186,34.38727,lake
MAXOROMBA,104102-9,public,Arusha,Karatu DC,-3.382805,35.434821,northern
MAY DAY,108745-1,private,Kagera,Biharamulo DC,-2.63724,31.31327,lake
MAYA,112948-5,private,Lindi,Nachingwea DC,-10.37275,38.75589,southern
MAYALA,122746-1,private,Mwanza,Nyamagana MC,-2.57723,32.98091,lake
MAYAMAYA,120355-3,public,Dodoma,Bahi DC,-5.80178,35.79985,central
Mayanga,123132-3,private,Songwe,Mbozi DC,,,shighland
MAYEMBE CHINI,111305-9,public,Mtwara,Nanyamba TC,-10.703055,40.114284,southern
Mayenzi,104519-4,public,Kagera,Ngara DC,-2.55344,30.63264,lake
MAYEZI,122133-2,private,Tabora,Uyui DC,-5.11983,33.13146,central
MAYO,104520-2,public,Tanga,Bumbuli DC,-4.84177,38.51515,coastal
MAYO KISIWANI,104521-0,public,Tanga,Bumbuli DC,-4.86259,38.4703,coastal
MAYOKA,104522-8,public,Manyara,Babati DC,-3.72426,35.71843,northern
MAYOLWA,114549-9,public,Mwanza,Misungwi DC,-2.68242,32.95388,lake
MAYOMBO,104523-6,public,Tabora,Uyui DC,-4.95877,33.0064,central
MAYOMBONI,111086-5,public,Tanga,Mkinga DC,-4.742973,39.165187,coastal
MAYUYA,104526-9,public,Mwanza,Sengerema DC,-2.65058,32.71411,lake
MAZAE,104527-7,public,Dodoma,Mpwapwa DC,-6.3443,36.4563,central
MAZAMI,121601-9,public,Mara,Butiama DC,-1.6247,33.9217,lake
MAZENGO,122936-8,private,Ruvuma,Songea MC,-10.66944,35.65301,shighland
MAZIMBO,109484-6,public,Mbeya,Chunya DC,-7.76004,33.361367,shighland
MAZIMBU,115199-2,public,Morogoro,Morogoro MC,-6.87769,37.58661,coastal
MAZINDE,104529-3,public,Tanga,Korogwe DC,-4.811287001,38.212708001,coastal
MAZINGA,104531-9,public,Kagera,Muleba DC,-2.012704,31.778504,lake
MAZINGARA,104532-7,public,Tanga,Handeni DC,-5.75187,38.26618,coastal
MAZINGE,104533-5,public,Tabora,Sikonge DC,-5.64188,32.74164,central
MAZIWA,110512-1,public,Dodoma,Chemba DC,-5.564852,35.449921,central
MAZIWA,114892-3,public,Lindi,Nachingwea DC,-10.34877,38.65626,southern
MAZIZI,111866-0,public,Pwani,Chalinze DC,-6.41519,38.341038,coastal
MAZOEZI TIBA MWANZA,112805-7,private,Mwanza,Nyamagana MC,-2.52349,32.905764,lake
MAZOLA KILIFI,114790-9,public,Tanga,Mkinga DC,-4.84976,39.02647,coastal
MAZOMBE,104536-8,public,Iringa,Kilolo DC,-7.69668,35.96549,shighland
MAZUNGWE,112423-9,public,Kigoma,Uvinza DC,-5.04118,30.05368,central
MAZWI,104537-6,public,Rukwa,Sumbawanga MC,-7.965825,31.613261,shighland
MB MEDICAL LAB,120505-3,private,Geita,Nyang'hwale DC,-3.060915,32.581837,lake
MBA,122567-1,private,Morogoro,Mvomero DC,,,coastal
MBA,124108-2,private,Morogoro,Morogoro MC,-6.49262,37.39424,coastal
MBAASHI,104538-4,public,Arusha,Monduli DC,-3.061621,36.126878,northern
Mbabala A,104540-0,public,Dodoma,Dodoma CC,-6.286447,35.622649,central
Mbabala B,104541-8,public,Dodoma,Dodoma CC,-6.30788,35.58338,central
MBAGA DISPENSARY,120383-5,private,Lindi,Lindi MC,,,southern
MBAGALA,112612-7,private,Dar Es Salaam,Temeke MC,-6.93999,39.24536,coastal
Mbagala Kizuiani,110277-1,public,Dar Es Salaam,Temeke MC,-6.90324,39.26743,coastal
Mbagala Kuu,110815-8,public,Dar Es Salaam,Temeke MC,-6.902912,39.287904,coastal
Mbagala Rangi Tatu,104547-5,public,Dar Es Salaam,Temeke MC,-6.91432,39.270642,coastal
Mbagala Roundtable,110276-3,public,Dar Es Salaam,Temeke MC,-6.9014,39.264228,coastal
MBAGAMANKA,104269-6,private,Kilimanjaro,Same DC,-4.17277,37.9175,northern
MBAGHAI,104549-1,public,Tanga,Korogwe DC,-4.978385,38.384818,coastal
MBAGILWA,104550-9,public,Dodoma,Kongwa DC,-6.36732,36.80574,central
MBAGWA,104551-7,public,Tabora,Nzega DC,-4.58443,33.16169,central
MBAGWI,104552-5,public,Tanga,Handeni DC,-5.29969,38.06088,coastal
MBAHA,104553-3,public,Ruvuma,Nyasa DC,-10.68598,34.66173,shighland
MBAHE,111156-6,private,Kilimanjaro,Moshi DC,-3.26277,37.51137,northern
MBAKWENI,121828-8,public,Kilimanjaro,Same DC,-4.17933,37.93106,northern
MBALA,109162-8,public,Songwe,Songwe DC,-8.536998,33.075094,shighland
MBALAGANE,104555-8,public,Simiyu,Meatu DC,-3.37694,34.18567,lake
MBALAMA,110864-6,public,Mwanza,Misungwi DC,-2.99217,32.8962,lake
MBALAMAZIWA,111319-0,public,Iringa,Mufindi DC,-8.59587,34.963,shighland
MBALATSE,104556-6,public,Njombe,Makete DC,-9.45547,34.38998,shighland
Mbalawala,104557-4,public,Dodoma,Dodoma CC,-5.998873,35.623216,central
MBALIBALI,104559-0,public,Mara,Serengeti DC,-1.746574,34.708326,lake
MBALINO,111725-8,public,Mbeya,Mbarali DC,-8.33232,33.93712,shighland
MBALINYI,121618-3,public,Morogoro,Malinyi DC,-8.96821,36.04194,coastal
MBALIZI,108676-8,private,Mbeya,Mbeya DC,-8.93108,33.31067,shighland
MBALIZI,104560-8,public,Mbeya,Mbeya DC,-8.93554,33.36035,shighland
MBALIZI,123176-0,public,Mbeya,Mbeya DC,-8.91578,33.33721,shighland
MBALIZI,121010-3,private,Mbeya,Mbeya DC,-8.936589,33.349681,shighland
MBALIZI MILITARY,104561-6,public,Mbeya,Mbeya DC,-8.942696,33.359119,shighland
MBALIZI OPTICS,112976-6,private,Mbeya,Mbeya DC,,33.35115,shighland
MBALIZI SECONDARY,110743-2,private,Mbeya,Mbeya DC,-8.944893,33.360191,shighland
Mbamba,104563-2,public,Morogoro,Kilosa DC,-7.06299,37.03203,coastal
MBAMBABAY,104564-0,public,Ruvuma,Nyasa DC,-11.28985,34.80495,shighland
MBAMBARA,109840-9,public,Tanga,Muheza DC,-5.33691,38.71724,coastal
MBAMBE,104667-1,public,Pwani,Rufiji DC,-7.912759,38.86721,coastal
MBAMBO,109302-0,public,Mbeya,Busokelo DC,-9.35625,33.79319,shighland
MBANDE,104565-7,public,Dar Es Salaam,Temeke MC,-6.98134,39.21298,coastal
MBANDE,104566-5,public,Dodoma,Kongwa DC,-6.105288,36.320319,central
MBANDE MEDICAL,123276-8,private,Dodoma,Kongwa DC,-6.10269,36.31796,central
MBANGA,112589-7,private,Mbeya,Mbeya CC,-8.91001,33.46445,shighland
MBANGALA,104567-3,public,Songwe,Songwe DC,-8.35409,32.9101,shighland
MBANGAMAO,104568-1,public,Ruvuma,Mbinga TC,-11.05126,35.05361,shighland
MBANGAMAWE,104569-9,public,Ruvuma,Madaba DC,-10.11191,35.65078,shighland
MBANGARA,122387-4,public,Lindi,Ruangwa DC,-10.09977,38.84092,southern
MBANJA,104570-7,public,Lindi,Lindi MC,-9.87967,39.74103,southern
Mbarali DC,124736-0,public,Mbeya,Mbarali DC,,,shighland
MBARAMO,104573-1,public,Tanga,Lushoto DC,-4.46031,38.3269,coastal
MBARIKA,104574-9,public,Mwanza,Misungwi DC,-2.91393,32.83813,lake
MBARU,104576-4,public,Tanga,Lushoto DC,-4.55712,38.21354,coastal
MBASA,121421-2,public,Morogoro,Ifakara TC,-8.63341,36.41295,coastal
MBASA,112751-3,private,Morogoro,Ifakara TC,,,coastal
MBATAKERO,104577-2,public,Kilimanjaro,Hai DC,-3.352844,37.21721,northern
MBATAMILA,104578-0,public,Ruvuma,Tunduru DC,-10.99901,36.96858,shighland
MBATI,104579-8,public,Ruvuma,Tunduru DC,-11.30995,36.95874,shighland
MBAWALA,104580-6,public,Mtwara,Mtwara DC,-10.452092,40.118299,southern
MBAWALA,104581-4,public,Lindi,Mtama DC,-10.43841,39.50996,southern
MBAWALA,124091-0,private,Pwani,Chalinze DC,-6.64542,38.35262,coastal
MBAWALA CHINI,114403-9,public,Mtwara,Mtwara MC,-10.38626,40.12521,southern
MBAWI,105228-1,public,Iringa,Kilolo DC,-8.33358,35.90821,shighland
MBAYA,104583-0,private,Songwe,Mbozi DC,-9.111533,32.934923,shighland
MBAYA,104582-2,public,Lindi,Liwale DC,-9.66845,37.96055,southern
MBEBE,104584-8,public,Songwe,Ileje DC,-9.324298,32.959673,shighland
MBECHA,112357-9,public,Lindi,Ruangwa DC,-10.41329,39.05353,southern
MBEDE,104585-5,public,Katavi,Mpimbwe DC,-7.20448,31.32191,shighland
MBEGA,104586-3,public,Njombe,Njombe TC,-9.590823,34.547045,shighland
MBEGANI,104587-1,public,Pwani,Bagamoyo DC,-6.473284,38.968897,coastal
MBEKE,124263-5,private,Tabora,Tabora MC,-5.02388,32.80759,central
MBEKEIZE HEALTH,122649-7,private,Kagera,Karagwe DC,-1.53171,31.15446,lake
MBEKENYERA,104588-9,public,Lindi,Ruangwa DC,-9.99117,38.9501,southern
MBELE,122238-9,private,Morogoro,Kilosa DC,,,coastal
MBELEI,104590-5,public,Tanga,Bumbuli DC,-4.83127,38.3985,coastal
MBELEKESE,104591-3,public,Singida,Iramba DC,-4.65781,34.43215,central
MBELI,120439-5,public,Manyara,Kiteto DC,-5.38231,36.61967,northern
MBEMBA,104592-1,public,Mtwara,Masasi DC,-10.56958,38.95153,southern
MBEMBALEO,104593-9,public,Mtwara,Nanyamba TC,-10.6999,39.9076,southern
MBESA,104594-7,private,Ruvuma,Tunduru DC,-11.34665,37.06465,shighland
MBETE,110166-6,public,Morogoro,Morogoro MC,-6.8657,37.67794,coastal
MBEWE,109927-4,public,Songwe,Mbozi DC,-9.101882,33.091358,shighland
MBEYA,104597-0,public,Tabora,Uyui DC,-4.41897,32.57709,central
MBEYA,104601-0,public,Mbeya,Mbeya CC,-8.8873,33.4387,shighland
MBEYA,114196-9,private,Mbeya,Mbeya CC,,33.439316,shighland
MBEYA,104603-6,private,Mbeya,Mbeya CC,-8.90883,33.45247,shighland
MBEYA,104602-8,public,Mbeya,Mbeya CC,-8.91479,33.44595,shighland
MBEYA,113981-5,public,Mbeya,Mbeya DC,-8.856557,33.63866,shighland
Mbeya CC,124737-8,public,Mbeya,Mbeya CC,,,shighland
Mbeya DC,124738-6,public,Mbeya,Mbeya DC,,,shighland
MBEYA TBL,114096-1,private,Mbeya,Mbeya CC,-8.93746,33.40551,shighland
MBEYA UNIVERSITY OF SCIENCE AND TECHNOLOGY,122587-9,private,Mbeya,Mbeya CC,,,shighland
MBEZI,110756-4,private,Dar Es Salaam,Kinondoni MC,-6.73073,39.21709,coastal
MBEZI,108655-2,private,Dar Es Salaam,Kinondoni MC,-6.72996,39.2148,coastal
MBEZI BEACH,113495-6,private,Dar Es Salaam,Kinondoni MC,-6.7299,39.21489,coastal
MBEZI EYE,125246-9,private,Dar Es Salaam,Kinondoni MC,-6.19356,39.26189,coastal
MBEZI JUU,121308-1,private,Dar Es Salaam,Kinondoni MC,,,coastal
MBEZI KN,120740-6,private,Dar Es Salaam,Ubungo MC,,,coastal
MBEZI MAKONDE,124036-5,private,Dar Es Salaam,Kinondoni MC,-6.80605,39.25712,coastal
MBEZI MAZURU,112230-8,private,Dar Es Salaam,Ubungo MC,-6.7727,39.11977,coastal
MBEZI MLUNGWANA,111080-8,public,Pwani,Mkuranga DC,-7.35619,38.90701,coastal
MBIGILI,109987-8,private,Mbeya,Busokelo DC,-9.20853,33.82471,shighland
MBIGILI,109641-1,public,Iringa,Kilolo DC,-7.72831,35.89714,shighland
MBIGIRI,114701-6,public,Morogoro,Mvomero DC,-6.465621,37.486839,coastal
MBIJIWE,114593-7,private,Kilimanjaro,Moshi MC,-3.342,37.3445,northern
MBIJIWE,121212-5,private,Mwanza,Nyamagana MC,-2.5117517,32.8955349,lake
MBIJIWE DIAGNOSTIC CENTRE,120390-0,private,Dodoma,Dodoma CC,,,central
MBILIKILI,123411-1,public,Mara,Serengeti DC,-1.83271,34.81579,lake
MBILINYI LABORATORY,120990-7,private,Ruvuma,Tunduru DC,,,shighland
MBIMBA,109935-7,public,Songwe,Mbozi DC,-9.0781,32.963978,shighland
MBIMBI,104614-3,public,Ruvuma,Namtumbo DC,-10.49009,35.89812,shighland
MBINDI,104615-0,public,Kagera,Biharamulo DC,-2.89426,31.45491,lake
MBINGA,113066-5,private,Ruvuma,Mbinga TC,-10.94629,34.99626,shighland
MBINGA COUNCIL,121388-3,public,Ruvuma,Mbinga DC,-10.76358,35.08068,shighland
Mbinga DC,124793-1,public,Ruvuma,Mbinga DC,,,shighland
MBINGA HAN,104617-6,public,Ruvuma,Mbinga TC,-10.96074,35.01984,shighland
MBINGA MHALULE,104618-4,private,Ruvuma,Songea DC,-10.7325,35.389,shighland
MBINGA PRISON,110222-7,public,Ruvuma,Mbinga TC,-10.957293,34.997206,shighland
Mbinga TC,124794-9,public,Ruvuma,Mbinga TC,,,shighland
MBINGA TC,104616-8,public,Ruvuma,Mbinga TC,-10.94102,34.9894,shighland
MBINGU,111186-3,public,Morogoro,Mlimba DC,-8.17857,36.26101,coastal
MBISI,121529-2,private,Dodoma,Chamwino DC,,,central
MBISSA,124123-1,private,Mbeya,Mbarali DC,-8.77269,33.78241,shighland
MBITI,114884-0,public,Simiyu,Bariadi TC,-2.74199,33.89573,lake
MBIZI,112132-6,public,Shinyanga,Msalala DC,-3.5489786,32.351597,lake
MBOBOYU,123043-2,private,Pwani,Mkuranga DC,-7.03133,39.28257,coastal
MBOGA,104621-8,public,Pwani,Chalinze DC,-6.52391,38.30871,coastal
MBOGOSHI,112842-0,private,Geita,Geita TC,-2.84004,32.42319,lake
MBOGWE,104623-4,public,Tabora,Nzega TC,-4.1632001,33.2645001,central
Mbogwe DC,124667-7,public,Geita,Mbogwe DC,,,lake
MBOKOMU,104624-2,public,Kilimanjaro,Moshi DC,-3.30039,37.38338,northern
MBOLA,111214-3,public,Tabora,Uyui DC,-5.02165,32.58525,central
MBOLA MASHARIKI,123125-7,public,Tabora,Uyui DC,-5.02225,32.57962,central
MBOLIBOLI,120790-1,public,Iringa,Iringa DC,-7.35254,35.49548,shighland
MBONDE,112081-5,public,Lindi,Liwale DC,-9.81668,37.93669,southern
MBONDE,104627-5,public,Mtwara,Masasi TC,-10.73878,38.74775,southern
MBONDO,104628-3,public,Lindi,Nachingwea DC,-10.37537,38.22637,southern
MBONDOLE,115355-0,public,Dar Es Salaam,Ilala MC,-6.91777,39.17614,coastal
MBONGO,104629-1,public,Njombe,Ludewa DC,-10.46329,34.59432,shighland
MBONI,109392-1,private,Kilimanjaro,Moshi DC,-3.26663,37.54604,northern
MBONILE,104630-9,public,Mbeya,Mbeya DC,-8.92737,33.7044,shighland
MBONO,104631-7,public,Kilimanjaro,Same DC,-3.946147,37.72623,northern
MBOOGA,104632-5,public,Tabora,Nzega DC,-4.261707,32.55,central
MBOPO,104633-3,public,Dar Es Salaam,Kinondoni MC,-6.69106,39.11076,coastal
MBORE,104634-1,public,Kilimanjaro,Mwanga DC,-3.69897,37.68294,northern
MBORI,104635-8,public,Dodoma,Mpwapwa DC,-6.27165,36.37783,central
MBOSHO RC,104636-6,private,Kilimanjaro,Hai DC,-3.26933,37.15443,northern
MBOZI,104637-4,private,Songwe,Mbozi DC,-9.03356,32.92881,shighland
Mbozi DC,124824-4,public,Songwe,Mbozi DC,,,shighland
MBUBA,104639-0,public,Kagera,Ngara DC,-2.66449,30.60094,lake
MBUCHI,104640-8,public,Pwani,Kibiti DC,-8.10466,39.31081,coastal
MBUGA,104641-6,public,Dodoma,Mpwapwa DC,-6.98703,36.61079,central
MBUGA,104642-4,public,Morogoro,Ulanga DC,-8.9935,36.86344,coastal
MBUGA NYEKUNDU,104644-0,public,Arusha,Karatu DC,-3.535827,35.374898,northern
MBUGA RC,104643-2,private,Dodoma,Mpwapwa DC,-6.98172,36.61218,central
MBUGANI,109214-7,public,Mbeya,Chunya DC,-8.561966,33.45017,shighland
MBUGANI,113395-8,private,Mwanza,Nyamagana MC,,,lake
MBUGANI,120854-5,public,Singida,Itigi DC,-5.50563,34.42656,central
Mbugani,104648-1,public,Njombe,Makambako TC,-8.83703,34.9437,shighland
MBUGANI,104647-3,public,Mwanza,Nyamagana MC,-2.52256,32.91834,lake
MBUGAYABAHYA,104649-9,public,Simiyu,Meatu DC,-3.35522,34.25908,lake
MBUGULAJI,104650-7,public,Ruvuma,Tunduru DC,-10.60361,36.82175,shighland
MBUGUNI,104651-5,public,Arusha,Meru DC,-3.55268,36.91658,northern
MBUJI,110452-0,public,Ruvuma,Mbinga DC,-11.01794,34.8685,shighland
MBUKE,114306-4,private,Morogoro,Morogoro DC,-7.20883,37.85807,coastal
MBULANI,111494-1,public,Pwani,Mkuranga DC,-7.31969,38.96873,coastal
MBULI,104653-1,public,Ruvuma,Nyasa DC,-10.81415,34.68201,shighland
MBULIZAGA,111674-8,public,Tanga,Pangani DC,-5.759905,38.70193,coastal
MBULU,111546-8,public,Songwe,Mbozi DC,-8.95888,33.04758,shighland
Mbulu DC,124719-6,public,Manyara,Mbulu DC,,,northern
Mbulu TC,124720-4,public,Manyara,Mbulu TC,,,northern
MBULUMA,104656-4,public,Rukwa,Kalambo DC,-8.04447,31.42358,shighland
MBULUMBULU,122701-6,public,Tabora,Uyui DC,-4.86289,33.48314,central
MBUNJUMVULENI,113892-4,public,Pwani,Rufiji DC,-7.9306316,38.899494,coastal
MBUO,110892-7,public,Mtwara,Mtwara DC,-10.25523,39.99648,southern
MBURAHATI,111864-5,public,Dar Es Salaam,Ubungo MC,-6.80949,39.23657,coastal
MBURUSA,104660-6,public,Mtwara,Nanyumbu DC,-11.138361,38.242933,southern
MBUSHI,104661-4,public,Simiyu,Meatu DC,-3.62035,34.51393,lake
MBUTE,114894-9,public,Lindi,Nachingwea DC,-9.97708,38.64611,southern
MBUTU,104662-2,public,Tabora,Igunga DC,-4.23401,33.89744,central
MBUTU,104664-8,public,Dar Es Salaam,Kigamboni MC,-6.894937,39.482034,coastal
MBUTU,104663-0,public,Tabora,Nzega DC,-4.397392,32.784323,central
MBUYA,104665-5,private,Morogoro,Morogoro MC,-6.82515,37.67001,coastal
MBUYUNI,104672-1,public,Mtwara,Masasi DC,-10.910363,39.04495,southern
MBUYUNI,122424-5,public,Lindi,Ruangwa DC,-9.89375,38.94623,southern
MBUYUNI,123698-3,private,Dodoma,Dodoma CC,-6.13802,35.67857,central
MBUYUNI,124637-0,private,Dar Es Salaam,Kinondoni MC,,,coastal
MBUYUNI,104668-9,public,Arusha,Monduli DC,-3.449781,36.197312,northern
MBUYUNI,104671-3,public,Mbeya,Mbarali DC,-8.83292,34.1852,shighland
MBUYUNI,109177-6,public,Songwe,Songwe DC,-8.537654,33.003164,shighland
MBUYUNI,104673-9,public,Arusha,Arusha DC,-3.574294,36.65867,northern
MBUYUNI,115202-4,public,Morogoro,Morogoro MC,-6.87769,37.58661,coastal
MBUZA,104675-4,public,Rukwa,Kalambo DC,-8.27802,31.44773,shighland
MBUZII,104676-2,public,Tanga,Bumbuli DC,-4.85714,38.34227,coastal
MBWAMBO,104826-3,private,Pwani,Chalinze DC,-6.64044,38.34885,coastal
MBWAMBO,122180-3,private,Lindi,Nachingwea DC,-10.49324,38.81669,southern
MBWAMBO,101013-1,private,Kilimanjaro,Moshi MC,-3.34671,37.33951,northern
MBWAMBO,121538-3,private,Mbeya,Mbeya DC,-8.85936,33.63743,shighland
MBWANJI,123764-3,private,Tabora,Uyui DC,-4.40111,32.51282,central
MBWARA,104678-8,public,Pwani,Rufiji DC,-8.240296,39.02194,coastal
MBWASA,123045-7,public,Singida,Manyoni DC,-5.61005,35.13827,central
MBWAWA,104680-4,public,Pwani,Kibaha TC,-6.64531,38.7801,coastal
MBWEI,114512-7,public,Tanga,Lushoto DC,-4.67745,38.42289,coastal
MBWEMKURU,104681-2,public,Lindi,Kilwa DC,-9.57023,39.4908,southern
MBWENI,104682-0,public,Dar Es Salaam,Kinondoni MC,-6.57848,39.13226,coastal
MBWENI B,104683-8,public,Dar Es Salaam,Kinondoni MC,-6.57652,39.1432,coastal
MBWENI JKT,110626-9,public,Dar Es Salaam,Kinondoni MC,-6.6083,39.16358,coastal
MBWERA,104685-3,public,Pwani,Kibiti DC,-8.11009,39.3757,coastal
MBWERA MAGHARIBI,121509-4,public,Pwani,Kibiti DC,-8.10331,39.35643,coastal
MBWEWE,104686-1,public,Pwani,Chalinze DC,-6.07665,38.2464,coastal
MBWEWE TYMA,110941-2,private,Pwani,Chalinze DC,-6.08586,38.24512,coastal
MBWILA,104687-9,public,Njombe,Ludewa DC,-9.93945,34.58801,shighland
MC,122833-7,private,Morogoro,Morogoro MC,,,coastal
MCC,112257-1,private,Mtwara,Mtwara MC,-10.27704,40.16384,southern
MCD LIFE CARE,114466-6,private,Dar Es Salaam,Ubungo MC,-6.790121,39.145973,coastal
MCH,114259-5,private,Dar Es Salaam,Ilala MC,,,coastal
MCH,112677-0,private,Dar Es Salaam,Ilala MC,-6.90533,39.22174,coastal
MCHAKAMA,111297-8,public,Lindi,Kilwa DC,-9.0711,39.3954,southern
MCHANGANI,122610-9,public,Katavi,Tanganyika DC,-6.75088,30.41217,shighland
MCHANGANI,114895-6,public,Lindi,Nachingwea DC,-10.44903,38.72746,southern
MCHANGANI A,115350-1,public,Mtwara,Nanyumbu DC,-10.51222,38.37242,southern
MCHARO,104688-7,public,Mara,Bunda TC,-2.01478,33.9459,lake
MCHEMO,120544-2,public,Mtwara,Newala DC,-10.70279,39.31951,southern
MCHENJEUKA,124239-5,public,Mtwara,Nanyumbu DC,-10.99713,38.06295,southern
MCHESI,121178-8,public,Ruvuma,Tunduru DC,-11.52107,37.24069,shighland
MCHICHIRA,104690-3,public,Mtwara,Tandahimba DC,-10.89594,39.62944,southern
MCHINGA,104691-1,public,Lindi,Lindi MC,-9.74341,39.70857,southern
MCHINGA,104692-9,public,Pwani,Kibiti DC,-7.81766,39.36251,coastal
MCHINGA II,113788-4,public,Lindi,Lindi MC,-9.72466,39.71487,southern
MCHOLI GODAUNI,112476-7,public,Mtwara,Newala TC,,,southern
MCHOMBE,104693-7,private,Morogoro,Mlimba DC,-8.31667,36.1167,coastal
MCHOMBE MED-CENTRUM,123480-6,private,Dar Es Salaam,Temeke MC,-6.89082,36.22101,coastal
MCHOMORO,104694-5,public,Ruvuma,Namtumbo DC,-10.57732,36.33635,shighland
MCHONDA,111147-5,public,Lindi,Nachingwea DC,-10.42408,38.68704,southern
MCHONGOMANI,114377-5,private,Geita,Geita DC,-3.012846,31.9212,lake
MCHOPA,123094-5,private,Mtwara,Masasi DC,-10.59047,38.61626,southern
MCHOTEKA,104695-2,public,Ruvuma,Tunduru DC,-11.44901,36.88501,shighland
MCHUKWI,104696-0,public,Pwani,Kibiti DC,-7.76174,38.9991,coastal
MCHUKWI,104697-8,private,Pwani,Kibiti DC,-7.77068,39.02458,coastal
MCHUMA,122975-6,private,Morogoro,Kilosa DC,-6.38078,37.34852,coastal
MCHUMA,122941-8,private,Shinyanga,Shinyanga MC,-3.67077,33.43219,lake
MCHUMO,124125-6,private,Lindi,Kilwa DC,-8.74675,39.41307,southern
MCHUNGU,104698-6,public,Pwani,Kibiti DC,-7.71505,39.2856,coastal
MCHUO,108341-9,private,Tabora,Igunga DC,-4.177,33.5257,central
MCHURUKA,104699-4,public,Ruvuma,Tunduru DC,-11.00939,37.45721,shighland
MCW DENTAL,110945-3,public,Ruvuma,Songea MC,-10.69996,35.64592,shighland
MD MULT SPECIALISED,113405-5,private,Dar Es Salaam,Kinondoni MC,-6.66113,39.20247,coastal
MD NEO,122477-3,private,Tanga,Muheza DC,,,coastal
MDABULO,104700-0,private,Iringa,Mufindi DC,-8.48352,35.50295,shighland
MDANDU,104702-6,public,Njombe,Wanging'ombe DC,-9.148297,34.695201,shighland
MDASI,122806-3,public,Njombe,Wanging'ombe DC,-9.31787,34.54265,shighland
MDAULA,114793-3,public,Pwani,Chalinze DC,-6.63641,38.24378,coastal
Mdende Raha.,121726-4,private,Katavi,Mpanda MC,-6.42228,30.98671,shighland
MDIKO,120552-5,private,Morogoro,Morogoro MC,-6.76008,37.61041,coastal
MDILIDILI,120474-2,public,Njombe,Ludewa DC,-9.82344,34.7376,shighland
MDILU,104704-2,public,Singida,Singida DC,-4.58902,34.99249,central
MDIMBA,104705-9,public,Mtwara,Tandahimba DC,-10.75986,39.47408,southern
MDIMBA MPELEPELE.,123192-7,public,Mtwara,Newala DC,-10.77731,39.28775,southern
MDIMNI,104706-7,public,Pwani,Mkuranga DC,-7.424961,39.293011,coastal
MDN,124947-3,private,Dar Es Salaam,Ilala MC,-7.02369,39.05751,coastal
MDUNDUWALO,115113-3,public,Ruvuma,Songea DC,-10.47213,35.41453,shighland
MDWEMA,104707-5,public,Ruvuma,Namtumbo DC,-10.61861,35.86357,shighland
MEA - MTWARO,104708-3,public,Ruvuma,Tunduru DC,-11.24939,37.56171,shighland
Meatu DC,124813-7,public,Simiyu,Meatu DC,,,lake
MEB,124453-2,private,Dodoma,Dodoma CC,-6.18052,35.74581,central
MEB EYE CARE,122592-9,private,Dodoma,Dodoma CC,,,central
Mebu,111656-5,private,Dar Es Salaam,Ilala MC,-6.91595,39.18874,coastal
MECCO,121767-8,private,Dar Es Salaam,Kinondoni MC,-6.80608,39.2571,coastal
MED,121242-2,private,Dar Es Salaam,Ilala MC,,,coastal
MED ONE,122102-7,private,Singida,Singida MC,,,central
MED ONE,123208-1,private,Singida,Singida MC,-4.80116,34.72341,central
MEDARI,112578-0,private,Mara,Musoma MC,-1.52959,33.8299,lake
MEDEWELL CHARITABLE,104713-3,private,Pwani,Kibaha TC,-6.79402,39.00239,coastal
MEDI - ED,110800-0,private,Dar Es Salaam,Ilala MC,-6.80097,39.27964,coastal
MEDI-CHECK,123070-5,private,Dar Es Salaam,Kinondoni MC,-6.12673,39.19567,coastal
MEDICAL  MCHIKICHINI TRADER,113508-6,private,Dar Es Salaam,Ilala MC,-6.84942,39.25011,coastal
Medical Diagnostic&Consultancy Laboratory,123820-3,private,Dar Es Salaam,Ubungo MC,,,coastal
MEDICAL RESEARCH (NIMR),104716-6,public,Mwanza,Ilemela MC,-2.48916,32.8975,lake
MEDICARE,104717-4,private,Njombe,Makambako TC,-8.84676,34.82463,shighland
MEDICARE,105649-8,private,Tanga,Muheza DC,-5.17389,38.78738,coastal
MEDICARE,115271-9,private,Dodoma,Dodoma CC,,,central
MEDICHECKS,121025-1,private,Dar Es Salaam,Temeke MC,-6.93393,39.23892,coastal
MEDICLINIC,120766-1,private,Arusha,Arusha CC,,,northern
MEDIKA,122916-0,private,Dar Es Salaam,Kinondoni MC,-6.66564,39.19036,coastal
MEDIKEA,122921-0,private,Dar Es Salaam,Kinondoni MC,-6.39587,39.19327,coastal
MEDINOVA,122813-9,private,Dar Es Salaam,Kinondoni MC,-6.78311,39.27638,coastal
Mediplus,123219-8,private,Tanga,Tanga CC,,,coastal
MEDIPLUS HEALTH,123894-8,private,Mwanza,Ilemela MC,,,lake
MEDIVANCE,124537-2,private,Dar Es Salaam,Ubungo MC,-6.79768,39.16658,coastal
MEDLIFE,121585-4,private,Dar Es Salaam,Ilala MC,,,coastal
MEDSCAN,124443-3,private,Dar Es Salaam,Ilala MC,-6.79786,39.27847,coastal
MEDSTAR,123957-3,private,Dar Es Salaam,Kigamboni MC,-6.89284,39.34217,coastal
MEDWAY,115222-2,private,Dar Es Salaam,Ubungo MC,-6.741417,39.160213,coastal
MEDWIN FAMILY HEALTHCARE,112595-4,private,Dar Es Salaam,Kinondoni MC,-6.671173,39.196016,coastal
MEDZONY,121521-9,private,Dodoma,Kondoa DC,,,central
MEELA,120592-1,private,Kilimanjaro,Moshi DC,-10.24126,37.51887,northern
MEGA,120803-2,public,Shinyanga,Msalala DC,,,lake
MEGAAFYA,120786-9,private,Kilimanjaro,Moshi MC,-3.344557,37.384938,northern
MEGACARE,120451-0,private,Arusha,Arusha CC,,,northern
MEGACARE,121011-1,private,Arusha,Arusha CC,,,northern
MEGAVISION,123613-2,private,Dar Es Salaam,Ubungo MC,-6.78862,39.21442,coastal
MEGI CARE,125158-6,private,Kilimanjaro,Moshi MC,-3.20475,37.20421,northern
MEGRA,122329-6,private,Dar Es Salaam,Ubungo MC,-6.46832,39.13341,coastal
MEHTA'S,113235-6,private,Mara,Serengeti DC,-2.47221,34.54672,lake
MEIGHS,104720-8,private,Morogoro,Mlimba DC,-8.80665,35.79706,coastal
MEKA,104723-2,public,Tanga,Pangani DC,-5.43291,38.8806,coastal
MEKOMARIRO,104724-0,public,Mara,Bunda DC,-1.8351,34.203,lake
MELELA,104725-7,public,Morogoro,Mvomero DC,-6.92336,37.42855,coastal
MELIA SERENGETI,124450-8,private,Mara,Serengeti DC,-2.47248,34.54854,lake
MELINE TRUST,123562-1,private,Pwani,Chalinze DC,-6.64374,38.35329,coastal
MELISSA,124116-5,private,Njombe,Njombe TC,-9.35903,34.78218,shighland
Melkianc,111450-3,private,Dar Es Salaam,Kinondoni MC,-6.65799,39.18011,coastal
MEMA,112523-6,private,Pwani,Kibaha DC,-6.83426,38.91749,coastal
Membe,104726-5,public,Dodoma,Chamwino DC,-5.892263,36.172407,central
MENDO,104729-9,public,Shinyanga,Shinyanga DC,-3.73554,32.97659,lake
MENGENI KITASHA,104730-7,public,Kilimanjaro,Rombo DC,-3.23885,37.58871,northern
MENGI,113141-6,private,Singida,Itigi DC,-5.7016,34.49303,central
MENGWE CHINI,104731-5,public,Kilimanjaro,Rombo DC,-3.274796,37.640981,northern
MENGWE JUU,104732-3,public,Kilimanjaro,Rombo DC,-3.25679,37.61118,northern
MENNONITE,103991-6,private,Mwanza,Magu DC,-2.59064,33.4445,lake
MENO,122892-3,private,Dar Es Salaam,Ilala MC,,,coastal
MENO YANGU COSMETIC,122842-8,private,Dar Es Salaam,Kinondoni MC,-6.77219,39.2705,coastal
MENONITE,110034-6,private,Kagera,Muleba DC,-1.842284,31.651883,lake
MENONITE CHURCH,122773-5,private,Tabora,Tabora MC,,,central
MENONITE LAMADI,104736-4,private,Simiyu,Busega DC,-2.247209,33.847708,lake
MENONITE NYIHOGO,104738-0,private,Shinyanga,Kahama MC,-3.83673,32.59016,lake
MERCY,115273-5,private,Dodoma,Dodoma CC,,,central
MERCY MEDICAL,111739-9,private,Rukwa,Sumbawanga DC,,,shighland
Mercyget Health,123769-2,private,Dar Es Salaam,Ubungo MC,,,coastal
MERENGA,104740-6,public,Mara,Serengeti DC,-1.630108,34.653015,lake
MERERA,113816-3,public,Morogoro,Mlimba DC,-8.54962,36.01682,coastal
MERERANI RC,104742-2,private,Manyara,Simanjiro DC,-3.56378,36.97768,northern
MERESINI,104743-0,private,Kilimanjaro,Moshi DC,-3.36866,37.54626,northern
MERON,113673-8,private,Manyara,Babati TC,-4.24662,35.70757,northern
MERR,104744-8,public,Manyara,Babati DC,-4.10739,35.58061,northern
Meru DC,124645-3,public,Arusha,Meru DC,,,northern
MERYA,104746-3,private,Singida,Singida DC,-4.68036,34.9642,central
MESA,124525-7,private,Tabora,Uyui DC,-5.32892,33.15395,central
MESERAN BWAWANI,114066-4,public,Arusha,Monduli DC,-3.52133,36.46751,northern
MESERAN KOREA,112286-0,public,Arusha,Monduli DC,-3.422494,36.519574,northern
MESERANI COGI,114401-3,private,Arusha,Monduli DC,-3.4098,36.48698,northern
MESERANI JUU,104747-1,public,Arusha,Monduli DC,-3.60434,36.39714,northern
MESHUGI,111860-3,public,Morogoro,Gairo DC,-6.04774,36.85538,coastal
MESO VOICE OF VICTORY,123350-1,private,Kagera,Bukoba MC,-1.32643,31.80498,lake
MESSE,112052-6,public,Kilimanjaro,Siha DC,,,northern
META,113219-0,private,Tanga,Muheza DC,-5.17865,38.79081,coastal
METHODIST MICHAEL SCOTT,108617-2,private,Mwanza,Magu DC,-2.60714,33.44518,lake
METROGRAND,114680-2,private,Morogoro,Morogoro MC,-6.836277,37.677526,coastal
METROPOLIS HEALTH CARE  TANZANIA LIMITED,121972-4,private,Arusha,Arusha CC,-3.36686,36.68834,northern
METROPOLIS HEALTHCARE TANZANIA LTD,121116-8,private,Dar Es Salaam,Ilala MC,-6.80758,39.27576,coastal
MEWADAN,104748-9,public,Manyara,Mbulu DC,-4.24695,34.99977,northern
MF MSIGANI,121314-9,private,Dar Es Salaam,Kinondoni MC,-6.66886,39.13042,coastal
MFALASI,113805-6,public,Njombe,Ludewa DC,,,shighland
MFARANYAKI CHARITY,108491-2,private,Ruvuma,Songea MC,-10.67609,35.64028,shighland
MFEREJI,104751-3,public,Arusha,Monduli DC,-3.124104,36.467422,northern
MFEREKE,112171-4,public,Njombe,Njombe TC,-9.399196,34.741415,shighland
MFH,114348-6,private,Kagera,Bukoba MC,-1.32175,31.81227,lake
MFINGA,104752-1,public,Kilimanjaro,Mwanga DC,-3.67006,37.63428,northern
Mfinga,104753-9,public,Rukwa,Sumbawanga DC,-7.50747,31.4342,shighland
MFISINI,104754-7,public,Pwani,Kibiti DC,-7.85461,39.35167,coastal
MFRIGA,104755-4,public,Njombe,Njombe DC,-9.296681,35.316987,shighland
MFUKULEMBE,123895-5,public,Iringa,Iringa DC,-8.22493,35.46977,shighland
MFUMBI,104757-0,public,Njombe,Makete DC,-8.8551,34.09608,shighland
MFUMBI,123979-7,public,Njombe,Makete DC,-8.84407,34.14851,shighland
MFUMBWE,104758-8,public,Morogoro,Morogoro DC,-6.8945,37.82123,coastal
MFUMYA,122689-3,private,Iringa,Mafinga TC,-8.300555,35.291204,shighland
MFURUMWAMBAO,111493-3,public,Pwani,Mkuranga DC,-7.06961,39.36177,coastal
MFURUWASHE,121205-9,public,Kilimanjaro,Rombo DC,-3.24929,37.65269,northern
MFUTO,104759-6,public,Songwe,Momba DC,-8.798999,32.33388,shighland
MFYOME,104760-4,public,Iringa,Iringa DC,-7.63397,35.61492,shighland
MGAGA,122848-5,private,Shinyanga,Msalala DC,-3.828912,32.607041,lake
MGAGAO,104761-2,public,Kilimanjaro,Mwanga DC,-3.9109,37.65413,northern
MGALA,104762-0,public,Njombe,Njombe TC,-9.53587,35.24223,shighland
MGAMA,104764-6,public,Iringa,Iringa DC,-8.02044,35.59259,shighland
MGAMBAZI,104765-3,public,Kigoma,Uvinza DC,-5.8396,29.97228,central
MGAMBO,123391-5,public,Kigoma,Uvinza DC,-5.98066,29.85621,central
MGAMBO,104767-9,public,Tanga,Muheza DC,-5.04592,38.61292,coastal
MGAMBO JKT,102093-2,public,Tanga,Handeni DC,-5.52884,38.58605,coastal
MGAMBOO,124010-0,public,Singida,Itigi DC,,,central
MGANDU,104769-5,public,Singida,Itigi DC,-5.96448,34.1249,central
MGANDU,123185-1,public,Kilimanjaro,Same DC,-4.50951,38.08248,northern
MGANZA,104770-3,public,Kigoma,Uvinza DC,-5.06694,31.04296,central
MGANZA,115206-5,public,Morogoro,Morogoro MC,-6.87769,37.58661,coastal
MGAO,111595-5,private,Njombe,Njombe TC,-9.34713,34.4723,shighland
MGAO,104771-1,public,Mtwara,Mtwara DC,-10.1351,39.982495,southern
MGARAGANZA,104772-9,public,Kigoma,Kigoma DC,-4.76404,29.64492,central
MGAWE HEALTH,123839-3,private,Tabora,Uyui DC,-5.32853,33.15103,central
MGAZI,124492-0,public,Tabora,Igunga DC,-4.51106,33.88964,central
MGAZINI,104774-5,public,Ruvuma,Songea DC,-10.4666,35.33292,shighland
MGERA,123104-2,public,Iringa,Iringa DC,-7.69938,35.61789,shighland
MGERA,104775-2,public,Tanga,Kilindi DC,-5.386067,37.514832,coastal
MGERA HEALTH,123082-0,private,Tanga,Muheza DC,,,coastal
MGERA MSEKWA KILINDI,113748-8,private,Tanga,Kilindi DC,-5.386796,37.518562,coastal
MGETA,104776-0,public,Morogoro,Mvomero DC,-7.05825,37.57799,coastal
MGETA MISSION,104777-8,private,Morogoro,Mvomero DC,-7.03805,37.57131,coastal
MGILA,104778-6,public,Tanga,Korogwe DC,-5.004264,38.492612,coastal
MGIMBA,111031-1,public,Singida,Mkalama DC,-4.26683,34.55532,central
MGOLOLE,110307-6,private,Morogoro,Morogoro MC,-6.808667,37.73273,coastal
MGOLOLO,104781-0,public,Iringa,Mufindi DC,-8.72758,35.3072,shighland
MGOMA,104782-8,public,Dodoma,Mpwapwa DC,-6.59067,36.53989,central
MGOMBA,122377-5,public,Pwani,Rufiji DC,-8.01124,38.80975,coastal
MGOMBASI,104783-6,public,Ruvuma,Namtumbo DC,-10.17495,36.0206,shighland
MGOMBE,115017-6,public,Katavi,Mlele DC,-6.66471,32.00031,shighland
MGOMBEZI,104784-4,public,Tanga,Korogwe TC,-5.16788,38.41789,coastal
MGONGO,104788-5,public,Singida,Iramba DC,-4.33131,34.15562,central
MGONGO,104785-1,public,Arusha,Ngorongoro DC,-2.16017,35.670452,northern
MGORI,104790-1,public,Singida,Singida DC,-4.85328,34.97755,central
MGOWELO,120467-6,public,Iringa,Kilolo DC,-7.34417,36.31396,shighland
MGUDENI,114270-2,private,Morogoro,Mvomero DC,,,coastal
MGUDENI,122161-3,private,Morogoro,Kilosa DC,,,coastal
MGUGWE,114105-0,public,Morogoro,Mlimba DC,-8.66626,35.84753,coastal
Mgulani JKT,104791-9,public,Dar Es Salaam,Temeke MC,-6.851856,39.278794,coastal
Mgulani TPDF,104792-7,public,Dar Es Salaam,Temeke MC,-6.860559,39.27769,coastal
MGUMU,106847-7,private,Mara,Serengeti DC,-1.84123,34.66373,lake
Mgunga,104793-5,public,Dodoma,Chamwino DC,-6.27987,36.119505,central
MGUNGIA,122853-5,public,Singida,Iramba DC,-4.66305,34.53081,central
MGUNGIRA,104795-0,public,Singida,Ikungi DC,-5.00973,34.01144,central
MGUSU,115362-6,public,Geita,Geita TC,-2.90612,32.23992,lake
MGWASHI,104796-8,public,Tanga,Bumbuli DC,-4.77283,38.49659,coastal
MGWASHI,114839-4,public,Tanga,Lushoto DC,-4.64944,38.27797,coastal
MHAGA,122447-6,public,Pwani,Kisarawe DC,-7.07133,38.52511,coastal
MHAGAMA,111625-0,private,Dar Es Salaam,Ubungo MC,-6.76175,39.15266,coastal
MHAJI,104797-6,public,Njombe,Wanging'ombe DC,-9.16783,34.761281,shighland
MHALE,104798-4,public,Morogoro,Mvomero DC,-7.177,37.5438,coastal
MHAMA,114934-3,public,Geita,Nyang'hwale DC,-2.976598,32.487061,lake
MHAMBA,104799-2,public,Tanga,Muheza DC,-5.31231,38.64047,coastal
MHANDO,115288-3,private,Dodoma,Dodoma CC,-6.18946,35.77803,central
MHANDO  ONE,124389-8,private,Dodoma,Dodoma CC,-6.18946,35.77803,central
MHANDU,110266-4,public,Shinyanga,Msalala DC,-3.56753,32.4913,lake
MHANGAZI,121869-2,public,Ruvuma,Namtumbo DC,-10.15644,35.89831,shighland
MHANGOO,123223-0,private,Singida,Singida DC,-4.86271,35.34127,central
MHARAMBA,104801-6,public,Geita,Geita DC,-2.58474,32.0074,lake
MHC BWERU,120204-3,private,Kigoma,Uvinza DC,,,central
MHC BWERU,114826-1,private,Kigoma,Uvinza DC,-5.10902,31.03869,central
MHC STAMICO,113783-5,private,Geita,Geita DC,-2.999954,31.930469,lake
MHD,121112-7,private,Dar Es Salaam,Ilala MC,-6.91061,39.20608,coastal
MHEKELA,113207-5,private,Tabora,Nzega TC,-4.2193,33.18,central
Mhenda,104802-4,public,Morogoro,Kilosa DC,-7.17432,36.9263,coastal
MHEPAI,114636-4,public,Ruvuma,Songea DC,,,shighland
MHEZA,124185-0,public,Tanga,Kilindi DC,-5.69748,37.29639,coastal
MHEZI,104803-2,public,Kilimanjaro,Same DC,-4.14942,37.8802,northern
MHIMBIRA,104804-0,private,Mbeya,Mbarali DC,-8.85561,34.03131,shighland
MHINDURO,104805-7,public,Tanga,Mkinga DC,-4.93077,38.8003,coastal
MHINTIRI,105655-5,public,Singida,Ikungi DC,-5.16825,34.62057,central
MHOJA,113123-4,private,Singida,Singida DC,-4.55377,34.8467,central
MHONDA MISSION,104806-5,private,Morogoro,Mvomero DC,-6.12475,37.57602,coastal
MHONGOZI,104807-3,public,Ruvuma,Mbinga DC,-10.72035,34.94204,shighland
MHORO,120471-8,public,Njombe,Ludewa DC,-10.00598,34.73757,shighland
MHORO,121144-0,private,Ruvuma,Songea DC,,,shighland
MHULIDEDE,124214-8,public,Tabora,Uyui DC,-4.30337,32.45223,central
MHUNGAMKOLA,121841-1,public,Morogoro,Morogoro DC,-6.79446,37.97123,coastal
MHUNGWE,114542-4,public,Mwanza,Misungwi DC,-2.89627,33.15279,lake
MHUNZE,104808-1,public,Simiyu,Itilima DC,-2.9649,34.22388,lake
MHUNZE BAKWATA,104809-9,private,Shinyanga,Kishapu DC,-3.62046,33.80811,lake
Miangalua,110107-0,public,Rukwa,Sumbawanga DC,-8.628994,32.135176,shighland
MIBIKIMITALI,104814-9,public,Iringa,Iringa DC,-8.18327,35.5385,shighland
MIBONO,104815-6,public,Tabora,Sikonge DC,-5.88281001,32.981001,central
MIBUNGO,110876-0,public,Mwanza,Ukerewe DC,-1.93434,32.91243,lake
MIBURANI,114165-4,public,Dar Es Salaam,Temeke MC,-6.85206,39.26988,coastal
MIBURE,110906-5,public,Lindi,Ruangwa DC,-10.07138,38.93567,southern
MICHAEL,124028-2,private,Tanga,Mkinga DC,-4.86762,38.80481,coastal
MICHELLE,120655-6,private,Tanga,Korogwe TC,-5.15609,38.44806,coastal
MICHENGA,112747-1,private,Morogoro,Ifakara TC,-8.1289,36.65025,coastal
MICHENGA,104816-4,public,Morogoro,Ifakara TC,-8.12,36.6531,coastal
MICHENGA,104817-2,public,Lindi,Ruangwa DC,-10.3326,38.9939,southern
MICHENI,121917-9,public,Pwani,Mafia DC,-7.97276,39.66763,coastal
MICHENJELE,104818-0,public,Mtwara,Tandahimba DC,-10.80084,39.87867,southern
Michese,104819-8,public,Dodoma,Dodoma CC,-6.20799,35.67606,central
MICHIGA,104821-4,public,Mtwara,Nanyumbu DC,-10.925836,38.167447,southern
Michongwe Health Laboratory,121953-4,private,Lindi,Kilwa DC,-8.74577,39.40839,southern
MICHUNGWANI,124241-1,public,Tanga,Handeni DC,-5.34874,38.55081,coastal
MICKY,122218-1,private,Manyara,Babati DC,,,northern
MICO,104823-0,private,Morogoro,Kilosa DC,-7.41445,36.97823,coastal
MICO,113289-3,private,Pwani,Chalinze DC,-6.37293,38.58736,coastal
MICO,111536-9,private,Pwani,Rufiji DC,-7.944059,38.981762,coastal
MICO,120648-1,private,Pwani,Chalinze DC,,,coastal
MICO A3T MAVURUNZA,110555-0,private,Dar Es Salaam,Ubungo MC,-6.81487,39.16463,coastal
MICO ANNEX,110787-9,private,Dar Es Salaam,Kinondoni MC,-6.79681,39.26447,coastal
MICO BANGWE ROAD,111830-6,private,Kigoma,Kigoma Ujiji MC,-4.87942,29.62834,central
MICO BEST,112482-5,private,Dar Es Salaam,Temeke MC,-6.97523,39.21348,coastal
MICO BUFFALO,123178-6,private,Dar Es Salaam,Ubungo MC,-6.71284,39.18833,coastal
MICO CHAMAZI,113526-8,private,Dar Es Salaam,Temeke MC,,,coastal
MICO CHARITABLE,111931-2,private,Dar Es Salaam,Ubungo MC,-6.81523,39.21312,coastal
MICO CHARITABLE,104860-2,private,Dar Es Salaam,Kinondoni MC,-6.69953,39.19726,coastal
MICO DARAJANI,113275-2,private,Dar Es Salaam,Ubungo MC,,,coastal
MICO DARAJANI,104835-4,private,Dar Es Salaam,Ubungo MC,-6.81753,39.23931,coastal
MICO FARASI MABIBO,104839-6,private,Dar Es Salaam,Ubungo MC,-6.81386,39.22921,coastal
MICO GB,113500-3,private,Dar Es Salaam,Kinondoni MC,-6.80849,39.26126,coastal
MICO GEZAULOLE MWEMBE MGAMBO,111874-4,private,Dar Es Salaam,Kigamboni MC,-6.869532,39.40123,coastal
MICO GUMBA,104827-1,private,Pwani,Kibaha DC,-6.76877,38.35471,coastal
MICO IKHLAS,123662-9,private,Morogoro,Ulanga DC,,,coastal
MICO ITUMBA,121098-8,private,Songwe,Ileje DC,-9.40871,33.18288,shighland
MICO KAGUNGA,123242-0,private,Dar Es Salaam,Temeke MC,-6.92091,39.23933,coastal
MICO KARODE'S,112277-9,private,Dar Es Salaam,Temeke MC,-6.91367,39.2724,coastal
MICO KIDIA,120403-1,private,Dar Es Salaam,Temeke MC,,,coastal
MICO KIHONDA,108513-3,private,Morogoro,Morogoro MC,-6.78306,37.65903,coastal
MICO KIMARA,110599-8,private,Dar Es Salaam,Ubungo MC,-6.79103,39.16754,coastal
MICO LUGALA,124189-2,private,Morogoro,Morogoro MC,-6.80251,37.60196,coastal
MICO MACHIMBO,111807-4,private,Dar Es Salaam,Ilala MC,-6.90671,39.18429,coastal
MICO MANDEWA,120554-1,private,Singida,Singida MC,-4.79646,34.71587,central
MICO MASJID TUNGI,112093-0,private,Dar Es Salaam,Temeke MC,-6.85399,39.26075,coastal
MICO MDAULA,123235-4,private,Pwani,Chalinze DC,-6.63668,38.23472,coastal
MICO MGETA,110308-4,private,Morogoro,Morogoro MC,-6.81407,37.66961,coastal
MICO MKURANGA,123575-3,private,Pwani,Mkuranga DC,-7.12368,39.20281,coastal
MICO MKWAJUNI,104854-5,private,Dar Es Salaam,Kinondoni MC,-6.796159,39.264482,coastal
MICO MSONGOLA,121087-1,private,Dar Es Salaam,Ilala MC,,,coastal
MICO MTONI,104855-2,private,Dar Es Salaam,Temeke MC,-6.86839,39.27571,coastal
MICO MWEMBECHAI,108651-1,private,Dar Es Salaam,Ubungo MC,-6.80745,39.24848,coastal
MICO Nightingale,104858-6,private,Dar Es Salaam,Ilala MC,-6.84353,39.19211,coastal
MICO NIIMAT,111626-8,private,Dar Es Salaam,Temeke MC,-6.93889,39.23206,coastal
MICO NURU,113232-3,private,Tabora,Kaliua DC,-5.05215,31.33377,central
MICO PALLOT,112001-3,private,Arusha,Arusha CC,-3.38373,36.67416,northern
MICO SAJE,113542-5,private,Arusha,Arusha CC,-3.430558,36.678524,northern
MICO SULUMO,110884-4,private,Morogoro,Mvomero DC,-6.43757,37.53317,coastal
MICO Tabata Kimanga,104834-7,private,Dar Es Salaam,Ilala MC,-6.82622,39.19631,coastal
MICO UFALME,114304-9,private,Dar Es Salaam,Kinondoni MC,-6.72252,39.21265,coastal
MICO UWANJANI,114852-7,private,Pwani,Chalinze DC,-6.63943,38.34649,coastal
MICO-MAZINDE,111353-9,private,Pwani,Chalinze DC,-6.64358,38.35054,coastal
MIDAWE,120444-5,public,Arusha,Arusha DC,-3.340105,36.744204,northern
MIDEJO,120657-2,private,Dar Es Salaam,Kigamboni MC,-6.82123,39.30597,coastal
MIDIZINI MUZDALIFAH,111448-7,private,Dar Es Salaam,Ubungo MC,-6.801862,39.225147,coastal
MIDLAN,122322-1,private,Dar Es Salaam,Ubungo MC,-6.72051,39.10529,coastal
MIEGEO,111920-5,public,Tanga,Lushoto DC,-4.83439,38.32825,coastal
MIEMBENI LUTHERAN,122951-7,private,Ruvuma,Songea MC,-10.37541,35.38451,shighland
MIFULU,104871-9,public,Morogoro,Morogoro DC,-6.9773,37.7477,coastal
MIGAMBO,104872-7,public,Tanga,Lushoto DC,-4.75476,38.34595,coastal
MIGANGA,104874-3,public,Singida,Mkalama DC,-4.20392,34.71289,central
MIGANGA,122954-1,private,Dodoma,Dodoma CC,-6.21936,35.71458,central
Miganga,104873-5,public,Dodoma,Chamwino DC,-6.426016,36.042843,central
MIGANGA 'A',124455-7,public,Singida,Mkalama DC,-4.24415,34.71515,central
MIGANGO,121257-0,public,Kagera,Biharamulo DC,,,lake
MIGATO,104875-0,public,Simiyu,Itilima DC,-2.98564,34.31953,lake
MIGEKA,123206-5,private,Mara,Musoma DC,-1.91486,33.30876,lake
MIGEKA,124146-2,private,Katavi,Tanganyika DC,-6.51391,30.73051,shighland
MIGEREGERE,104876-8,public,Lindi,Kilwa DC,-8.82496,39.2308,southern
MIGOLI,104879-2,public,Iringa,Iringa DC,-7.16154,35.76878,shighland
MIGOLI,109137-0,private,Iringa,Iringa DC,-7.15199,35.79823,shighland
MIGOLI GVT,120776-0,public,Iringa,Iringa DC,-7.18727,35.76286,shighland
MIGONGO,104877-6,public,Kigoma,Buhigwe DC,-4.24905,30.07818,central
MIGONGWA,104878-4,public,Tabora,Igunga DC,-4.22215,33.72286,central
MIGONGWA,114430-2,public,Tabora,Uyui DC,-5.05778,33.08324,central
MIGUNGA,104881-8,public,Shinyanga,Kishapu DC,-3.70731,33.86454,lake
MIGUNGUMALO,104883-4,public,Tabora,Uyui DC,-4.95368,32.52642,central
MIGUWA,104885-9,public,Tabora,Nzega TC,-4.20845,33.3028,central
MIHALE,104886-7,public,Mara,Bunda TC,-2.01715,34.0341,lake
MIHAMA,104887-5,private,Shinyanga,Kishapu DC,-3.91918,33.97098,lake
MIHAMA,123418-6,public,Mwanza,Ilemela MC,-2.48166,32.88441,lake
MIHAMBWE,104888-3,public,Mtwara,Tandahimba DC,-10.82111,39.80091,southern
MIHAYO,113204-2,private,Tabora,Tabora MC,-5.006046,32.811717,central
MIHEKELA,123400-4,public,Pwani,Mkuranga DC,-7.24388,39.18103,coastal
MIHEWE,110905-7,public,Lindi,Ruangwa DC,-9.93656,38.86563,southern
MIHIMA,104889-1,public,Lindi,Mtama DC,-10.24441,39.13855,southern
MIHIMA,104890-9,public,Mtwara,Masasi DC,-10.51967,38.67662,southern
MIHO,122985-5,private,Dar Es Salaam,Temeke MC,-6.93111,39.26011,coastal
MIHUGA,104892-5,public,Pwani,Chalinze DC,-6.183907,38.495204,coastal
MIHUGWE,113758-7,public,Pwani,Kisarawe DC,-6.89682,38.65886,coastal
MIHUMO,104893-3,public,Lindi,Liwale DC,-9.94279,37.90943,southern
MIJELEJELE,104894-1,public,Mtwara,Masasi DC,-10.80844,39.01753,southern
MIKALANGA,104895-8,private,Ruvuma,Mbinga DC,-11.14476,34.83812,shighland
MIKANGAULA,122403-9,public,Mtwara,Nanyumbu DC,-10.56322,38.37521,southern
MIKANGAULA,104896-6,public,Mtwara,Nanyumbu DC,-10.848463,38.629271,southern
MIKANJUNI,104897-4,public,Tanga,Tanga CC,-5.09531,39.10649,coastal
MIKESE,104898-2,public,Morogoro,Morogoro DC,-6.77331,37.81995,coastal
MIKINDANI,104899-0,public,Mtwara,Mtwara MC,-10.28095,40.11861,southern
MIKINGUNI,125237-8,public,Tanga,Pangani DC,-5.53146,38.93282,coastal
MIKKO,124196-7,private,Morogoro,Mvomero DC,-6.17271,37.63816,coastal
MIKO,122446-8,private,Pwani,Chalinze DC,-6.371881,38.587383,coastal
MIKOCHENI,104903-0,public,Kilimanjaro,Moshi DC,-3.59359,37.38903,northern
MIKOCHENI,104904-8,public,Arusha,Karatu DC,-3.340042,35.669509,northern
MIKOCHINI,114988-9,public,Morogoro,Mlimba DC,-8.22687,36.45064,coastal
MIKOMA,104905-5,public,Lindi,Kilwa DC,-9.20457,39.6081,southern
MIKONG'WI,109732-8,public,Iringa,Iringa DC,-7.52871,35.85084,shighland
MIKONGENI,111043-6,public,Morogoro,Mvomero DC,-6.90477,37.56881,coastal
MIKONGO,104909-7,public,Njombe,Njombe TC,-9.618149,35.11982,shighland
MIKONI,104910-5,public,Kagera,Bukoba DC,-1.54217,31.5863,lake
MIKONKO,110182-3,public,Kigoma,Kibondo DC,-3.803935,30.45073,central
MIKONKO,104911-3,public,Rukwa,Kalambo DC,-8.32679,31.46399,shighland
Mikoroshini,113878-3,public,Dar Es Salaam,Kinondoni MC,-6.77294,39.26951,coastal
MIKUMBI,104912-1,public,Mtwara,Newala DC,-10.5627,39.175,southern
MIKUMI CVM,108526-5,public,Morogoro,Kilosa DC,-7.44098,36.99871,coastal
Mikumi National Park,104917-0,public,Morogoro,Kilosa DC,-7.34331,37.12363,coastal
MIKUNGANI,104882-6,public,Arusha,Meru DC,-3.56084,36.94349,northern
MIKUNYA,104918-8,public,Lindi,Liwale DC,-9.79631,38.08564,southern
MIKURU HEALTHCARE,110936-2,private,Dar Es Salaam,Ubungo MC,-6.78532,39.05224,coastal
MIKUVA,104920-4,public,Mtwara,Nanyumbu DC,-10.872349,38.728338,southern
Mikwambe,104921-2,public,Dar Es Salaam,Temeke MC,-6.924836,39.340178,coastal
MILADE,113148-1,public,Singida,Mkalama DC,-4.59832,34.58725,central
MILALA,111472-7,public,Katavi,Mpanda MC,-6.31856,31.01592,shighland
MILAMA,104925-3,private,Morogoro,Mvomero DC,-6.36968,37.44599,coastal
MILAMA,111375-2,public,Morogoro,Mvomero DC,-6.371992,37.445471,coastal
MILAMBI,123423-6,public,Simiyu,Busega DC,-2.39328,33.53635,lake
MILAMBO,114963-2,public,Tabora,Urambo DC,-4.75543,32.00191,central
MILAMBO ITOBO,104926-1,public,Tabora,Nzega DC,-4.77786,32.8967,central
MILAMBO MILITARY,104961-8,public,Tabora,Tabora MC,-4.99393,32.79768,central
MILAN & MILLADA,121170-5,private,Mwanza,Nyamagana MC,-2.520527,32.908317,lake
MILANGOMINNE,124564-6,public,Mtwara,Nanyamba TC,-10.72216,39.82154,southern
MILANZI,114904-6,public,Rukwa,Sumbawanga MC,-8.01278,31.59903,shighland
MILENGANILO MEDICAL,121984-9,private,Dar Es Salaam,Temeke MC,-6.96192,39.22488,coastal
Milepa,104927-9,public,Rukwa,Sumbawanga DC,-8.07651,31.9341,shighland
MILINGANO,104928-7,public,Tanga,Bumbuli DC,-4.72056,38.59908,coastal
MILINZI,122412-0,public,Kigoma,Kigoma DC,-4.68716,29.76613,central
MILITARY ARUSHA,114400-5,public,Arusha,Monduli DC,-3.34708,36.45916,northern
MILLENIUM,124195-9,private,Morogoro,Morogoro MC,-6.49262,37.39424,coastal
MILO,108452-4,public,Pwani,Chalinze DC,-6.576416,38.745552,coastal
MILOLA,104933-7,public,Lindi,Lindi MC,-9.95181,39.32593,southern
MILOLA,111191-3,public,Morogoro,Ulanga DC,-8.33296,36.67346,coastal
MILOLA,111499-0,private,Morogoro,Ifakara TC,-8.0841,36.6899,coastal
MILONJI,104935-2,public,Ruvuma,Namtumbo DC,-11.07451,36.13176,shighland
MILPARK,122542-4,private,Shinyanga,Kahama MC,,,lake
Milundikwa,104937-8,public,Rukwa,Nkasi DC,-7.69807,31.35225,shighland
MILUNDIKWA JKT,114534-1,public,Rukwa,Nkasi DC,-7.4127,31.214,shighland
MILUNGU,113192-9,private,Tabora,Tabora MC,-5.016636,32.826256,central
MILYUNGU,104938-6,public,Mwanza,Kwimba DC,-3.20078,33.19583,lake
MIM,124175-1,private,Tabora,Sikonge DC,-6.85143,33.22005,central
MIMA,104939-4,public,Dodoma,Mpwapwa DC,-6.54986,36.12778,central
MIMBILI,114939-2,public,Geita,Nyang'hwale DC,-6.45673,38.21454,lake
MIMINIKO,122566-3,private,Dar Es Salaam,Kinondoni MC,-6.60721,39.15258,coastal
MIMIZ,120547-5,private,Dar Es Salaam,Ubungo MC,,,coastal
MIMIZ,123724-7,private,Dar Es Salaam,Ubungo MC,-6.32203,39.51263,coastal
MIMO,122052-4,private,Dar Es Salaam,Ilala MC,,,coastal
MIMO,125037-2,private,Dar Es Salaam,Ilala MC,-7.02761,39.10761,coastal
MINAKI,104940-2,public,Pwani,Kisarawe DC,-6.90278,39.09259,coastal
MINAZINI,123100-0,private,Dar Es Salaam,Kinondoni MC,,,coastal
Mindola,104941-0,public,Dodoma,Bahi DC,-5.886872,35.53162,central
MINDU,104942-8,public,Ruvuma,Tunduru DC,-10.82527,37.77089,shighland
MINDU,104943-6,private,Tanga,Muheza DC,-5.27828,38.82294,coastal
MINDUKENE,114785-9,public,Pwani,Chalinze DC,-6.46695,38.42121,coastal
MINDUTULIENI,124271-8,public,Pwani,Chalinze DC,-6.43861,38.30699,coastal
MINE,123617-3,public,Mara,Bunda TC,-1.99182,33.79235,lake
MINELY,122466-6,private,Geita,Geita DC,-3.006813,31.926497,lake
MINEPA,120538-4,public,Morogoro,Ulanga DC,-8.276473,36.682186,coastal
Mineral Resources Institute,112395-9,public,Dodoma,Dodoma CC,-6.121563,35.745738,central
MING'ENYI,120880-0,public,Manyara,Hanang DC,-4.36941,35.06862,northern
MINGELA,104944-4,public,Singida,Iramba DC,-4.187945,34.239101,central
MINGOYO,104945-1,public,Lindi,Lindi MC,-10.09718,39.62481,southern
MINGUMBI,104946-9,public,Lindi,Kilwa DC,-8.52186,39.1745,southern
MININGA,124903-6,private,Geita,Mbogwe DC,-3.64549,32.16787,lake
MINJINGU,104948-5,public,Manyara,Babati DC,-3.70156,35.92848,northern
MINT,123497-0,private,Dar Es Salaam,Kinondoni MC,-6.74215,39.23781,coastal
MINYALA,111596-3,public,Kilimanjaro,Same DC,-4.414069,37.954221,northern
MINYANDA,104949-3,public,Simiyu,Meatu DC,-3.46549,34.14326,lake
MINYEMBE,104950-1,public,Mtwara,Mtwara DC,-10.42227,40.18576,southern
MINYINYA,104951-9,public,Kigoma,Kibondo DC,-3.54475,30.66137,central
MINYUGHE,104952-7,public,Singida,Ikungi DC,-4.97357,34.53825,central
MINZIRO,104953-5,public,Kagera,Missenyi DC,-1.03923,31.54313,lake
Miombo,104954-3,public,Rukwa,Nkasi DC,-7.471952,31.187352,shighland
MIONO,104955-0,public,Pwani,Chalinze DC,-6.119612,38.411747,coastal
MIPA,104956-8,public,Shinyanga,Kishapu DC,-3.40407,33.47038,lake
MIPA RC,104958-4,private,Shinyanga,Kishapu DC,-3.39355,33.47664,lake
MIPINGO,104959-2,public,Lindi,Lindi MC,-9.629802,39.415926,southern
MIRACOLO,111663-1,private,Dar Es Salaam,Ilala MC,-6.84605,39.67452,coastal
MIRAVIL,123727-0,private,Mwanza,Ilemela MC,-2.33087,32.65432,lake
Mirembe National Mental Health Hospital (MNMH),104962-6,public,Dodoma,Dodoma CC,-6.18005,35.7288,central
MIRERANI UHC,104963-4,public,Manyara,Simanjiro DC,-3.57483,36.97611,northern
MIRIRINYI,104964-2,public,Arusha,Meru DC,-3.21314,36.91456,northern
MIRONGOINE,109813-6,private,Arusha,Arusha DC,-3.60759,36.66324,northern
MIRONGOINE GVT,124258-5,public,Arusha,Arusha DC,-3.60775,36.66359,northern
Mirui,104966-7,public,Lindi,Liwale DC,-9.77974,38.56085,southern
MIRUMBA,104936-0,public,Katavi,Mpimbwe DC,-7.09772,31.073,shighland
MIRWA,104968-3,public,Mara,Butiama DC,-1.76963,34.14423,lake
MISALAI,104970-9,public,Tanga,Muheza DC,-5.02298,38.63646,coastal
MISAMBO,123420-2,public,Mwanza,Magu DC,-2.60906,33.19398,lake
MISECHELA,104972-5,public,Ruvuma,Tunduru DC,-11.17102,37.69028,shighland
MISEKE,104973-3,public,Mara,Serengeti DC,-1.910252,34.691947,lake
MISENGERE,114161-3,public,Morogoro,Mvomero DC,-7.18392,37.39899,coastal
MISHA,121769-4,public,Tabora,Tabora MC,-4.90857,32.76628,central
MISHAMO,104974-1,public,Katavi,Tanganyika DC,-5.6141,30.48113,shighland
MISHEPO,104975-8,public,Shinyanga,Shinyanga DC,-3.67801,33.22305,lake
Mishi,121868-4,private,Tanga,Pangani DC,-5.56406,38.91001,coastal
MISIGARO,112129-2,private,Mwanza,Nyamagana MC,-2.631836,32.943979,lake
MISIGIRI,104976-6,public,Singida,Iramba DC,-4.39198,34.3434,central
MISIGIYO,104977-4,public,Arusha,Ngorongoro DC,-3.20856,35.36331,northern
MISIMA,104978-2,public,Tanga,Handeni TC,-5.3311,38.11189,coastal
MISINKO,104979-0,public,Singida,Singida DC,-4.63856,34.75588,central
MISISI,121363-6,public,Mara,Bunda TC,-1.99311,33.92095,lake
MISITU,104981-6,public,Iringa,Mafinga TC,-8.412455,35.215367,shighland
MISONGENI,111403-2,public,Morogoro,Morogoro MC,-6.7978,37.7439,coastal
MISOZWE,104983-2,public,Tanga,Muheza DC,-5.0634,38.77895,coastal
MISSANGA,113121-8,private,Singida,Singida MC,-4.82755,34.75079,central
MISSENYI,121780-1,public,Kagera,Missenyi DC,-1.1632,31.2939,lake
Missenyi DC,124681-8,public,Kagera,Missenyi DC,,,lake
MISSENYI INVESTMENT,121616-7,private,Dar Es Salaam,Ubungo MC,,,coastal
MISSION,121128-3,private,Mwanza,Nyamagana MC,-2.51972,32.90759,lake
MISSION MBAGALA,104984-0,private,Dar Es Salaam,Temeke MC,-6.90506,39.27142,coastal
MISSIWA,115307-1,public,Njombe,Makete DC,-9.35782,34.02275,shighland
MISUFINI,110443-9,public,Mtwara,Nanyamba TC,-10.61268,40.03207,southern
MISUFINI,115002-8,public,Tanga,Kilindi DC,-5.66114,37.53677,coastal
MISUFINI,120689-5,public,Pwani,Kibaha DC,-6.86228,38.81515,coastal
MISUFINI,120810-7,public,Ruvuma,Namtumbo DC,-10.36351,36.23601,shighland
MISUGHAA,104988-1,public,Singida,Ikungi DC,-5.05484,35.02558,central
MISUGUSUGU,108453-2,public,Pwani,Kibaha TC,-6.72912,38.8389,coastal
MISUNA,121467-5,public,Singida,Iramba DC,-4.65781,34.43215,central
Misungwi DC,124765-9,public,Mwanza,Misungwi DC,,,lake
MISWAKI,104991-5,public,Tabora,Uyui DC,-4.817039,33.749645,central
MISWAKI,104992-3,public,Simiyu,Bariadi DC,-2.57921,33.80434,lake
MISWE,104993-1,public,Pwani,Kibaha TC,-6.60985,38.7986,coastal
MISYAJE,104994-9,public,Ruvuma,Tunduru DC,-11.24888,36.88445,shighland
MITANGA,110450-4,public,Ruvuma,Mbinga DC,-11.111849,34.902359,shighland
MITAWA,104995-6,public,Ruvuma,Mbinga DC,-11.13266,34.90985,shighland
MITEJA,104996-4,public,Lindi,Kilwa DC,-8.59549,39.2567,southern
MITESA,104997-2,public,Mtwara,Masasi DC,-10.8939,39.1636,southern
MITEZA,123399-8,public,Pwani,Mkuranga DC,-7.36308,39.15682,coastal
MITI MIREFU,110862-0,private,Shinyanga,Shinyanga MC,-3.67022,33.42049,lake
MITIMIREFU,122407-0,public,Kilimanjaro,Siha DC,-3.18116,37.06296,northern
MITINDO,104990-7,public,Mwanza,Misungwi DC,-2.84748,33.09533,lake
Mititi,104998-0,public,Rukwa,Sumbawanga DC,-8.72219,31.9629,shighland
MITOBO,104999-8,public,Simiyu,Itilima DC,-2.90257,34.12763,lake
MITOLE,105000-4,public,Lindi,Kilwa DC,-8.78197,39.0258,southern
MITOMONI,105001-2,public,Ruvuma,Nyasa DC,-11.54768,35.43264,shighland
MITOWO,105002-0,public,Tabora,Sikonge DC,-5.49435,32.62087,central
MITUMBATI,124312-0,public,Mtwara,Tandahimba DC,-10.85693,39.59281,southern
MITUNDU,105004-6,public,Singida,Itigi DC,-6.00864,34.06655,central
MITUNDU RC MISION,105005-3,private,Singida,Itigi DC,-6.01696,34.05527,central
MITWERO,105006-1,public,Lindi,Lindi MC,-9.91767,39.72551,southern
MITWIGU,105008-7,public,Tabora,Sikonge DC,-5.73482,32.70214,central
MIUMBU,105009-5,public,Lindi,Kilwa DC,-8.30664,39.19473,southern
MIUMBUTI,114896-4,public,Lindi,Nachingwea DC,-10.13482,38.64144,southern
MIUTA,113916-1,public,Mtwara,Tandahimba DC,-10.74035,39.77846,southern
MIVA,105010-3,public,Njombe,Njombe TC,-9.647022,34.790428,shighland
MIVANGA,105011-1,public,Mtwara,Tandahimba DC,-10.6795,39.6425,southern
MIVUMONI,123637-1,private,Dar Es Salaam,Kinondoni MC,-6.69831,39.14944,coastal
MIWAGA,111316-6,public,Pwani,Kibiti DC,-7.7447,38.86109,coastal
MIWALENI,110767-1,private,Kilimanjaro,Moshi DC,-3.43162,37.44136,northern
MIWALENI,120690-3,public,Pwani,Kibaha TC,-6.730995,38.772099,coastal
MIWALENI.,121310-7,private,Kilimanjaro,Moshi DC,,,northern
MIWANGANI,113568-0,public,Morogoro,Mlimba DC,-8.1474,36.50563,coastal
MIYENZE,105015-2,public,Tabora,Uyui DC,-5.14541,33.49712,central
MIYENZE,109727-8,public,Geita,Bukombe DC,-3.36671,31.93462,lake
MIZANZA,105019-4,public,Tabora,Igunga DC,-4.542843,33.5402,central
MIZENGO PINDA  SECONDARY SCHOOL,124961-4,public,Katavi,Mpimbwe DC,-7.10803,31.15615,shighland
MIZENGO PINDA CAMPUS,120560-8,private,Katavi,Mpimbwe DC,-7.09977,31.16475,shighland
MJ,112567-3,private,Mara,Tarime TC,-1.34317,34.37727,lake
MJ,122722-2,private,Dodoma,Dodoma CC,-6.15827,35.89573,central
MJ MEDICAL LABORATORY,121050-9,private,Dar Es Salaam,Ilala MC,-6.80391,39.15983,coastal
MJ MEDICAL LABORATORY  - UBUNGO,121051-7,private,Dar Es Salaam,Ubungo MC,,,coastal
MJ MEDICS,121725-6,private,Mwanza,Magu DC,-2.5556195,33.0341877,lake
MJAH,124408-6,private,Mwanza,Ilemela MC,-2.52382,32.96866,lake
MJAWA,121502-9,public,Pwani,Kibiti DC,-7.54371,39.14263,coastal
MJAWA,123959-9,private,Pwani,Kibiti DC,-7.56612,39.14106,coastal
MJAWA KIJIJINI,113891-6,public,Pwani,Kibiti DC,-7.56034,39.13586,coastal
MJELE,105023-6,public,Mbeya,Mbeya DC,-8.718833,33.116543,shighland
MJESANI,105024-4,public,Tanga,Mkinga DC,-5.02812,38.88301,coastal
MJI,123013-5,private,Mbeya,Mbeya DC,-8.93662,33.34968,shighland
MJI MKUU,123370-9,public,Morogoro,Morogoro MC,-6.80229,37.69199,coastal
MJI MPYA,105027-7,public,Kilimanjaro,Moshi MC,-3.35768,37.35897,northern
MJI MPYA,105025-1,public,Morogoro,Morogoro MC,-6.81886,37.6675,coastal
MJI MWEMA.,113763-7,private,Arusha,Meru DC,-3.37478,36.84988,northern
MJIMWEMA,105029-3,public,Dar Es Salaam,Kigamboni MC,-6.85759,39.3538,coastal
MJIMWEMA,105028-5,public,Ruvuma,Songea MC,-10.66459,35.62539,shighland
MJIMWEMA HEALTH,121609-2,private,Dar Es Salaam,Ubungo MC,,,coastal
MJNUAT OSWALD MANG'OMBE CUMPUS,123965-6,public,Mara,Butiama DC,-1.67875,33.96235,lake
MJOHORONI,112272-0,private,Kilimanjaro,Moshi DC,,,northern
MJOLI MEDICAL,125104-0,private,Dar Es Salaam,Temeke MC,-6.88307,39.26789,coastal
MJUGHUDA,105032-7,public,Singida,Singida DC,-4.56715,34.98305,central
MJUNIS,121319-8,private,Kagera,Kyerwa DC,-1.33494,30.71228,lake
MK LEGACY MEDICAL,122026-8,private,Dar Es Salaam,Temeke MC,-6.92331,39.27502,coastal
MKAALIE,123403-8,public,Tanga,Bumbuli DC,-6.36902,34.88888,coastal
MKABOGO,105034-3,public,Kigoma,Kigoma DC,-4.671123,29.766724,central
MKAHAKI,125078-6,private,Geita,Geita TC,-2.89982,32.21814,lake
MKAHARA,122524-2,public,Mtwara,Nanyamba TC,-6.16118,35.74542,southern
MKAKATIKA,120408-0,public,Dodoma,Bahi DC,-5.93684,35.32307,central
MKAKO,105036-8,public,Ruvuma,Mbinga DC,-10.74962,35.14709,shighland
MKALALA,111452-9,public,Iringa,Mufindi DC,-8.61266,35.2168,shighland
MKALAMA,105037-6,public,Kilimanjaro,Hai DC,-3.46737,37.2612,northern
MKALAMA,113972-4,public,Singida,Mkalama DC,,,central
Mkalama DC,124819-4,public,Singida,Mkalama DC,,,central
MKALAMO,105039-2,public,Tanga,Korogwe DC,-4.986436001,38.114386001,coastal
MKALAMO,105040-0,public,Tanga,Pangani DC,-5.80368,38.66722,coastal
MKALAMO,105041-8,public,Tanga,Handeni DC,-5.808,38.65889,coastal
MKALE,105042-6,private,Rukwa,Sumbawanga DC,-7.80517,31.77368,shighland
MKALI,105043-4,public,Ruvuma,Nyasa DC,-11.1324,34.68956,shighland
mkama,122159-7,private,Tabora,Tabora MC,-5.0112467,32.827965,central
MKAMBA,105047-5,public,Pwani,Mkuranga DC,-7.39424,38.9757,coastal
MKAMBA,105046-7,public,Dar Es Salaam,Kigamboni MC,-7.032257,39.440514,coastal
Mkamba,105044-2,public,Rukwa,Sumbawanga DC,-7.787476,31.684346,shighland
MKAMBA,105045-9,public,Morogoro,Ifakara TC,-7.68555,36.96189,coastal
MKAMBARANI,105048-3,public,Morogoro,Morogoro DC,-6.773396,37.819958,coastal
MKAMI,122044-1,private,Lindi,Mtama DC,-10.30117,39.37229,southern
MKANANA,105050-9,public,Dodoma,Mpwapwa DC,-6.49736,36.20498,central
MKANDAMI,111721-7,public,Mbeya,Mbarali DC,-8.74442,33.90862,shighland
MKANGA I,120864-4,public,Lindi,Lindi MC,-9.94203,39.53968,southern
MKANGA II,105051-7,public,Lindi,Mtama DC,-10.21579,39.35371,southern
MKANGAWALO,105052-5,public,Morogoro,Mlimba DC,-8.36586,36.07772,coastal
MKANGE,105053-3,public,Pwani,Chalinze DC,-6.07292,38.561945,coastal
MKANOGE,112061-7,public,Pwani,Mkuranga DC,-7.48691,39.01517,coastal
MKANYAGENI,105056-6,public,Tanga,Muheza DC,-5.14057,38.86968,coastal
MKANYENI B,121829-6,public,Kilimanjaro,Same DC,-4.20413,37.53623,northern
MKAPA,105057-4,public,Ruvuma,Tunduru DC,-10.69309,37.05777,shighland
MKAPA GIRLS,124510-9,public,Mtwara,Nanyumbu DC,-10.95433,38.37653,southern
MKAPUNDA,121512-8,public,Ruvuma,Tunduru DC,-11.55908,36.91671,shighland
MKARANGA,111748-0,public,Iringa,Kilolo DC,-7.89058,36.14269,shighland
MKARANGA,124484-7,public,Lindi,Ruangwa DC,-9.77981,39.02933,southern
MKARANGO,105058-2,public,Lindi,Kilwa DC,-8.58333,38.9667,southern
MKASALE,105059-0,public,Ruvuma,Tunduru DC,-11.13902,37.52501,shighland
MKATA KIJIJINI,105061-6,public,Morogoro,Mvomero DC,-6.96605,37.2165,coastal
Mkekena,111160-8,public,Dodoma,Kondoa DC,-4.5265,35.84443,central
MKELLO HEALTH LABORATORY,121132-5,private,Dar Es Salaam,Ilala MC,,,coastal
MKENDA,105064-0,public,Pwani,Kibiti DC,-7.566698,39.200327,coastal
MKENGE,105065-7,public,Pwani,Bagamoyo DC,-6.46415,38.5798,coastal
MKENGE,105066-5,public,Singida,Singida DC,-4.5792,34.89495,central
MKIGO,105067-3,public,Kigoma,Kigoma DC,-4.503538,29.7553,central
MKILI,105068-1,public,Ruvuma,Nyasa DC,-10.88523,34.68186,shighland
MKILYA,114445-0,private,Tabora,Uyui DC,-5.32771,33.15491,central
Mkima,110052-8,public,Rukwa,Sumbawanga DC,-8.312556,31.825285,shighland
MKIMBIZI,120754-7,public,Iringa,Iringa MC,-7.73847,35.71055,shighland
MKINDI,105071-5,public,Tanga,Kilindi DC,-5.36612,37.86737,coastal
MKINDO,105072-3,public,Morogoro,Mvomero DC,-6.24079,37.5572,coastal
Mkinga,105073-1,public,Rukwa,Nkasi DC,-7.488886,30.593695,shighland
Mkinga DC,124845-9,public,Tanga,Mkinga DC,,,coastal
MKINGA DISTRICT,120357-9,public,Tanga,Mkinga DC,,,coastal
MKINGA LEO,105075-6,public,Tanga,Mkinga DC,-4.84629,39.0861,coastal
MKIRIRA,121124-2,public,Mara,Musoma DC,-1.55425,33.77854,lake
MKIU,105077-2,public,Pwani,Mkuranga DC,-7.457331,39.12451,coastal
MKIU,105078-0,public,Njombe,Ludewa DC,-9.76248,34.61606,shighland
MKIWA,105079-8,private,Singida,Ikungi DC,-5.54893,34.66253,central
MKIZA,107030-9,private,Dar Es Salaam,Temeke MC,-6.91456,39.27097,coastal
MKOBWE,105081-4,public,Morogoro,Gairo DC,-6.41041,36.92204,coastal
MKOGA,120752-1,public,Iringa,Iringa MC,-7.78029,35.61433,shighland
MKOHA,105082-2,public,Ruvuma,Mbinga DC,-10.968447,34.723333,shighland
MKOKA,105083-0,public,Lindi,Nachingwea DC,-10.158,38.806,southern
MKOKA RHC,105084-8,public,Dodoma,Kongwa DC,-5.81205,36.435472,central
MKOKO,105085-5,public,Pwani,Chalinze DC,-6.25557,38.49112,coastal
MKOLA,105087-1,public,Mbeya,Chunya DC,-8.381882,33.174382,shighland
MKOLA,105086-3,public,Mtwara,Tandahimba DC,-10.5459,39.4295,southern
MKOLANI,120817-2,public,Geita,Chato DC,-2.3912567,31.6704483,lake
MKOLANI,122785-9,public,Geita,Geita TC,-2.92645,32.24723,lake
MKOLANI,113344-6,private,Mwanza,Nyamagana MC,-2.602409,32.931971,lake
MKOLANI,108897-0,private,Mwanza,Nyamagana MC,-2.60182,32.93682,lake
MKOLANI PUBLIC,105088-9,public,Mwanza,Nyamagana MC,-2.59685,32.93147,lake
Mkole,105089-7,public,Rukwa,Nkasi DC,-7.38773,31.05096,shighland
MKOLOWONY,105090-5,public,Kilimanjaro,Moshi DC,-3.30901,37.5488,northern
MKOLYE,123925-0,public,Tabora,Sikonge DC,-5.61882,32.75059,central
MKOMA II,105091-3,public,Mtwara,Newala DC,-10.44081,39.27691,southern
MKOMA L,105092-1,public,Mtwara,Newala TC,-10.8167,39.1924,southern
MKOMAZI,105094-7,public,Tanga,Korogwe DC,-4.644376,38.078238,coastal
MKOMBA,105095-4,public,Songwe,Momba DC,-8.501136,32.566147,shighland
MKOMBO,105096-2,public,Rukwa,Kalambo DC,-8.86068,32.04548,shighland
MKOMBOZ,122049-0,private,Dar Es Salaam,Kinondoni MC,-6.73066,39.20916,coastal
MKOMBOZ,124118-1,private,Mbeya,Mbeya CC,-8.54191,33.27471,shighland
MKOMBOZI,122734-7,private,Kilimanjaro,Mwanga DC,-3.660569,37.582895,northern
MKOMBOZI,113114-3,private,Singida,Singida MC,-4.81744,34.74596,central
MKOMBOZI,113025-1,private,Kigoma,Kigoma Ujiji MC,-4.88131,29.64529,central
MKOMBOZI,112695-2,private,Morogoro,Ulanga DC,-8.91708,36.82428,coastal
MKOMBOZI,111572-4,private,Morogoro,Kilosa DC,-6.8212,36.99928,coastal
MKOMBOZI,122343-7,private,Arusha,Arusha CC,-3.41733,36.69166,northern
MKOMBOZI HEALTH,122756-0,private,Shinyanga,Msalala DC,,,lake
MKOMBOZI HEALTH,123474-9,private,Shinyanga,Kahama MC,-3.8329298,32.596923,lake
MKOMBOZI JOSEPH,122924-4,private,Simiyu,Bariadi DC,-2.64772,34.16134,lake
MKOMO,123203-2,public,Mtwara,Nanyamba TC,-6.77601,39.17832,southern
Mkondai,105100-2,public,Dodoma,Bahi DC,-5.844327,35.762479,central
MKONDOGWA,121805-6,public,Dar Es Salaam,Temeke MC,-6.93367,39.22881,coastal
MKONGE,105101-0,public,Iringa,Mufindi DC,-8.55135,35.4149,shighland
MKONGI,110370-4,public,Mtwara,Newala DC,-10.512892,39.231563,southern
MKONGO,105102-8,public,Pwani,Rufiji DC,-7.886657,38.748805,coastal
MKONGO,105103-6,public,Ruvuma,Namtumbo DC,-10.6975,36.0455,shighland
MKONGOBAKI,105104-4,public,Njombe,Ludewa DC,-9.86173,34.73871,shighland
MKONGONAKAWALE,105105-1,private,Ruvuma,Namtumbo DC,,,shighland
MKONGORO,105106-9,public,Kigoma,Kigoma DC,-4.6901,29.7141,central
MKONGOTEMA,105107-7,private,Ruvuma,Madaba DC,-9.90626,35.4615,shighland
MKONJOWANO,105108-5,public,Mtwara,Tandahimba DC,-10.58834,39.52784,southern
MKONKO,124363-3,public,Songwe,Momba DC,-8.38909,32.33361,shighland
MKONONA,105111-9,public,Mtwara,Nanyumbu DC,-11.139622,38.57567,southern
MKONOO,105112-7,public,Arusha,Arusha CC,-3.46341,36.69805,northern
MKOREHA,105114-3,public,Mtwara,Tandahimba DC,-10.84845,39.7315,southern
MKOTOKUYANA,105115-0,public,Lindi,Nachingwea DC,-10.3977,38.89866,southern
MKOWE,105116-8,public,Rukwa,Kalambo DC,-8.25206,31.3586,shighland
MKOWELA,105117-6,public,Ruvuma,Tunduru DC,-10.92058,37.94592,shighland
MKOYA,105118-4,public,Morogoro,Morogoro MC,-6.88415,37.64493,coastal
MKOYAGE,112082-3,private,Lindi,Liwale DC,-9.80579,37.93432,southern
Mkoyo,105119-2,public,Dodoma,Dodoma CC,-5.92968,36.0425,central
MKUDE,113162-2,private,Shinyanga,Shinyanga MC,-3.66982,33.42317,lake
MKUDUMBA,123887-2,public,Mtwara,Newala DC,-10.63946,39.10241,southern
MKUKA,105122-6,public,Ruvuma,Mbinga DC,-11.051176,34.757778,shighland
MKULA,120813-1,public,Simiyu,Busega DC,-2.31568,33.87982,lake
Mkula,105123-4,private,Simiyu,Busega DC,-2.33488,33.8758,lake
MKULAZI HOLDING,120477-5,public,Morogoro,Kilosa DC,-6.46561,37.473217,coastal
MKULAZI KKKT,105124-2,private,Morogoro,Morogoro DC,-7.13467,38.2105,coastal
MKULIMA,105125-9,private,Geita,Chato DC,-2.64086,31.76466,lake
MKULULA,105126-7,public,Iringa,Iringa DC,-7.288321,36.0209,shighland
MKULULU,105127-5,public,Mtwara,Masasi DC,-10.79555,39.10167,southern
MKULUNG'ULU,112474-2,public,Mtwara,Newala TC,-10.49919,39.18782,southern
MKULWE,109212-1,private,Songwe,Momba DC,-8.584097,32.31643,shighland
MKULWE GOVT,122252-0,public,Songwe,Momba DC,-8.53731,32.31757,shighland
MKUMBARA,112450-2,public,Tanga,Korogwe DC,-4.75479,38.16343,coastal
MKUMBARU,105130-9,public,Mtwara,Nanyumbu DC,-10.78213,38.257279,southern
MKUMBI,105131-7,public,Ruvuma,Mbinga DC,-10.89457,34.89092,shighland
MKUMBI,122778-4,public,Ruvuma,Mbinga DC,-10.88695,34.88148,shighland
MKUMBULULU,105133-3,public,Mtwara,Masasi DC,-11.0207,39.1227,southern
Mkunda,105134-1,public,Rukwa,Sumbawanga DC,-8.21731,31.6834,shighland
MKUNDA  MEDICAL,123279-2,private,Mtwara,Mtwara DC,-10.30324,39.87265,southern
MKUNDI,114132-4,public,Morogoro,Kilosa DC,-6.35387,37.33746,coastal
MKUNDI,120565-7,public,Lindi,Liwale DC,-9.7026,37.77338,southern
MKUNDI AMANI,105135-8,public,Mtwara,Masasi DC,-10.76921,39.09895,southern
MKUNDI YA MTAE,105137-4,public,Tanga,Lushoto DC,-4.45959,38.19352,coastal
MKUNG'HULU,114135-7,public,Morogoro,Kilosa DC,-6.77144,36.65034,coastal
MKUNGA,122084-7,private,Lindi,Kilwa DC,-8.50228,39.25951,southern
MKUNGO,105138-2,public,Geita,Chato DC,-2.84516,31.73733,lake
MKUNGUGU,105139-0,public,Iringa,Iringa DC,-7.63966,35.77165,shighland
MKUNGUNI,112516-0,private,Dar Es Salaam,Ubungo MC,-6.796379,39.230893,coastal
MKUNKI,112368-6,public,Tanga,Lushoto DC,-4.63886,38.18916,coastal
MKUNKWA,108725-3,public,Kagera,Biharamulo DC,-3.26183,31.51445,lake
MKUNWA,123089-5,public,Mtwara,Mtwara DC,-10.59059,39.81987,southern
MKUNWA,106551-5,public,Mtwara,Mtwara DC,-10.344645,40.086104,southern
MKUNYA,110412-4,public,Mtwara,Newala TC,-10.983544,39.382889,southern
MKUPAMA,123459-0,public,Lindi,Lindi MC,-9.99591,39.71383,southern
MKUPUKA,105142-4,public,Pwani,Kibiti DC,-7.8402,38.9518,coastal
MKURANGA,105143-2,public,Pwani,Mkuranga DC,-7.13164,39.21273,coastal
Mkuranga DC,124784-0,public,Pwani,Mkuranga DC,,,coastal
MKURUMUSI,105145-7,public,Ruvuma,Mbinga DC,-10.70487,35.05829,shighland
Mkusi,105146-5,public,Rukwa,Sumbawanga DC,-8.186209,31.74074,shighland
MKUTANI,105147-3,public,Dodoma,Kongwa DC,-5.92336,36.30759,central
MKUTANO,105148-1,public,Songwe,Momba DC,-8.706625,32.169916,shighland
Mkutano,105150-7,public,Lindi,Liwale DC,-9.41444,38.06251,southern
MKUTI,105151-5,public,Mtwara,Masasi TC,-10.7208,38.8174,southern
MKUTIMANGO,105152-3,public,Mtwara,Mtwara DC,-10.490075,39.840513,southern
MKUTINGOME,112358-7,public,Lindi,Ruangwa DC,-10.00764,38.99739,southern
MKUTU,124152-0,private,Tabora,Urambo DC,-5.09074,32.31458,central
MKUU,105153-1,public,Kilimanjaro,Mwanga DC,-3.681593,37.627673,northern
MKUU ROMAN CATHOLIC,105155-6,private,Kilimanjaro,Rombo DC,-3.2009,37.60197,northern
MKUYU,105156-4,public,Tanga,Kilindi DC,-5.41008,37.8552,coastal
MKUYUNI,114818-8,public,Mwanza,Nyamagana MC,-2.55789,32.91497,lake
MKUYUNI,114995-4,public,Morogoro,Mlimba DC,-8.77297,35.96679,coastal
MKUYUNI,120778-6,public,Tabora,Kaliua DC,-5.06147,31.37778,central
MKUYUNI,120873-5,public,Mbeya,Mbeya DC,-8.91924,33.68647,shighland
MKUYUNI,110708-5,public,Morogoro,Morogoro DC,-6.95078,37.81077,coastal
MKUZA,114718-0,public,Pwani,Kibaha TC,-6.7716,38.92836,coastal
MKUZA MAGEREZA,103948-6,public,Pwani,Kibaha TC,-6.76797,38.9504,coastal
MKUZI,105158-0,public,Tanga,Muheza DC,-5.24093,38.8287,coastal
MKUZO,121141-6,private,Ruvuma,Songea MC,-10.64,35.628,shighland
MKWAJA,105159-8,public,Tanga,Pangani DC,-5.78684,38.85254,coastal
MKWAJUNI,110509-7,public,Mtwara,Mtwara DC,-10.348507,40.016983,southern
MKWAJUNI,122390-8,public,Lindi,Lindi MC,-9.63807,39.50471,southern
MKWANGULWA,105161-4,public,Shinyanga,Ushetu DC,-4.23903,32.28795,lake
MKWAWA,109683-3,public,Iringa,Iringa MC,-7.757651,35.689431,shighland
MKWAYA,105165-5,public,Ruvuma,Mbinga TC,-10.94392,35.08647,shighland
MKWAYA,122389-0,public,Lindi,Lindi MC,-10.12543,39.64743,southern
MKWEDU,105166-3,public,Mtwara,Newala DC,-10.85622,39.35012,southern
MKWEDU,110360-5,public,Mtwara,Newala DC,-10.81544,39.33569,southern
MKWEDU,105167-1,public,Mtwara,Tandahimba DC,-10.67215,39.50719,southern
MKWESE,105168-9,public,Singida,Manyoni DC,-5.63984,34.8079,central
MKWITI,105170-5,public,Mtwara,Tandahimba DC,-10.39771,39.38062,southern
MKYEKU,105172-1,private,Rukwa,Sumbawanga MC,-7.9644,31.6127,shighland
ML MEDICAL,122987-1,private,Dar Es Salaam,Kigamboni MC,-6.89438,39.35644,coastal
MLAFU,111745-6,public,Iringa,Kilolo DC,-7.77227,36.13816,shighland
MLALAKUWA,108706-3,public,Dar Es Salaam,Kinondoni MC,-6.76655,39.22292,coastal
MLALAKUWA JKT,105229-9,public,Dar Es Salaam,Kinondoni MC,-6.7456,39.238579,coastal
MLALE,105175-4,public,Songwe,Ileje DC,-9.344737,33.144095,shighland
MLALI,105177-0,public,Dodoma,Kongwa DC,-6.299994,36.750604,central
MLALI,105178-8,public,Morogoro,Mvomero DC,-6.956167,37.538226,coastal
MLALI MISSION,111045-1,private,Morogoro,Mvomero DC,-6.964515,37.545567,coastal
MLALI WALEMAVU,105179-6,private,Dodoma,Kongwa DC,-6.30621,36.757281,central
MLALO,105182-0,public,Tanga,Korogwe DC,-5.057591,38.431768,coastal
MLALO,105183-8,public,Tanga,Lushoto DC,-4.58165,38.34797,coastal
Mlambo,105184-6,public,Rukwa,Nkasi DC,-8.23496,31.07289,shighland
MLAMI,114517-6,private,Dar Es Salaam,Ubungo MC,-6.80397,39.23683,coastal
MLAMLENI,105185-3,public,Pwani,Mkuranga DC,-6.98504,39.24813,coastal
MLANDA,105186-1,public,Rukwa,Sumbawanga MC,-8.053819,31.59555,shighland
MLANDALA,122578-8,public,Singida,Ikungi DC,-4.04044,34.08198,central
MLANDALA,105187-9,public,Singida,Iramba DC,-4.70774,34.12656,central
MLANDIZI,124056-3,public,Morogoro,Mvomero DC,-6.56957,37.24298,coastal
MLANDIZI,121265-3,private,Pwani,Kibaha DC,-6.72042,38.74465,coastal
MLANGA,122015-1,private,Shinyanga,Shinyanga MC,-3.65072,33.41901,lake
MLANGALE,124401-1,public,Tabora,Urambo DC,-4.90034,32.19846,central
MLANGALI,102013-0,public,Njombe,Ludewa DC,-9.77687,34.51833,shighland
MLANGALI,113063-2,private,Njombe,Ludewa DC,,,shighland
MLANGALI,105190-3,public,Songwe,Mbozi DC,-9.09479,33.05814,shighland
MLANGARINI,105192-9,public,Arusha,Arusha DC,-3.44595,36.78874,northern
MLANGE,105193-7,public,Geita,Mbogwe DC,-3.46912,32.25471,lake
MLANJE,105195-2,public,Dodoma,Kongwa DC,-5.78158,36.46251,central
MLANZI,105196-0,public,Pwani,Kibiti DC,-7.69402,39.1086,coastal
Mlebe,105197-8,public,Dodoma,Chamwino DC,-6.225363,36.068599,central
MLEKWA,123485-5,private,Dar Es Salaam,Ilala MC,-6.58202,39.29736,coastal
MLELA,110847-1,public,Kigoma,Uvinza DC,-4.91807,29.85859,central
Mlele DC,124685-9,public,Katavi,Mlele DC,,,shighland
MLEMBWE,105201-8,public,Lindi,Liwale DC,-9.6795,37.59678,southern
MLENDA,121832-0,private,Shinyanga,Kahama MC,,,lake
MLENI,122416-1,public,Tanga,Tanga CC,-5.02585,39.02038,coastal
MLESA,111479-2,public,Tanga,Lushoto DC,-4.58298,33.04905,coastal
MLETE,111200-2,public,Ruvuma,Songea MC,-10.57996,35.72881,shighland
MLETELE,105203-4,public,Ruvuma,Songea MC,-10.63508,35.69868,shighland
MLEVELA,105204-2,public,Njombe,Wanging'ombe DC,-9.208186,34.703918,shighland
MLILAYOYO,105205-9,public,Ruvuma,Namtumbo DC,-10.43877,35.79272,shighland
MLILINGWA,105206-7,public,Morogoro,Morogoro DC,-6.90434,38.02857,coastal
MLIMA KIPALA,111469-3,public,Katavi,Mpanda MC,-6.48218,30.87681,shighland
MLIMANI,108956-4,public,Mara,Serengeti DC,-1.975314,34.461382,lake
MLIMANI,122372-6,public,Geita,Chato DC,-2.63299,31.74501,lake
MLIMANI,122831-1,public,Arusha,Monduli DC,-3.29321,36.44669,northern
MLIMANI CITY,110771-3,private,Dar Es Salaam,Ubungo MC,-6.77738,39.21893,coastal
MLIMANI CITY,125053-9,private,Tabora,Tabora MC,-5.05795,32.79193,central
MLIMANJIWA,120545-9,public,Mbeya,Chunya DC,-8.61878,33.37547,shighland
Mlimba DC,124743-6,public,Morogoro,Mlimba DC,,,coastal
MLIMBA DH,114643-0,public,Morogoro,Mlimba DC,-8.35033,36.07214,coastal
Mlimwa,105208-3,public,Dodoma,Chamwino DC,-5.956445,36.234504,central
MLINGANO,109713-8,public,Tanga,Muheza DC,-5.12411,38.86301,coastal
MLINGOTINI,105209-1,public,Pwani,Bagamoyo DC,-6.479646,38.997622,coastal
Mloda,105210-9,public,Dodoma,Chamwino DC,-6.56402,35.86791,central
MLOGOLO,113383-4,public,Katavi,Mlele DC,-6.84612,32.13016,shighland
MLOKA,114727-1,public,Pwani,Rufiji DC,-7.77654,38.25313,coastal
MLOLA,105211-7,public,Tanga,Lushoto DC,-4.63402,38.4268,coastal
MLONDWE,105212-5,public,Njombe,Makete DC,-8.998104,34.028168,shighland
MLONGIA,123374-1,public,Dodoma,Chemba DC,-5.01215,36.23369,central
Mlongo,108565-3,public,Pwani,Mafia DC,-7.94936,39.63128,coastal
MLONO,105214-1,public,Morogoro,Morogoro DC,-7.069217,37.71825,coastal
MLOWA,105215-8,public,Iringa,Iringa DC,-7.65867,35.3895,shighland
Mlowa barabarani,108582-8,public,Dodoma,Chamwino DC,-6.50046,35.839887,central
MLOWA BWAWANI,108628-9,private,Dodoma,Chamwino DC,-6.598915,35.816841,central
Mlowa Bwawani Government,105217-4,public,Dodoma,Chamwino DC,-6.598915,35.816841,central
MLOWE,122232-2,private,Njombe,Makambako TC,-8.84511,34.82538,shighland
MLOWO,105219-0,public,Mbeya,Mbeya DC,-9.123302,33.267053,shighland
MLOWO,105220-8,public,Songwe,Mbozi DC,-9.01628,32.99978,shighland
MLOWO RC,105223-2,private,Songwe,Mbozi DC,-8.98857,33.01631,shighland
MLUNDUZI,105224-0,public,Dodoma,Mpwapwa DC,-6.72723,36.18752,central
MLUNGA,124314-6,public,Morogoro,Kilosa DC,-7.12535,36.53964,coastal
MLUNGA,105225-7,public,Dodoma,Mpwapwa DC,-6.63886,36.27979,central
MLUNGU,105227-3,public,Mbeya,Mbarali DC,-8.5851,34.6679,shighland
MLUNGUI,112062-5,public,Tanga,Korogwe DC,-5.00742,38.38035,coastal
MM JKT,113927-8,public,Dodoma,Chamwino DC,-6.14494,36.02366,central
MMAHARE,109772-4,public,Mara,Musoma DC,-1.50261,33.73627,lake
MMASI,120294-4,private,Dar Es Salaam,Ubungo MC,,,coastal
MMBAGA,113245-5,private,Dar Es Salaam,Ubungo MC,,,coastal
MMBAGA HEALTH CARE AND TREATMENT,123190-1,private,Dar Es Salaam,Kinondoni MC,-6.78919,39.25657,coastal
MMBARE FORTUNATA,123218-0,private,Tanga,Muheza DC,,,coastal
MMBOGO,114992-1,public,Tanga,Kilindi DC,-5.74466,37.44519,coastal
MMR,105231-5,private,Dar Es Salaam,Kinondoni MC,-6.78093,39.25126,coastal
MMUMBU,110341-5,public,Lindi,Mtama DC,-10.08486,39.90752,southern
MNACHO,105233-1,public,Lindi,Ruangwa DC,-10.2545,39.0039,southern
MNALI,105235-6,public,Mtwara,Newala DC,,,southern
MNALI,105234-9,public,Lindi,Lindi MC,-10.07157,39.76266,southern
MNANE,105236-4,public,Singida,Ikungi DC,-5.00168,34.99726,central
MNANG'ANA,114911-1,public,Singida,Ikungi DC,-4.75777,34.58021,central
MNANG`OLE,123585-2,public,Lindi,Lindi MC,-9.66038,39.68491,southern
MNANJE,115351-9,public,Mtwara,Nanyumbu DC,-10.53666,38.41444,southern
MNASE,105238-0,public,Dodoma,Chamwino DC,-6.259646,36.061245,central
MNAVIRA,105239-8,public,Mtwara,Masasi DC,-11.07554,39.25723,southern
MNAZI,105240-6,public,Tanga,Lushoto DC,-4.42942,38.30521,coastal
MNAZI MMOJA,112479-1,public,Lindi,Lindi MC,-10.10771,39.60588,southern
MNAZI MMOJA,122249-6,public,Mtwara,Tandahimba DC,-10.87578,39.50223,southern
MNAZIMMOJA,121162-2,public,Ruvuma,Tunduru DC,-10.86771,37.62163,shighland
MNEKEZI,120839-6,public,Geita,Chato DC,-3.3931042,31.635262,lake
MNEKEZI,105686-0,public,Geita,Geita DC,-3.07646,32.0039,lake
MNEMELE,114320-5,private,Pwani,Mkuranga DC,-7.455487,39.113232,coastal
Mnenia,105245-5,public,Dodoma,Kondoa DC,-4.698476,35.868897,central
MNERO,109262-6,private,Lindi,Nachingwea DC,-10.18473,38.63184,southern
MNG'ARO,105247-1,public,Tanga,Lushoto DC,-4.54748,38.40355,coastal
MNG'ARU,113727-2,public,Pwani,Kibiti DC,-7.790573,38.89124,coastal
MNG'ARU PRISON,105248-9,public,Pwani,Kibiti DC,-7.78589,38.88559,coastal
MNG'ELENGE,121498-0,public,Njombe,Wanging'ombe DC,-8.84043,34.72443,shighland
MNGATE,111935-3,public,Njombe,Wanging'ombe DC,-9.171027,34.664035,shighland
MNGAZI,105249-7,public,Morogoro,Morogoro DC,-7.41667,37.65,coastal
MNGETA,105250-5,public,Morogoro,Mlimba DC,-8.31667,36.1067,coastal
MNGOJI,110714-3,public,Mtwara,Mtwara DC,-10.31158,40.03029,southern
MNIMA,105251-3,public,Mtwara,Nanyamba TC,-10.470821,39.781232,southern
MNINDI,114759-4,public,Pwani,Chalinze DC,-6.71056,38.59549,coastal
MNINGA,105252-1,public,Iringa,Mufindi DC,-8.58072,35.2248,shighland
Mnkola,105253-9,public,Dodoma,Bahi DC,-5.90769,35.4416,central
MNKONDE,114976-4,public,Tanga,Kilindi DC,-5.44089,37.76689,coastal
Mnokola,105254-7,public,Rukwa,Sumbawanga DC,-8.63968,31.9438,shighland
MNOLELA,105256-2,public,Mtwara,Newala DC,-10.68452,39.20657,southern
MNOLELA,120795-0,public,Mtwara,Masasi DC,-10.83629,39.07719,southern
MNOLELA,105255-4,public,Lindi,Mtama DC,-10.22311,39.73861,southern
MNONGODI,105257-0,public,Mtwara,Nanyamba TC,-10.769246,39.973177,southern
MNTAMBA,121931-0,public,Singida,Mkalama DC,-4.45841,34.65456,central
MNUNG'UNA,121936-9,public,Singida,Mkalama DC,-4.07345,34.79116,central
MNUNG'UNA,124018-3,public,Singida,Singida DC,-4.68138,34.68836,central
MNYAGALA,115021-8,public,Katavi,Tanganyika DC,-6.39714,30.90911,shighland
MNYAHI,110720-0,public,Mtwara,Nanyamba TC,-10.69757,39.84018,southern
MNYAMANI,113511-0,private,Dar Es Salaam,Ilala MC,,,coastal
MNYAMASI,110125-2,public,Katavi,Nsimbo DC,-6.32923,31.06771,shighland
MNYAMBE,105258-8,public,Mtwara,Newala DC,-10.66188,39.16145,southern
MNYAMSOMPORA,122686-9,private,Katavi,Tanganyika DC,-6.81475,30.48909,shighland
MNYANGARA,110344-9,public,Lindi,Lindi MC,-9.57773,39.37219,southern
MNYAWI,105259-6,public,Mtwara,Nanyamba TC,-10.750625,39.846584,southern
MNYEU,105260-4,public,Mtwara,Newala DC,-10.67921,39.40681,southern
MNYUZI,111896-7,public,Songwe,Momba DC,-8.95723,32.5477,shighland
MNYUZI,105261-2,public,Tanga,Korogwe DC,-5.223509,38.58218,coastal
MNYUZI,122421-1,public,Tanga,Korogwe DC,-4.80447,38.20895,coastal
Mnzava,122589-5,private,Pwani,Kibaha TC,,,coastal
MNZAVA'S,101021-4,private,Rukwa,Sumbawanga MC,-7.96172,31.61579,shighland
MNZAVAS COMMUNITY,125300-4,private,Mwanza,Sengerema DC,,,lake
MOA,105262-0,public,Tanga,Mkinga DC,-4.76797,39.1707,coastal
MOAS NEW LIFE,122284-3,private,Mwanza,Nyamagana MC,-2.549247,32.985866,lake
MOBILE AND STATIC EYE SERVICE,112801-6,private,Dar Es Salaam,Ilala MC,-6.83905,39.23914,coastal
MOCET,105263-8,public,Arusha,Monduli DC,-3.29983,36.45199,northern
Modeco,123649-6,private,Morogoro,Morogoro MC,,,coastal
MODERN,124896-2,private,Dar Es Salaam,Ilala MC,-6.94749,39.18102,coastal
MODERN,121312-3,private,Tabora,Kaliua DC,-5.05561,31.76699,central
MODERN CLINICAL,122110-0,private,Arusha,Arusha CC,,,northern
Modric,122195-1,private,Dodoma,Dodoma CC,,,central
MOFU,105264-6,private,Morogoro,Mlimba DC,-8.30016,36.35098,coastal
MOFU,114106-8,public,Morogoro,Mlimba DC,-8.25261,36.11382,coastal
MOGABIRI,122821-2,public,Mara,Tarime TC,-1.37823,34.43271,lake
MOGITU,120879-2,public,Manyara,Hanang DC,-4.51977,35.32055,northern
MOGOHIGWA,114149-8,public,Morogoro,Gairo DC,-6.09891,36.89711,coastal
MOGWA,105265-3,public,Tabora,Nzega DC,-4.22838,32.88512,central
Mohoro,105266-1,public,Pwani,Rufiji DC,-8.14486,39.17728,coastal
MOIPO,105269-5,private,Manyara,Simanjiro DC,-3.55329,36.98344,northern
MOITA BWAWANI,105270-3,public,Arusha,Monduli DC,-3.69709,36.48041,northern
MOITA KILORITI,105271-1,public,Arusha,Monduli DC,-3.459688,36.556513,northern
MOIVARO,105272-9,public,Arusha,Arusha CC,-3.39281,36.7559,northern
MOIVO,105273-7,public,Arusha,Arusha DC,-3.350111,36.70016,northern
MOKA,105274-5,public,Lindi,Lindi MC,-9.82201,39.58663,southern
MOKALA,105275-2,public,Kilimanjaro,Rombo DC,-3.20076,37.59471,northern
MOLE,105277-8,public,Tabora,Sikonge DC,-5.44321,32.6203,central
MOLETI,105278-6,public,Dodoma,Kongwa DC,-6.177757,36.813055,central
MOLLEL MAJENGO MEDICAL,121524-3,private,Dodoma,Dodoma CC,,,central
MOLLEL MEDICAL,123700-7,private,Dodoma,Dodoma CC,-6.17526,35.79266,central
MOLLO,108078-7,public,Rukwa,Sumbawanga MC,-8.03438,31.75971,shighland
MOLLO,105279-4,public,Rukwa,Sumbawanga MC,-8.07913,31.7849,shighland
MOMBA,120640-8,public,Songwe,Momba DC,-8.80833,32.32525,shighland
Momba DC,124825-1,public,Songwe,Momba DC,,,shighland
MOMBO,105280-2,public,Tanga,Korogwe DC,-4.887325,38.292946,coastal
MOMBO,111525-2,public,Rukwa,Kalambo DC,-8.768178,31.9530916,shighland
MONA,113329-7,private,Mwanza,Ilemela MC,-2.50309,32.89808,lake
MONARCH,122793-3,private,Dodoma,Dodoma CC,-6.20266,35.73632,central
MONAZ,114423-7,private,Mwanza,Ilemela MC,-2.5031,32.89717,lake
MONDO,105283-6,public,Tabora,Igunga DC,-4.30941,33.52549,central
MONDO,105284-4,public,Dodoma,Chemba DC,-5.00688,35.93571,central
MONDO,105286-9,public,Shinyanga,Kishapu DC,-3.36625,33.54132,lake
MONDO,105285-1,public,Mwanza,Misungwi DC,-2.84133,33.26139,lake
Monduli DC,124646-1,public,Arusha,Monduli DC,,,northern
MONDULI JUU,105288-5,public,Arusha,Monduli DC,-3.151125,36.405477,northern
MONDULI MJINI,112022-9,public,Arusha,Monduli DC,-3.345216,36.425406,northern
MONEKA,114700-8,public,Mtwara,Newala TC,-10.97001,39.26055,southern
MONGA,105290-1,private,Tanga,Muheza DC,-5.08133,38.60006,coastal
MONGO LA NDEGE,105291-9,public,Dar Es Salaam,Ilala MC,-6.867111,39.162221,coastal
MONGO WA MONO,114344-5,public,Manyara,Mbulu DC,-3.91109,35.25032,northern
MONGOMONGO,123378-2,public,Lindi,Mtama DC,-10.35612,36.12482,southern
MONGOROMA,105292-7,public,Dodoma,Kondoa TC,-4.926197,35.658239,central
MONGWE,105293-5,public,Morogoro,Mvomero DC,-6.97095,37.5886,coastal
MONIBA,112494-0,private,Katavi,Mpanda MC,-6.33622,31.07365,shighland
MONTANA,113564-9,private,Pwani,Mkuranga DC,-7.03395,39.27862,coastal
MONUNA,105294-3,public,Mara,Serengeti DC,-1.87282,34.38703,lake
MOON SOUL,125094-3,private,Songwe,Mbozi DC,-9.01788,33.00459,shighland
MORAVIAN,105295-0,private,Tabora,Tabora MC,-5.01639,32.80091,central
MORAVIAN,108885-5,private,Songwe,Tunduma TC,-9.30445,32.76299,shighland
MORCEP,125039-8,private,Dar Es Salaam,Temeke MC,-6.53543,39.18023,coastal
MORDEN,111997-3,private,Arusha,Arusha CC,-3.37521,36.67407,northern
MOREEN,112700-0,private,Morogoro,Malinyi DC,,,coastal
MORIA,125222-0,private,Katavi,Mlele DC,-6.75993,32.42213,shighland
MORIA HEALTH LABORATORY,121118-4,private,Dar Es Salaam,Kinondoni MC,-6.6663,39.13027,coastal
MORIAH,112012-0,private,Katavi,Mpimbwe DC,-7.25473,31.39906,shighland
MORISON,124874-9,private,Mbeya,Mbeya DC,-8.93561,33.34441,shighland
MORNING GLORY,122345-2,private,Dodoma,Dodoma CC,-6.14268,35.72828,central
MORNING STAR,123280-0,private,Lindi,Kilwa DC,-9.17861,38.67833,southern
Moroco,123133-1,private,Songwe,Mbozi DC,,,shighland
MOROGORO,105297-6,private,Ruvuma,Songea DC,-10.62595,35.42591,shighland
MOROGORO,105299-2,public,Morogoro,Morogoro MC,-6.82708,37.67181,coastal
MOROGORO,107330-3,private,Morogoro,Morogoro MC,-6.83283,37.65844,coastal
Morogoro DC,124746-9,public,Morogoro,Morogoro DC,,,coastal
Morogoro MC,124747-7,public,Morogoro,Morogoro MC,,,coastal
MOROGORO MUNICIPAL,112167-2,public,Morogoro,Morogoro MC,-6.72815,37.65956,coastal
MOROGORO TTC,102729-1,public,Morogoro,Morogoro MC,-6.828332,37.70081,coastal
MORONGA,105301-6,public,Njombe,Wanging'ombe DC,-9.27939,34.37476,shighland
MOSES HEALTH,123849-2,private,Kagera,Missenyi DC,-10.01301,31.41543,lake
MOSHA,105305-7,private,Dar Es Salaam,Kinondoni MC,-6.80765,39.25287,coastal
MOSHI,123818-7,public,Kilimanjaro,Moshi DC,,,northern
MOSHI,109528-0,private,Kilimanjaro,Moshi MC,-3.35441,37.33062,northern
MOSHI ARUSHA OCCUPATIONAL HEALTH,104291-0,private,Kilimanjaro,Moshi MC,-3.34603,37.33824,northern
Moshi DC,124701-4,public,Kilimanjaro,Moshi DC,,,northern
Moshi MC,124702-2,public,Kilimanjaro,Moshi MC,,,northern
MOSHI MEDICAL,105306-5,private,Kilimanjaro,Hai DC,-3.33263,37.14937,northern
MOSHI OPTICAL CENTRE,121656-3,private,Kilimanjaro,Moshi MC,,,northern
MOSHI TECHNICAL SECONDARY SCHOOL,109967-0,public,Kilimanjaro,Moshi MC,-3.34465,37.30782,northern
MOSHONO,105312-3,public,Arusha,Arusha CC,-3.40497,36.7301,northern
MOSHONO,114594-5,public,Arusha,Arusha CC,-3.44421,36.7151,northern
MOSI,112405-6,private,Morogoro,Morogoro DC,-6.77842,37.76137,coastal
MOSONGO,105313-1,public,Mara,Serengeti DC,-1.921482,34.453487,lake
MOTHER THERESA SOS,120618-4,private,Dar Es Salaam,Kinondoni MC,-6.70427,39.15125,coastal
MOTO,105315-6,public,Dodoma,Chemba DC,-5.332992,35.380476,central
MOTOMOTO,111812-4,public,Tabora,Urambo DC,-5.06548,31.96774,central
MOTTO DIVINE,120641-6,private,Dodoma,Dodoma CC,-6.189221,35.739801,central
MOTTO'S,111026-1,private,Dodoma,Dodoma CC,-6.16569,35.78676,central
MOTUKERI,109124-8,public,Mara,Serengeti DC,-2.00863,34.42429,lake
MOUNT EVEREST,124218-9,private,Kilimanjaro,Moshi MC,-3.21858,37.19544,northern
MOUNT MERU,113434-5,private,Dar Es Salaam,Ilala MC,,,coastal
MOUNT MERU,111144-2,private,Arusha,Arusha DC,-3.362067,36.704846,northern
MOUNT SINAI,112319-9,private,Tabora,Kaliua DC,-5.32314,31.65074,central
MOUNT SINAI,122141-5,private,Tabora,Igunga DC,,,central
MOUNT UKOMBOZI,112560-8,private,Dar Es Salaam,Kinondoni MC,,,coastal
MOUNT UKOMBOZI,105512-8,private,Dar Es Salaam,Kinondoni MC,-6.77894,39.26414,coastal
MOUNT USAMBARA,112179-7,private,Tanga,Lushoto DC,-4.78784,38.29301,coastal
MOVIN MEDICAL,124315-3,private,Mbeya,Rungwe DC,-9.53708,33.22516,shighland
Movu,105319-8,public,Rukwa,Sumbawanga DC,-8.572169,32.126265,shighland
MOWO,105320-6,public,Kilimanjaro,Moshi DC,-3.3032,37.42947,northern
MOYO,120892-5,private,Arusha,Arusha CC,,,northern
Moyo Health Care,120341-3,private,Dar Es Salaam,Kinondoni MC,,,coastal
MOYO MEDICARE,112930-3,private,Arusha,Arusha CC,-3.364268,36.698327,northern
MOYO SAFI WA MARIA,105323-0,public,Kilimanjaro,Rombo DC,-3.02332,37.56846,northern
MOYO SAFI WA MARIA,105324-8,private,Dar Es Salaam,Ubungo MC,-6.78493,39.19762,coastal
MOYO WA YESU NA MARIA,105322-2,private,Singida,Singida MC,-4.80151,34.77569,central
MOYOFUKE,105325-5,public,Tabora,Igunga DC,-4.34078,33.533984,central
MOZAF - R,122481-5,private,Manyara,Mbulu TC,,,northern
MP,112713-3,private,Morogoro,Morogoro MC,-6.790367,37.669376,coastal
MP,125096-8,private,Dar Es Salaam,Temeke MC,-6.94464,39.29486,coastal
MP,113002-0,private,Dar Es Salaam,Kigamboni MC,-6.85357,39.32621,coastal
MP HEALTH,124334-4,private,Kilimanjaro,Mwanga DC,-3.50601,37.69085,northern
MPAFU,105326-3,public,Pwani,Mkuranga DC,-7.306161,39.324861,coastal
MPAKALI,105327-1,public,Geita,Mbogwe DC,-3.57434,32.28214,lake
MPALALU,111006-3,public,Tanga,Bumbuli DC,-4.94185,38.47104,coastal
Mpalanga,105328-9,public,Dodoma,Bahi DC,-6.327047,35.497579,central
MPALE,105329-7,public,Tanga,Korogwe DC,-4.996751,38.467682,coastal
MPALU,105330-5,public,Mtwara,Newala DC,-10.74047,39.16413,southern
MPAMAA,115088-7,public,Dodoma,Dodoma CC,-6.11384,35.77253,central
Mpamantwa,105331-3,public,Dodoma,Bahi DC,-5.970328,35.385133,central
MPAMBAA,105332-1,public,Singida,Singida DC,-4.49471,34.81881,central
MPAMBALA,105333-9,public,Singida,Mkalama DC,-4.05549,34.56224,central
MPANDA,105334-7,public,Mbeya,Busokelo DC,-9.28714,33.80819,shighland
MPANDA,105335-4,public,Songwe,Mbozi DC,-9.24849,33.01508,shighland
MPANDA GIRLS,105337-0,public,Katavi,Mpanda MC,-6.332822,31.04934,shighland
Mpanda MC,124687-5,public,Katavi,Mpanda MC,,,shighland
MPANDAGANI,105339-6,public,Singida,Manyoni DC,,,central
MPANDAMLOWOKA,109839-1,public,Tabora,Kaliua DC,-4.67356,31.68725,central
MPANDANGINDO,105340-4,private,Ruvuma,Songea DC,-10.54261,35.6134,shighland
MPANDE,110745-7,public,Songwe,Tunduma TC,-9.34088,32.81774,shighland
MPANGA,105343-8,public,Rukwa,Kalambo DC,-8.89574,31.69755,shighland
MPANGA,105342-0,private,Morogoro,Mlimba DC,-8.93667,35.8133,coastal
MPANGA,105344-6,public,Iringa,Mufindi DC,-8.58178,35.363,shighland
MPANGA,111021-2,public,Tanga,Lushoto DC,-4.48818,38.25522,coastal
MPANGA TAZARA,105345-3,public,Iringa,Mufindi DC,-8.74915,35.6512,shighland
MPANGILE,113584-7,private,Pwani,Kibaha TC,-6.76395,38.95439,coastal
MPANGULA,114637-2,public,Ruvuma,Songea DC,-10.79663,35.85557,shighland
MPANYANI,120907-1,public,Mtwara,Masasi DC,-10.54797,38.69374,southern
MPANYANI,110447-0,public,Mtwara,Nanyamba TC,-10.667331,39.950449,southern
MPAPA,105350-3,private,Ruvuma,Mbinga DC,-11.12157,34.92683,shighland
MPAPA,105347-9,public,Songwe,Momba DC,-8.40478,32.3735,shighland
MPAPA,105349-5,public,Singida,Manyoni DC,-6.47831,35.0139,central
MPAPURA,105351-1,public,Mtwara,Mtwara DC,-10.246607,39.938187,southern
MPARA,105352-9,public,Lindi,Kilwa DC,-8.84734,39.4579,southern
Mpasa,105353-7,public,Rukwa,Nkasi DC,-8.18694,30.95795,shighland
MPATA,105354-5,private,Mbeya,Busokelo DC,-9.26279,33.75032,shighland
MPATA,112210-0,public,Mbeya,Busokelo DC,-9.26312,33.75123,shighland
MPEMBA,105356-0,private,Songwe,Tunduma TC,-9.2586,32.832203,shighland
MPEMBE,122262-9,public,Katavi,Tanganyika DC,-6.32127,30.70968,shighland
MPENDA,105357-8,public,Lindi,Mtama DC,-10.33266,39.40384,southern
MPENDO,105358-6,public,Dodoma,Chemba DC,-5.663642,35.353918,central
MPENGERE,105359-4,public,Lindi,Liwale DC,-9.71549,37.71812,southern
MPEPAI,105360-2,private,Ruvuma,Mbinga TC,-11.09478,35.17511,shighland
MPEPO,105361-0,private,Ruvuma,Nyasa DC,-11.44755,35.07859,shighland
MPERA,105364-4,private,Shinyanga,Kahama MC,-3.93184,32.76044,lake
MPERA,105363-6,public,Songwe,Mbozi DC,-9.087885,32.813377,shighland
MPERAMUMBI,105365-1,public,Pwani,Kibaha DC,-6.77543,38.48106,coastal
MPETA,105366-9,public,Mtwara,Masasi DC,-10.87475,38.94751,southern
MPETA,122410-4,public,Kigoma,Uvinza DC,-5.10153,30.76243,central
Mpete,105367-7,public,Rukwa,Sumbawanga DC,-7.55115,31.46712,shighland
MPETO,105368-5,public,Njombe,Njombe TC,-9.275607,34.805639,shighland
MPETU,122497-1,public,Singida,Ikungi DC,-5.10067,34.39718,central
Mphangwe,105346-1,public,Dodoma,Bahi DC,-6.629597,35.693211,central
MPIGAMITI,110809-1,public,Lindi,Liwale DC,-9.92963,37.60799,southern
MPIJI,120631-7,public,Pwani,Kibaha DC,-6.86097,38.93221,coastal
MPIJI MAGOHE,105370-1,public,Dar Es Salaam,Ubungo MC,-6.72925,39.06671,coastal
MPIJI MBWENI,105371-9,public,Dar Es Salaam,Kinondoni MC,-6.59121,39.11669,coastal
MPILANI,105372-7,public,Mtwara,Newala DC,-10.62263,39.40036,southern
MPILIPILI,105373-5,public,Mtwara,Newala TC,-10.9963,39.4295,southern
Mpimbwe DC,124688-3,public,Katavi,Mpimbwe DC,,,shighland
MPINDIMBI,105374-3,public,Mtwara,Masasi DC,,,southern
MPINDO,105375-0,public,Simiyu,Maswa DC,-3.36943,34.03925,lake
Mpinga,105376-8,public,Dodoma,Bahi DC,-6.160236,35.349807,central
MPINGI,105377-6,public,Ruvuma,Songea DC,,,shighland
MPINJI,110927-1,public,Kilimanjaro,Same DC,-4.38748,37.962,northern
MPINZILE,123763-5,private,Kagera,Bukoba MC,-1.32222,31.77457,lake
MPIRANI,105379-2,public,Tanga,Tanga CC,-4.987175,39.084238,coastal
MPIRANI,105378-4,private,Kilimanjaro,Same DC,-4.29088,38.0284,northern
MPIRUKA,105381-8,public,Lindi,Nachingwea DC,-10.2992,38.81607,southern
MPITIMBI,105382-6,private,Ruvuma,Songea DC,-10.81376,35.54719,shighland
MPOGOLO,105383-4,public,Tabora,Igunga DC,-4.601419,33.571982,central
MPOLA,105384-2,public,Singida,Manyoni DC,-6.24213,34.9451,central
MPOLO,111318-2,public,Mbeya,Mbarali DC,-8.74442,33.908614,shighland
MPOMBE,124238-7,public,Mtwara,Nanyumbu DC,-11.18297,38.20583,southern
MPOMBO,105385-9,public,Mbeya,Rungwe DC,-9.20512,33.484,shighland
MPOMBWE,105387-5,public,Rukwa,Kalambo DC,-8.54373,31.21983,shighland
MPOMBWE,105386-7,public,Tabora,Sikonge DC,-5.36569,32.6969,central
MPONA,109188-3,public,Songwe,Songwe DC,-8.585044,32.841147,shighland
MPONA,115128-1,public,Rukwa,Sumbawanga DC,-8.49414,32.29008,shighland
MPONDA,124267-6,public,Geita,Mbogwe DC,-3.51392,32.30507,lake
MPONDA,114905-3,public,Rukwa,Sumbawanga MC,-7.96563,31.61311,shighland
MPONDE MTAE,105389-1,public,Tanga,Lushoto DC,-4.4807,38.27386,coastal
MPONDE VUGA,105390-9,public,Tanga,Bumbuli DC,-4.91961,38.41085,coastal
MPONELA,109918-3,public,Songwe,Mbozi DC,-9.207291,32.825073,shighland
MPUGA,105391-7,public,Mbeya,Rungwe DC,-9.35557,33.60596,shighland
MPUGIZI,114910-3,public,Singida,Ikungi DC,-4.76418,34.20107,central
MPUGUSO,114809-7,public,Mbeya,Rungwe DC,-9.31588,33.66123,shighland
MPUI,111710-0,public,Songwe,Momba DC,-8.88305,32.31221,shighland
Mpui,105392-5,public,Rukwa,Sumbawanga DC,-8.35442,31.8376,shighland
MPUNGUTI,105393-3,public,Mbeya,Kyela DC,-9.46468,33.91629,shighland
Mpunguzi,105394-1,public,Dodoma,Dodoma CC,-6.372787,35.74649,central
MPUNZE,105395-8,public,Shinyanga,Ushetu DC,-3.90589,32.40495,lake
MPUTA,105396-6,public,Ruvuma,Namtumbo DC,-10.28525,35.86577,shighland
MPUTE,111341-4,public,Lindi,Nachingwea DC,-10.20502,38.58924,southern
MPUTENI,121962-5,public,Mtwara,Masasi DC,-10.83294,39.04983,southern
MPUTWA,105397-4,public,Lindi,Lindi MC,-9.88804,39.23296,southern
MPWANILA,121669-6,public,Dodoma,Mpwapwa DC,-6.80838,36.80834,central
Mpwapwa,105399-0,public,Dodoma,Mpwapwa DC,-6.35047,36.48813,central
Mpwapwa,105398-2,public,Rukwa,Sumbawanga DC,-8.228635,31.860618,shighland
MPWAPWA,121694-4,public,Mtwara,Newala DC,-10.68901,39.27045,southern
Mpwapwa DC,124661-0,public,Dodoma,Mpwapwa DC,,,central
MPWAYUNGU,105400-6,public,Dodoma,Chamwino DC,-6.70994,35.58721,central
MRAO,105401-4,private,Kilimanjaro,Rombo DC,-3.16623,37.60274,northern
MRAO KERYO,113993-0,public,Kilimanjaro,Rombo DC,-3.16771,37.58123,northern
MRAWI,105403-0,public,Kilimanjaro,Moshi DC,-3.2425,37.34415,northern
MRIJO,105405-5,public,Dodoma,Chemba DC,-5.17845,36.29285,central
MRIJO JUU,109699-9,public,Dodoma,Chemba DC,-5.173729,36.258371,central
MRITA EYE CARE CENTRE,112901-4,private,Geita,Geita TC,-2.8729954,32.229958,lake
MRITI,105408-9,public,Kilimanjaro,Mwanga DC,-3.622291,37.675361,northern
MRUMA,105409-7,public,Kilimanjaro,Mwanga DC,-3.62638,37.63678,northern
MSAADA,105410-5,public,Dodoma,Chemba DC,-5.35993,36.24116,central
MSADYA,121608-4,public,Katavi,Mpimbwe DC,-7.17112,31.28811,shighland
MSAE KINYAMVUO,102973-5,public,Kilimanjaro,Moshi DC,-3.26508,37.55922,northern
MSAGALI,105411-3,public,Dodoma,Mpwapwa DC,-6.36438,36.30986,central
MSAGINYA,110100-5,public,Katavi,Nsimbo DC,-6.36809,31.24683,shighland
MSAJE,105414-7,public,Tanga,Handeni TC,-5.552894,37.962492,coastal
MSAKUZI,109431-7,public,Dar Es Salaam,Ubungo MC,-6.767236,39.071894,coastal
MSAKUZI,114982-2,public,Dar Es Salaam,Ubungo MC,-6.73925,39.06721,coastal
MSALA,105415-4,public,Pwani,Kibiti DC,-7.971501,39.396296,coastal
MSALALA,112855-2,private,Geita,Geita DC,-3.00778,31.93316,lake
MSALALA,120809-9,public,Shinyanga,Msalala DC,,,lake
Msalala DC,124803-8,public,Shinyanga,Msalala DC,,,lake
Msalato JWTZ,105416-2,public,Dodoma,Dodoma CC,-6.10587,35.7443,central
Msalato Magereza,105417-0,public,Dodoma,Dodoma CC,-6.04878,35.75229,central
MSALE,105418-8,public,Tanga,Lushoto DC,-4.63567,38.36735,coastal
MSAMAKA,105419-6,public,Tanga,Bumbuli DC,-4.97465,38.50863,coastal
MSAMALA,120989-9,public,Ruvuma,Songea MC,-10.38361,35.38541,shighland
MSAMALA MUSLIM,114345-2,private,Ruvuma,Songea MC,-10.64808,35.63689,shighland
MSAMALO,123440-0,public,Dodoma,Chamwino DC,-6.27987,36.11905,central
MSAMALO,123215-6,public,Dodoma,Chamwino DC,-6.27987,36.11951,central
MSAMARIA,111185-5,private,Mbeya,Mbeya DC,-8.932404,33.35292,shighland
MSAMARIA EYE CENTRE &OUTREACH PROGRAMME,121684-5,private,Dar Es Salaam,Ubungo MC,,,coastal
MSAMARIA MWEMA,111211-9,private,Tabora,Kaliua DC,-5.04899,31.79837,central
MSAMBA,109670-0,public,Songwe,Mbozi DC,-9.21909,32.965627,shighland
Msamba,105423-8,public,Rukwa,Nkasi DC,-7.81635,30.779775,shighland
MSAMBA II,121544-1,public,Songwe,Tunduma TC,-9.05724,32.37526,shighland
MSAMBARA,105425-3,private,Kigoma,Kasulu TC,-4.47723,30.16301,central
MSAMBIAZI,105426-1,public,Tanga,Korogwe TC,-5.139955,38.41272,coastal
MSAMWA DISP,110940-4,private,Pwani,Chalinze DC,-6.33344,38.38519,coastal
Msanda Muungano,105428-7,public,Rukwa,Sumbawanga DC,-8.11001,31.8449,shighland
MSANDAKA,105429-5,public,Kilimanjaro,Moshi MC,-3.368961,37.375927,northern
MSANGA,105431-1,public,Pwani,Kisarawe DC,-7.28435,38.77012,coastal
MSANGA,105430-3,public,Dodoma,Chamwino DC,-6.041223,36.029084,central
MSANGAMKUU,105433-7,public,Mtwara,Mtwara DC,-10.24668,40.230906,southern
MSANGANI,108454-0,public,Pwani,Kibaha TC,-6.70624,38.9444,coastal
MSANGANI MTAA,114717-2,public,Pwani,Kibaha TC,-6.696432,38.943459,coastal
MSANGANO,120695-2,public,Songwe,Momba DC,-8.94941,32.58733,shighland
MSANGANO,105435-2,public,Songwe,Momba DC,-8.956732,32.569871,shighland
MSANGE,105436-0,public,Singida,Singida DC,-4.65128,35.03306,central
MSANGE JKT,104383-5,public,Tabora,Tabora MC,-4.97819,32.66507,central
MSANGE MISSION,105437-8,private,Morogoro,Kilosa DC,-7.21917,36.766441,coastal
MSANYILA,109405-1,public,Songwe,Mbozi DC,-8.913452,32.915395,shighland
MSANZI,105438-6,public,Rukwa,Kalambo DC,-8.18817,31.52212,shighland
MSARANGA,105439-4,public,Kilimanjaro,Moshi MC,-3.3445,37.3786,northern
MSASA,114001-1,public,Tanga,Handeni TC,-5.49494,38.05749,coastal
MSASA,105440-2,public,Geita,Geita DC,-3.00159,32.06234,lake
MSASANI,105442-8,public,Geita,Bukombe DC,-3.6396,31.9888,lake
MSASANI PENINSULA,109267-5,private,Dar Es Salaam,Kinondoni MC,-6.78094,39.26507,coastal
MSASHA,121836-1,private,Dar Es Salaam,Kinondoni MC,,,coastal
MSEKO,123805-4,public,Singida,Iramba DC,-4.37949,34.11276,central
MSEKWA,113135-8,private,Singida,Manyoni DC,,,central
MSEKWA,105444-4,private,Tanga,Handeni TC,-5.42323,38.02416,coastal
MSEMBE NATIONALPARK,105447-7,public,Iringa,Iringa DC,-7.68128,34.93011,shighland
MSEMBETA,123627-2,public,Dodoma,Dodoma CC,-6.06372,35.55166,central
MSEMELE,114447-6,private,Tabora,Urambo DC,-5.17041,32.35012,central
MSENDAMILA,124268-4,public,Geita,Mbogwe DC,-3.33655,32.09603,lake
MSENGA,112035-1,private,Manyara,Babati TC,-4.21509,35.7494,northern
MSENTE,105449-3,public,Tanga,Kilindi DC,-5.42267,37.55321,coastal
MSEREKIA,111464-4,public,Kilimanjaro,Moshi DC,-3.50128,37.36179,northern
MSESULE,105450-1,public,Mbeya,Mbarali DC,-8.75319,34.259531,shighland
MSETA,105451-9,public,Dodoma,Kongwa DC,-6.386009,36.673876,central
MSETA BONDENI,113156-4,public,Dodoma,Kongwa DC,-6.38222,36.70416,central
MSEWE,105453-5,public,Dar Es Salaam,Ubungo MC,-6.787849,39.19439,coastal
MSHANGAI,120585-5,private,Tanga,Korogwe TC,-5.14996,38.45025,coastal
MSHANGANO,105455-0,public,Ruvuma,Songea MC,-10.61504,35.65111,shighland
Mshani,105456-8,public,Rukwa,Sumbawanga DC,-8.431975,31.988193,shighland
MSHEWE,105457-6,public,Mbeya,Mbeya DC,-8.855547,33.272584,shighland
MSHIKAMANO,115004-4,public,Mara,Musoma MC,-1.52143,33.81198,lake
MSHIKAMANO,105458-4,public,Kagera,Ngara DC,-2.42309,30.81219,lake
MSHIKAMANO BAKWATA,108879-8,private,Simiyu,Meatu DC,-3.52855,34.30997,lake
MSHINDE,120814-9,public,Geita,Geita TC,-2.7827342,32.326164,lake
MSHINDO,105459-2,private,Iringa,Iringa MC,-7.78377,35.68925,shighland
MSHINDO JUNIOR,122081-3,private,Dar Es Salaam,Ilala MC,-6.86417,39.15982,coastal
MSHIRI,111465-1,public,Kilimanjaro,Moshi DC,-3.26231,37.52856,northern
MSIA,105462-6,public,Songwe,Mbozi DC,-9.014635,32.842537,shighland
MSIA,105461-8,public,Songwe,Ileje DC,-9.426723,33.080619,shighland
Msia,105463-4,public,Rukwa,Sumbawanga DC,-7.95023,31.857499,shighland
MSIGI,114792-5,public,Pwani,Chalinze DC,-6.51916,38.44204,coastal
MSIGULA,110934-7,private,Dar Es Salaam,Ubungo MC,-6.812522,39.238985,coastal
Msijute,110246-6,public,Mtwara,Mtwara DC,-10.271269,40.069635,southern
Msilihofu,105464-2,public,Rukwa,Nkasi DC,-7.636107,31.15213,shighland
MSILILI,123327-9,public,Mtwara,Newala TC,-10.87592,39.42739,southern
MSIMA SAYUNI,105465-9,private,Njombe,Njombe DC,-9.250849,34.938436,shighland
MSIMBA,105467-5,public,Kigoma,Kigoma DC,-4.846598,29.696515,central
MSIMBA,122698-4,public,Tabora,Uyui DC,-4.95354,32.52634,central
Msimba,105466-7,public,Morogoro,Kilosa DC,-6.72493,37.07146,coastal
Msimba Mikumi,104916-2,public,Morogoro,Kilosa DC,-7.43896,36.9231,coastal
MSIMBATI,105468-3,public,Mtwara,Mtwara DC,-10.35567,40.424474,southern
MSIMBATI,123780-9,public,Mtwara,Mtwara DC,-10.26202,40.18485,southern
MSIMBAZI,122594-5,private,Dar Es Salaam,Temeke MC,-6.86982,39.27398,coastal
MSIMBAZI EYE CENTRE LTD,111648-2,private,Dar Es Salaam,Ilala MC,-6.81557,39.27672,coastal
MSIMBAZI EYES,112642-4,private,Dar Es Salaam,Ilala MC,-6.815577,39.276726,coastal
MSIMBAZI MISSION,105470-9,private,Dar Es Salaam,Ilala MC,-6.82422,39.25616,coastal
MSIMBU,113762-9,public,Pwani,Kisarawe DC,-7.10962,39.02122,coastal
MSINDAJI,105471-7,public,Pwani,Kibiti DC,-7.64053,39.26354,coastal
MSINDO,105472-5,public,Ruvuma,Namtumbo DC,,,shighland
MSINGI,105473-3,public,Singida,Mkalama DC,-4.34142,34.54991,central
MSINGISA,112042-7,public,Dodoma,Kongwa DC,-6.17907,36.52831,central
MSINGISI,105474-1,public,Morogoro,Gairo DC,-6.49246,36.82265,coastal
MSINGWA,114983-0,public,Dar Es Salaam,Ubungo MC,-6.81539,39.12448,coastal
MSINJI,105475-8,public,Ruvuma,Tunduru DC,-11.02616,37.57814,shighland
Msinune,105476-6,public,Pwani,Chalinze DC,-6.39993,38.5569,coastal
MSINYASI,115357-6,public,Mtwara,Nanyumbu DC,-10.55111,38.16381,southern
MSIPAZI,115001-0,public,Rukwa,Kalambo DC,-8.83154,31.64045,shighland
Msisi,105477-4,public,Dodoma,Bahi DC,-5.839891,35.625224,central
MSISIMA,105478-2,public,Ruvuma,Namtumbo DC,-11.17921,36.12399,shighland
MSISIRI BAKWATA,105479-0,private,Dar Es Salaam,Kinondoni MC,-6.78414,39.25745,coastal
MSITA,114989-7,public,Morogoro,Mlimba DC,-8.54961,36.01683,coastal
MSITU WA MBOGO,123634-8,public,Arusha,Meru DC,-3.52683,36.88455,northern
MSITU WA TEMBO,105481-6,public,Manyara,Simanjiro DC,-3.56748,37.29938,northern
MSIU,121928-6,public,Singida,Mkalama DC,-4.22432,34.84798,central
MSOGEZI,105484-0,public,Morogoro,Ulanga DC,-8.61091,36.6405,coastal
MSOKI,114277-7,private,Dar Es Salaam,Ilala MC,,,coastal
MSOLOKELO,105485-7,public,Morogoro,Mvomero DC,-5.97087,37.6004,coastal
MSOLWA,111351-3,public,Pwani,Chalinze DC,-6.62274,38.26871,coastal
MSOLWA A,105487-3,public,Morogoro,Ifakara TC,-7.74425,36.93674,coastal
MSOLWA MISSION,105489-9,private,Morogoro,Kilosa DC,-7.28895,36.75395,coastal
MSOLWA MLIMBA,113119-2,public,Morogoro,Mlimba DC,-8.7951,35.86138,coastal
MSOLWA STATION,105490-7,public,Morogoro,Ifakara TC,-7.8,37.025,coastal
MSOLWA STATION,121419-6,public,Morogoro,Ifakara TC,-7.47168,37.02116,coastal
MSOMELA,105492-3,public,Tanga,Handeni DC,-5.22837,37.99921,coastal
MSOMENI,105493-1,private,Dar Es Salaam,Temeke MC,-6.87971,39.26119,coastal
MSOMERA,122715-6,public,Tanga,Handeni DC,-5.21009,37.98854,coastal
MSOMI,122206-6,private,Morogoro,Kilosa DC,,,coastal
MSONA,122378-3,public,Pwani,Rufiji DC,-7.83698,38.34478,coastal
MSONGA,109866-4,public,Geita,Bukombe DC,-3.39267,31.02364,lake
MSONGANZILA,122687-7,private,Tabora,Tabora MC,-5.02279,32.79593,central
MSONGE,105494-9,public,Morogoro,Morogoro DC,-7.2387,37.8496,coastal
MSONGOLA,105495-6,public,Dar Es Salaam,Ilala MC,-6.97425,39.17908,coastal
MSONGOLA DARAJANI MEDICAL .,122629-9,private,Dar Es Salaam,Ilala MC,-6.97932,39.18004,coastal
MSONGOZI,105496-4,public,Morogoro,Mvomero DC,-7.06756,37.34118,coastal
MSONGOZI MISSION,105497-2,private,Morogoro,Mvomero DC,-7.059896,37.375909,coastal
MSORO,121503-7,public,Pwani,Kibiti DC,-7.58511,38.94048,coastal
MSORWA,105499-8,public,Pwani,Mkuranga DC,-7.17381,39.29921,coastal
MSOSA,105501-1,public,Singida,Ikungi DC,-4.95436,34.14782,central
Msowero,105502-9,public,Morogoro,Kilosa DC,-6.52614,37.22032,coastal
MSS,123731-2,private,Dar Es Salaam,Ilala MC,-7.00284,39.16054,coastal
MST SICKBAY,123225-5,private,Tanga,Tanga CC,-5.02307,39.12751,coastal
MSUA,110008-0,public,Pwani,Kibaha DC,-6.822703,38.432682,coastal
MSUFINI,105503-7,public,Kigoma,Kigoma Ujiji MC,-4.88638,29.6449,central
MSUFINI KIDETE,105505-2,public,Pwani,Mkuranga DC,-7.17359,39.2331,coastal
MSUKUMA,113366-9,private,Mwanza,Ilemela MC,-2.51405,32.93786,lake
MSUKUMA,123846-8,private,Mwanza,Nyamagana MC,-2.53219,32.91381,lake
MSUMBIJI,114362-7,private,Mwanza,Ilemela MC,-2.50484,32.93147,lake
MSUMI,105506-0,public,Dar Es Salaam,Ubungo MC,-6.71486,39.10667,coastal
MSUNGWE',120534-3,public,Songwe,Momba DC,-8.714931,32.41439,shighland
Msuya,122394-0,private,Morogoro,Morogoro MC,,,coastal
MSWAHA DARAJANI,109741-9,public,Tanga,Korogwe DC,-5.156179,38.312874,coastal
MSWAKI,105509-4,public,Tanga,Kilindi DC,-5.46381,37.77707,coastal
MSWAKINI,105510-2,public,Arusha,Monduli DC,-3.63491,36.01191,northern
MSWAKINI JUU,109455-6,public,Arusha,Monduli DC,-3.673006,36.055272,northern
MSWIMA,111768-8,public,Songwe,Ileje DC,,,shighland
MT,124249-4,private,Morogoro,Morogoro MC,-6.49601,37.39873,coastal
MT SINAI WAZO,113735-5,private,Dar Es Salaam,Kinondoni MC,-6.66701,39.17775,coastal
MT.,122184-5,private,Mbeya,Mbeya CC,-8.91113,33.46811,shighland
MTAA WA AFYA,124459-9,public,Geita,Geita DC,-3.02101,31.95065,lake
MTABILA,105516-9,public,Kigoma,Kasulu DC,-4.41495,30.2794,central
MTAE,105517-7,public,Tanga,Lushoto DC,-4.48006,38.23544,coastal
Mtaita,121737-1,private,Tanga,Tanga CC,-5.11681,39.04513,coastal
MTAKANINI,105519-3,public,Ruvuma,Namtumbo DC,-10.55265,35.77845,shighland
MTAKAYO,111514-6,public,Pwani,Kisarawe DC,-7.03778,38.73953,coastal
MTAKUJA,105523-5,public,Kilimanjaro,Moshi DC,-3.47463,37.36707,northern
MTAKUJA,110017-1,public,Pwani,Kibaha TC,-6.72971,38.98996,coastal
MTAKUJA,109565-2,public,Kilimanjaro,Hai DC,-3.47392,37.07748,northern
MTAKUJA,109217-0,public,Ruvuma,Namtumbo DC,-10.83232,36.03193,shighland
MTAKUJA,112087-2,public,Geita,Geita TC,-2.92303,32.16656,lake
MTAKUJA,105524-3,public,Tabora,Tabora MC,-5.147561,32.752321,central
MTAKUJA,113378-4,public,Katavi,Mlele DC,-6.74689,32.00159,shighland
MTAKUJA,105521-9,public,Tabora,Sikonge DC,-5.91075,32.92403,central
MTAKUJA,105520-1,public,Lindi,Ruangwa DC,-10.349,39.1062,southern
MTAKUMBUKA,111474-3,public,Katavi,Mpanda MC,-6.38569,31.14368,shighland
MTALAGALA,120753-9,public,Iringa,Iringa MC,-7.69314,35.69809,shighland
MTALIKACHAU,115295-8,public,Mtwara,Nanyumbu DC,-10.57191,38.46311,southern
MTAMA,105525-0,public,Lindi,Mtama DC,-10.29739,39.36177,southern
MTAMA,110507-1,public,Mtwara,Mtwara DC,,,southern
MTAMA,120686-1,public,Lindi,Mtama DC,-10.29024,39.38949,southern
MTAMA,124438-3,private,Lindi,Mtama DC,-10.30337,39.36474,southern
Mtama DC,124709-7,public,Lindi,Mtama DC,,,southern
Mtamaa,105526-8,public,Singida,Singida MC,-4.940191,34.660481,central
MTAMBA,111513-8,public,Pwani,Kisarawe DC,-7.06156,38.9243,coastal
MTAMBA,105527-6,public,Dodoma,Mpwapwa DC,-6.42829,36.30558,central
MTAMBANI,122554-9,private,Dar Es Salaam,Kinondoni MC,,,coastal
MTAMBASWALA,112056-7,public,Mtwara,Nanyumbu DC,-11.4057,38.4889,southern
MTAMBO,105529-2,public,Katavi,Nsimbo DC,-6.34047,31.3754,shighland
MTAMBULA,109857-3,public,Iringa,Mufindi DC,-8.69843,35.0335,shighland
MTANA,105530-0,public,Mara,Tarime DC,-1.38471,34.28527,lake
MTANANA A,105531-8,public,Dodoma,Kongwa DC,-6.062596,36.589808,central
MTANANA B,109592-6,public,Dodoma,Kongwa DC,-6.080773,36.582569,central
MTANDE,114030-0,public,Mbeya,Chunya DC,-8.1418433,33.2567783,shighland
MTANDI,105532-6,public,Lindi,Kilwa DC,-9.48907,39.4656,southern
MTANDI,105533-4,private,Mtwara,Masasi TC,-10.71358,38.83079,southern
MTANDI,121338-8,public,Mtwara,Masasi TC,,,southern
MTANDIKA,105534-2,private,Iringa,Kilolo DC,-7.54682,36.42211,shighland
MTANGA,105535-9,public,Kigoma,Kigoma DC,-4.77327,29.605082,central
MTANGA,115254-5,public,Njombe,Makambako TC,-8.98112,35.04272,shighland
MTANGA DELTA,113535-9,public,Pwani,Kibiti DC,-8.15357,39.28417,coastal
MTANGO,120925-3,public,Tanga,Pangani DC,-6.9275621,35.68864,coastal
MTANI,112031-0,private,Dar Es Salaam,Ubungo MC,-6.83622,39.11837,coastal
MTANI,121899-9,private,Dar Es Salaam,Ubungo MC,,,coastal
MTANILA,109179-2,public,Mbeya,Chunya DC,-7.91451,33.325358,shighland
MTANZA,105537-5,public,Pwani,Rufiji DC,-7.83537,38.3689,coastal
MTANZANIA,125134-7,private,Songwe,Tunduma TC,-9.29711,32.84266,shighland
MTAPA,121491-5,public,Njombe,Wanging'ombe DC,-8.88963,34.58756,shighland
MTAPENDA,110258-1,public,Katavi,Nsimbo DC,-6.33367,31.17137,shighland
MTARAZAKI MEDICAL,114796-6,private,Pwani,Mkuranga DC,-6.966642,39.347003,coastal
MTAWANGO,105539-1,public,Lindi,Liwale DC,-9.55357,38.02756,southern
MTAWANYA,105541-7,public,Pwani,Kibiti DC,-7.69399,38.9891,coastal
MTAWANYA,105540-9,public,Mtwara,Mtwara MC,-10.20021,40.13024,southern
Mtawatawa,114573-9,public,Lindi,Liwale DC,-9.90011,38.21092,southern
MTBMEDICAL,120296-9,private,Dar Es Salaam,Ilala MC,,,coastal
MTEGA,112387-6,public,Morogoro,Gairo DC,-6.49246,37.00038,coastal
MTEGA,123263-6,private,Ruvuma,Madaba DC,-9.47118,35.30563,shighland
MTEGO WA NOTI,105543-3,public,Kigoma,Uvinza DC,-5.00898,31.1219,central
MTEGO WA SIMBA,105544-1,public,Morogoro,Morogoro DC,-6.74603,37.80443,coastal
MTEGU,120715-8,public,Lindi,Mtama DC,-10.23239,39.88415,southern
MTEGU,112435-3,public,Mtwara,Tandahimba DC,-10.79096,39.49229,southern
MTEKE,105546-6,public,Kilimanjaro,Same DC,-4.171542,37.883785,northern
MTEKENTE,105548-2,public,Singida,Iramba DC,-4.5494,34.2274,central
MTELAWAMWAHI,105549-0,public,Ruvuma,Namtumbo DC,-10.85582,36.19313,shighland
MTENDE,105551-6,public,Lindi,Kilwa DC,-8.38554,39.2146,southern
MTENDELI,111941-1,public,Kigoma,Kakonko DC,-3.39605,30.8839,central
MTENDENI,122486-4,public,Tabora,Tabora MC,-5.03496,32.81716,central
MTENDO,114319-7,private,Pwani,Mkuranga DC,-7.018438,39.278493,coastal
Mtenga,105553-2,public,Rukwa,Nkasi DC,-7.371888,31.113157,shighland
MTENGASHARI,121496-4,public,Ruvuma,Tunduru DC,-11.78836,37.12173,shighland
MTEPECHE,105555-7,public,Lindi,Nachingwea DC,-10.393686,38.820215,southern
MTEPERA,113960-9,public,Lindi,Kilwa DC,-8.82023,38.79012,southern
MTERA,105556-5,public,Dodoma,Mpwapwa DC,-7.11294,35.97339,central
MTERA TANESCO,105557-3,public,Dodoma,Mpwapwa DC,-7.11641,35.97203,central
MTEULE,124905-1,private,Mwanza,Ilemela MC,-3.44084,32.96147,lake
MTEWELE,123874-0,private,Pwani,Chalinze DC,-6.45957,38.32997,coastal
MTEWELE ENSARY,120568-1,public,Njombe,Wanging'ombe DC,-8.85106,34.76367,shighland
MTI MMOJA,110729-1,public,Arusha,Monduli DC,-3.405564,36.30494,northern
MTIBWA,105558-1,private,Morogoro,Mvomero DC,-6.14071,37.64044,coastal
MTII,114322-1,public,Kilimanjaro,Same DC,-4.29997,38.00465,northern
MTII KANZA,105559-9,public,Kilimanjaro,Same DC,-4.315289,37.998532,northern
MTILA,105560-7,public,Njombe,Njombe TC,-9.551341,34.616616,shighland
MTILI,112018-7,public,Iringa,Mufindi DC,-8.42327,35.358846,shighland
MTIMA,111757-1,public,Songwe,Ileje DC,-9.22231,32.58591,shighland
MTIMBO,105562-3,public,Lindi,Ruangwa DC,-10.197357,38.876578,southern
MTIMBWA,105563-1,public,Rukwa,Sumbawanga MC,-7.987894,31.531107,shighland
MTIMBWANI,105565-6,public,Tanga,Mkinga DC,-4.95747,39.08878,coastal
MTIMBWILIMBWI,105566-4,public,Mtwara,Nanyamba TC,-10.636953,39.853755,southern
MTINA,105567-2,public,Ruvuma,Tunduru DC,-11.26141,37.36842,shighland
MTINDIRO,105568-0,public,Tanga,Muheza DC,-5.26887,38.77537,coastal
MTINIKO,105569-8,public,Mtwara,Nanyamba TC,-10.59024,39.95188,southern
MTIPA,105571-4,public,Singida,Singida MC,-4.75114,34.77272,central
MTIPA,122625-7,public,Singida,Singida MC,-4.73361,34.76157,central
MTIRO,122758-6,private,Pwani,Mkuranga DC,-7.08112,39.22812,coastal
MTIRO MEDICAL SERVICES,107980-5,private,Dar Es Salaam,Temeke MC,-6.94299,39.31223,coastal
MTISAFI MEDICAL,125121-4,private,Mara,Musoma MC,-1.52085,33.80788,lake
MTISI,113844-5,public,Singida,Singida MC,-4.92902,34.61744,central
MTISI,110262-3,public,Katavi,Nsimbo DC,-6.47051,31.1189,shighland
Mtitaa,105574-8,public,Dodoma,Bahi DC,-6.4376,35.5949,central
MTITI,120933-7,public,Tanga,Muheza DC,,,coastal
MTITU,105575-5,public,Iringa,Kilolo DC,-8.03332,35.77295,shighland
MTITU,113049-1,private,Njombe,Njombe TC,,,shighland
MTM,124451-6,private,Kagera,Missenyi DC,-1.18384,31.31234,lake
MTO WA MBU MISSION DENMARK,110728-3,private,Arusha,Monduli DC,-3.37194,35.85449,northern
MTO WA MBU RC,105577-1,private,Arusha,Monduli DC,-3.37094,35.86656,northern
MTOA,105578-9,public,Singida,Iramba DC,-4.48197,34.19463,central
MTOKE INVEST.&OPHTHALMOLOGY SERVICES,113334-7,private,Shinyanga,Shinyanga MC,-3.666565,33.42697,lake
MTOMBOZI,110399-3,public,Morogoro,Morogoro DC,-7.106014,37.779957,coastal
MTOMBOZI MISSION,110400-9,private,Morogoro,Morogoro DC,-7.1135,37.77579,coastal
MTONDO,105581-3,public,Lindi,Ruangwa DC,-9.83846,39.07285,southern
MTONDO KIMWAGA,105582-1,public,Lindi,Kilwa DC,-8.545256,38.924529,southern
MTONGA,120924-6,public,Tanga,Pangani DC,-5.5686626,38.8725395,coastal
MTONGA,105583-9,public,Tanga,Korogwe TC,-5.15455,38.43295,coastal
MTONGWELE,105585-4,public,Mtwara,Newala DC,-10.64677,39.26146,southern
MTONI,105586-2,public,Lindi,Kilwa DC,-8.633871,39.357234,southern
Mtoni,110283-9,public,Dar Es Salaam,Temeke MC,-6.86738,39.27325,coastal
MTONI,102333-2,private,Dar Es Salaam,Temeke MC,-6.86792,39.27738,coastal
Mtoni Kijchi Police,110696-2,public,Dar Es Salaam,Temeke MC,-6.87512,39.29155,coastal
MTONI KIJICHI,110603-8,private,Dar Es Salaam,Temeke MC,-6.88782,39.28121,coastal
MTONYA,105591-2,public,Ruvuma,Namtumbo DC,-10.37686,36.1674,shighland
MTONYA,105592-0,public,Ruvuma,Tunduru DC,-10.88014,37.71513,shighland
MTOPWA,121397-4,public,Mtwara,Newala DC,-10.70005,39.40577,southern
MTOTO BEN,114392-4,private,Mwanza,Buchosa DC,-2.52846,32.29682,lake
Mtowisa,105593-8,public,Rukwa,Sumbawanga DC,-7.806906,31.774059,shighland
MTUA,105595-3,private,Lindi,Mtama DC,-10.21791,39.49081,southern
MTUA,105594-6,public,Lindi,Nachingwea DC,-10.37564,38.4768,southern
MTULA,105597-9,public,Rukwa,Kalambo DC,-8.79441,31.59703,shighland
MTULA,105596-1,public,Iringa,Mafinga TC,-8.33236,35.17104,shighland
Mtumba,105598-7,public,Dodoma,Dodoma CC,-6.13521,35.9416,central
MTUMBATIMAJI,112274-6,public,Ruvuma,Namtumbo DC,-10.28858,36.10177,shighland
Mtumbatu,105599-5,public,Morogoro,Kilosa DC,-6.14186,36.98447,coastal
MTUMBEI MPOPERA,105513-6,public,Lindi,Kilwa DC,-8.71168,38.8398,southern
MTUMBIKILE,105600-1,public,Lindi,Lindi MC,-9.76745,39.60349,southern
MTUMBYA,105601-9,public,Lindi,Mtama DC,-10.31727,39.47457,southern
MTUNDA,105602-7,public,Pwani,Kibiti DC,-7.89146,39.1859,coastal
MTUNDURU,109902-7,public,Songwe,Mbozi DC,-8.79928,32.96349,shighland
MTUNDURU,105603-5,public,Singida,Ikungi DC,-4.8237,34.51652,central
MTUNDUWARO,105604-3,public,Ruvuma,Mbinga DC,-10.49533,34.91721,shighland
MTUNGULU,105605-0,public,Tabora,Igunga DC,-4.283,33.4254,central
MTUNGURU,105606-8,public,Mtwara,Newala DC,-10.7672,39.3425,southern
MTUNTUMBE,105607-6,public,Rukwa,Kalambo DC,-8.41305,31.42972,shighland
MTUPALE,105608-4,public,Ruvuma,Nyasa DC,-11.50574,34.96152,shighland
MTWANGO,111451-1,public,Iringa,Mufindi DC,-8.54522,35.3354,shighland
MTWANGO,110947-9,public,Njombe,Njombe DC,-9.02821,34.82645,shighland
Mtwango,107469-9,private,Njombe,Njombe DC,-9.03459,34.81503,shighland
Mtwara DC,124753-5,public,Mtwara,Mtwara DC,,,southern
Mtwara MC,124754-3,public,Mtwara,Mtwara MC,,,southern
MTWARA MIKINDANI,122581-2,public,Mtwara,Mtwara MC,-10.32681,40.13314,southern
MTWARA PORT,100303-7,public,Mtwara,Mtwara MC,-10.2704,40.19808,southern
MTWARA SOUTHERN ZONE,120486-6,public,Mtwara,Mtwara MC,-10.261886,40.169105,southern
MTYALAMBUKO,105612-6,public,Lindi,Kilwa DC,-8.43403,39.1252,southern
MTYANGIMBOLE,105613-4,private,Ruvuma,Madaba DC,-10.3902,35.6687,shighland
MTYANGIMBOLE,112505-3,public,Ruvuma,Madaba DC,-10.38247,35.66523,shighland
MUBABA,122499-7,public,Kagera,Biharamulo DC,-3.28336,31.46191,lake
MUBRY,123725-4,private,Mtwara,Mtwara MC,-10.30025,40.17294,southern
MUBUNDA,105616-7,public,Kagera,Muleba DC,-1.94737,31.51543,lake
MUCCOBS,111285-3,public,Kilimanjaro,Moshi MC,-3.33489,37.33913,northern
MUDA,114585-3,public,Mwanza,Magu DC,-2.55337,33.19613,lake
MUDDY,114220-7,private,Dodoma,Dodoma CC,,,central
MUDIDA,105619-1,public,Singida,Singida DC,-4.45441,34.88195,central
MUDOBA,123708-0,private,Katavi,Mpanda MC,-6.32843,31.08625,shighland
MUDY QUALITY,123248-7,private,Tanga,Pangani DC,,,coastal
MUFADDAL,105621-7,private,Tanga,Tanga CC,-5.08118,39.10287,coastal
MUFINDI,114510-1,public,Iringa,Mufindi DC,-8.5471,35.12551,shighland
Mufindi DC,124674-3,public,Iringa,Mufindi DC,,,shighland
MUFINDI TEA COMPANY,105622-5,private,Iringa,Mufindi DC,-8.48423,35.4007,shighland
MUGAJWALE,122993-9,public,Kagera,Bukoba DC,-1.46801,31.46222,lake
MUGANGO,105624-1,public,Mara,Musoma DC,-1.6851,33.6886,lake
MUGANGO KMT,105625-8,private,Mara,Musoma DC,-1.68829,33.6856,lake
MUGANI,114579-6,public,Mwanza,Magu DC,-2.41186,33.12161,lake
MUGANZA,103272-1,private,Geita,Chato DC,-2.37774,31.73426,lake
MUGANZA,105626-6,public,Kagera,Ngara DC,-2.91164,30.64263,lake
MUGANZA,113896-5,public,Geita,Chato DC,-2.371225,31.72292,lake
MUGERA,110232-6,public,Kigoma,Buhigwe DC,-4.25012,30.12902,central
MUGETA,105629-0,public,Mara,Bunda DC,-1.93391,34.2188,lake
MUGEZA MSETO,105630-8,public,Kagera,Bukoba MC,-1.29042,31.8347,lake
MUGHAMO,105632-4,public,Singida,Singida DC,-4.82357,34.91273,central
MUGHANGA,114037-5,public,Singida,Singida DC,-4.51503,34.82511,central
MUGHOLO,105633-2,public,Arusha,Ngorongoro DC,-2.14423,35.75081,northern
MUGHUNGA,105634-0,public,Singida,Singida DC,-4.90077,35.08552,central
MUGINI,121393-3,private,Mara,Tarime TC,-1.343982,34.38047,lake
MUGINI SCHOOLS,121108-5,private,Mwanza,Magu DC,-2.59353,33.45054,lake
MUGISHAGWE,114250-4,private,Dar Es Salaam,Ilala MC,,,coastal
MUGIZI,112863-6,private,Geita,Chato DC,-3.00306,31.92063,lake
MUGOMBE,105636-5,public,Kigoma,Kasulu DC,-4.451396,30.292344,central
MUGUDA,105637-3,public,Shinyanga,Kishapu DC,-3.87121,33.62334,lake
MUGUMU MAHABUSU,109223-8,public,Mara,Serengeti DC,-1.838533,34.659938,lake
MUGUMU RCH B,105639-9,public,Mara,Serengeti DC,-1.831131,34.663795,lake
MUGUNZU,105640-7,public,Kigoma,Kakonko DC,-3.49744,30.6048,central
MUGUNZU,121345-3,public,Kigoma,Kakonko DC,-3.33151,30.33359,central
MUGUSI,114372-6,private,Mwanza,Sengerema DC,-2.65217,32.6415,lake
MUGWIRA,121518-5,private,Shinyanga,Kahama MC,,,lake
MUHALALA,123051-5,public,Singida,Manyoni DC,-5.70731,34.97951,central
MUHALI,120555-8,private,Dar Es Salaam,Temeke MC,-6.8773,39.292,coastal
MUHANDO,112783-6,private,Dodoma,Dodoma CC,-6.18954,35.77816,central
MUHANGA,105642-3,public,Singida,Itigi DC,-5.86023,34.60669,central
MUHANGE,105643-1,public,Kigoma,Kakonko DC,-3.162279,30.86203,central
MUHAS DENTAL,124024-1,public,Dar Es Salaam,Ilala MC,-6.80446,39.27398,coastal
MUHEZA,105647-2,private,Tanga,Muheza DC,-5.17281,38.78815,coastal
Muheza DC,124846-7,public,Tanga,Muheza DC,,,coastal
MUHEZA DISTRICT,114479-9,public,Tanga,Muheza DC,-5.1673,38.82887,coastal
MUHIMBILI NATIONAL HOSPITAL - MLOGANZILA,111890-0,public,Dar Es Salaam,Ubungo MC,-6.81493,39.05828,coastal
MUHINDA,105652-2,private,Kigoma,Buhigwe DC,-4.52917,29.81316,central
MUHOLA,114282-7,private,Morogoro,Ifakara TC,,,coastal
MUHUKURU,105657-1,public,Ruvuma,Songea DC,-11.99603,35.47647,shighland
MUHUKURU NAKAWALE,109215-4,public,Ruvuma,Songea DC,-11.41428,35.40054,shighland
MUHULA,105659-7,public,Mwanza,Ukerewe DC,-2.10614,33.02156,lake
MUHUMULIZA HEALTHCARE,112152-4,private,Dar Es Salaam,Ilala MC,-6.86171,39.1427,coastal
MUHUNDWE,121383-4,public,Mara,Rorya DC,-1.1215,34.21449,lake
MUHUNGA,105660-5,public,Kigoma,Kasulu TC,-4.62606,30.03127,central
MUHURU,112360-3,public,Lindi,Ruangwa DC,-9.89772,39.03635,southern
MUHUWESI,105661-3,public,Ruvuma,Tunduru DC,-10.86997,37.45241,shighland
MUJE,122737-0,private,Tanga,Pangani DC,-5.42538,38.975937,coastal
MUJE LOW VISON,114094-6,private,Morogoro,Morogoro MC,,,coastal
MUJORE,122571-3,private,Pwani,Kibaha DC,-6.74198,38.74284,coastal
MUKABUYE,105662-1,public,Kigoma,Kibondo DC,-3.68664,30.58994,central
MUKAMI MEMORIAL,120257-1,private,Dar Es Salaam,Temeke MC,-6.9143,39.27211,coastal
MUKARAZI,105663-9,public,Kigoma,Kibondo DC,-3.552326,30.49306,central
Mukarehe,105664-7,public,Kagera,Ngara DC,-2.59775,30.55368,lake
MUKATABO,105665-4,public,Kagera,Ngara DC,-2.47004,30.53908,lake
MUKIKOMERO,111264-8,public,Kagera,Ngara DC,-2.51422,30.49847,lake
MUKUBU,105668-8,public,Kagera,Ngara DC,-2.85457,30.68662,lake
MUKULU,105669-6,private,Singida,Iramba DC,-4.48734,34.3837,central
MUKUNU,105670-4,public,Mwanza,Ukerewe DC,-2.01093,32.97242,lake
MULA,105672-0,private,Arusha,Meru DC,-3.345569,36.811011,northern
MULAGA,105173-9,public,Mwanza,Sengerema DC,-2.80348,32.822947,lake
MULALA,105673-8,public,Arusha,Meru DC,-3.32401,36.82813,northern
MULBADAW,105675-3,public,Manyara,Hanang DC,-4.37568,35.11013,northern
MULEBA,123363-4,public,Kagera,Muleba DC,-1.84323,31.63117,lake
Muleba DC,124682-6,public,Kagera,Muleba DC,,,lake
MULEBA SPECIALIZED POLYCLINIC,120324-9,private,Kagera,Muleba DC,-1.83464,31.6672,lake
MULELA,124393-0,public,Kagera,Muleba DC,-1.75356,31.54986,lake
MULERA,105677-9,private,Kigoma,Buhigwe DC,-4.42145,29.94203,central
MULLA,122197-7,private,Arusha,Arusha DC,,,northern
MULOKOZI,111665-6,private,Dar Es Salaam,Ubungo MC,-6.73261,39.19162,coastal
MULUSENI,105711-6,public,Mwanza,Ukerewe DC,-2.12549,33.16258,lake
MUMBA,105678-7,private,Rukwa,Sumbawanga DC,-8.17411,31.856,shighland
MUMBA,123449-1,public,Rukwa,Sumbawanga DC,-8.17009,31.86604,shighland
MUMBAKA,105679-5,public,Mtwara,Masasi TC,-10.80084,38.90595,southern
MUMBWI,105680-3,public,Tanga,Handeni DC,-5.549092,38.420375,coastal
MUMILAMILA,105681-1,public,Kagera,Ngara DC,-2.89012,30.49975,lake
MUMUHAMBA,105682-9,public,Kagera,Ngara DC,-2.74538,30.53712,lake
MUNANILA,105237-2,public,Kigoma,Buhigwe DC,-4.43656,29.78295,central
MUNANILA,114453-4,private,Kigoma,Buhigwe DC,-4.4376717,29.783022,central
MUNDARARA,105683-7,public,Arusha,Longido DC,-2.62143,36.44576,northern
Mundemu,105684-5,public,Dodoma,Bahi DC,-5.925784,35.68504,central
MUNDINDI,121238-0,public,Njombe,Ludewa DC,-9.87596,34.96527,shighland
MUNDINDI,105685-2,public,Njombe,Ludewa DC,-9.86222,34.93849,shighland
MUNGAA,105687-8,public,Singida,Ikungi DC,-4.97053,34.88108,central
MUNGERE,109570-2,public,Arusha,Monduli DC,-3.154006,36.025167,northern
MUNGUATOSHA,122742-0,private,Singida,Singida MC,-4.80085,34.72601,central
MUNGUKWANZA,110826-5,private,Simiyu,Busega DC,-2.24737,33.84419,lake
MUNGULI,105689-4,public,Singida,Mkalama DC,-4.02106,34.83491,central
MUNGUMAJI,105690-2,public,Singida,Singida MC,-4.84428,34.784,central
Mungure,113242-2,private,Tanga,Tanga CC,-5.09592,39.10404,coastal
MUNGUSH,105691-0,public,Arusha,Arusha DC,-3.53059,36.83493,northern
MUNGUSHI,105692-8,private,Kilimanjaro,Hai DC,-3.30388,37.13294,northern
MUNGUWI,121061-6,public,Dodoma,Mpwapwa DC,-6.69194,36.43846,central
Munisagara,105693-6,public,Morogoro,Kilosa DC,-6.74823,36.90286,coastal
MUNISI,113394-1,private,Mwanza,Nyamagana MC,-2.5514969,32.9647174,lake
MUNJEBWE,105694-4,public,Kagera,Ngara DC,-2.70101,30.63631,lake
MUNNA,122016-9,private,Dodoma,Dodoma CC,-6.12405,35.42381,central
MUNSONEZA,114442-7,private,Tabora,Uyui DC,-5.04181,33.83401,central
MUNYEGERA,105696-9,public,Kigoma,Buhigwe DC,-4.44831,30.03428,central
MUNZEZE,108759-2,public,Kigoma,Buhigwe DC,-4.72452,29.87131,central
MURANDA,120706-7,public,Mara,Bunda DC,-2.04872,33.47791,lake
MURANGI,105700-9,public,Mara,Musoma DC,-1.83652,33.51666,lake
MURGWANZA,105701-7,private,Kagera,Ngara DC,-2.49222,30.64475,lake
MURIAZA,109383-0,public,Mara,Butiama DC,-1.7109,33.98596,lake
MURIBA,105702-5,public,Mara,Tarime DC,-1.39666,34.6431,lake
MURICK,122130-8,private,Arusha,Arusha CC,,,northern
MURIET,112377-7,public,Arusha,Arusha CC,-3.440929,36.654003,northern
MURITO,113790-0,public,Mara,Tarime DC,-1.52848,34.58349,lake
MURJANDA,105704-1,public,Manyara,Hanang DC,-4.47217,35.1497,northern
MURONGO,105705-8,public,Kagera,Kyerwa DC,-1.06379,30.66779,lake
MURRAY,105706-6,public,Manyara,Mbulu TC,-3.964254,35.55627,northern
MURUA,121328-9,public,Dodoma,Kondoa TC,-4.97513,35.75593,central
MURUBANGA,105707-4,public,Kagera,Ngara DC,-2.84651,30.8138,lake
MURUFITI,105708-2,public,Kigoma,Kasulu TC,-4.62105,30.21647,central
MURUMBA,105709-0,public,Manyara,Hanang DC,-4.72011,35.15796,northern
MURUMO,120935-2,public,Kagera,Muleba DC,-1.98361,31.78861,lake
MURUSAGAMBA,105710-8,public,Kagera,Ngara DC,-2.96136,30.8446,lake
MURUSI,122527-5,public,Kigoma,Kasulu TC,-4.57634,30.13347,central
MURUTILIMA,105712-4,public,Mwanza,Ukerewe DC,-1.91365,32.91268,lake
MURUTUNGURU,105713-2,public,Mwanza,Ukerewe DC,-2.01878,33.03722,lake
MURUVYAGILA,105714-0,public,Kagera,Ngara DC,-2.55772,30.51031,lake
MUSA,105715-7,public,Arusha,Arusha DC,-3.32405,36.520461,northern
MUSAGARA,105412-1,private,Kigoma,Buhigwe DC,-4.433321,29.79779,central
MUSASA,120369-4,public,Geita,Chato DC,-3.0315654,31.7560552,lake
MUSATI,105718-1,public,Mara,Serengeti DC,-1.72604,34.51208,lake
MUSCAT,121081-4,private,Shinyanga,Kahama MC,-3.840735,32.614983,lake
MUSEGE,120825-5,public,Mara,Tarime DC,,,lake
MUSIMU,123254-5,private,Mwanza,Ukerewe DC,,,lake
MUSLUR,105720-7,public,Manyara,Mbulu DC,-4.071137,35.264538,northern
Musoma DC,124726-1,public,Mara,Musoma DC,,,lake
Musoma MC,124727-9,public,Mara,Musoma MC,,,lake
MUSOMA MUNICIPAL,122434-4,public,Mara,Musoma MC,-1.49204,33.80745,lake
MUSOMA POLICE,105722-3,public,Mara,Musoma MC,-1.49421,33.8072,lake
MUSOZI,121680-3,public,Mwanza,Ukerewe DC,-2.05496,33.08659,lake
MUSSE,124972-1,private,Mwanza,Nyamagana MC,-2.55407,32.94816,lake
MUST,104604-4,public,Mbeya,Mbeya CC,-8.94234,33.41465,shighland
MUST Rukwa Campus College,114502-8,public,Rukwa,Sumbawanga DC,-8.318417,31.787288,shighland
MUTALA,105724-9,public,Kigoma,Kasulu DC,-4.717696,30.051589,central
MUTEGEKI,113040-0,private,Kagera,Bukoba MC,-1.32917,31.8124,lake
Mutokiti,122061-5,private,Dar Es Salaam,Kinondoni MC,,,coastal
Mutuka,114047-4,public,Manyara,Babati TC,-4.1612,35.82576,northern
MUTUKULA,105725-6,public,Kagera,Missenyi DC,-1.00407,31.4134,lake
MUTUNDU,111643-3,public,Geita,Chato DC,-2.99249,31.84141,lake
MUUNGANO,105726-4,public,Tabora,Urambo DC,-5.02198,32.1382,central
MUUNGANO,105731-4,public,Lindi,Kilwa DC,-8.4972,39.1181,southern
MUUNGANO,105736-3,public,Njombe,Njombe TC,-9.54861,35.11577,shighland
MUUNGANO,105733-0,public,Songwe,Mbozi DC,-9.160704,32.990258,shighland
MUUNGANO,105737-1,public,Simiyu,Bariadi TC,-2.797851,33.991817,lake
MUUNGANO,124291-6,public,Manyara,Hanang DC,-4.42101,35.05998,northern
MUUNGANO,124632-1,public,Tanga,Muheza DC,-5.11575,38.90468,coastal
MUUNGANO,105729-8,public,Dodoma,Chamwino DC,-6.312592,35.87229,central
MUUNGANO,105735-5,public,Mtwara,Mtwara DC,-10.32621,39.97516,southern
MUUNGANO,105727-2,private,Arusha,Arusha DC,-3.45362,36.71341,northern
MUUNGANO,112307-4,public,Lindi,Nachingwea DC,-10.2234,38.4355,southern
MUUNGANO,110709-3,public,Dodoma,Kongwa DC,-5.82644,36.3618,central
MUUNGANO,109903-5,private,Geita,Chato DC,-2.37731,31.73633,lake
MUUNGANO,122440-1,public,Kigoma,Kasulu TC,-4.48632,30.15597,central
MUUNGANOZOMBA,105738-9,public,Ruvuma,Songea DC,-10.4923,35.2643,shighland
MUUYU,112177-1,public,Songwe,Momba DC,,,shighland
MUVWA,114308-0,public,Mbeya,Mbeya DC,-8.846375,33.250696,shighland
MUWALE,121452-7,public,Mbeya,Mbarali DC,-8.76689,33.75227,shighland
MUWEFA,113172-1,private,Shinyanga,Kahama MC,-3.8376,32.6169783,lake
MUWIMBI,109152-9,public,Iringa,Iringa DC,-8.11245,35.43071,shighland
MUYAMA,105742-1,public,Kigoma,Buhigwe DC,-4.32675,30.07465,central
MUYENJE,105743-9,public,Kagera,Muleba DC,-1.746,31.69028,lake
MUYENZI,105744-7,public,Kagera,Ngara DC,-2.75272,30.59263,lake
MUYOVOZI,105745-4,public,Kigoma,Kasulu DC,-4.386119,30.253725,central
MUYUYU,105746-2,public,Pwani,Kibiti DC,-7.92641,39.07599,coastal
MUZDALFAH CHARTABLE KIMANGA,111443-8,private,Dar Es Salaam,Ilala MC,-6.82656,39.20545,coastal
MUZDALFAH KIWALANI,104846-1,private,Dar Es Salaam,Ilala MC,-6.8665,39.22664,coastal
MUZDALIFA CHARITABLE,112027-8,private,Dar Es Salaam,Ubungo MC,-6.81034,39.15009,coastal
MUZDALIFAH,104866-9,private,Dar Es Salaam,Temeke MC,-6.87283,39.24321,coastal
MUZDALIFAH AMANI,104830-5,private,Dar Es Salaam,Temeke MC,-6.87921,39.24726,coastal
MUZDALIFAH CHARITABLE,104863-6,private,Dar Es Salaam,Kinondoni MC,,,coastal
Muzdalifah Charitable,121406-3,private,Dar Es Salaam,Ilala MC,-6.75641,39.20654,coastal
MUZDALIFAH CHARITABLE,122551-5,private,Dar Es Salaam,Kinondoni MC,-6.54275,39.18051,coastal
MUZDALIFAH EYE CLINIC,124069-6,private,Dar Es Salaam,Kinondoni MC,,,coastal
Muzdalifah Mkombozi,110702-8,private,Dar Es Salaam,Temeke MC,-6.86983,39.26691,coastal
Muze,105759-5,public,Rukwa,Sumbawanga DC,-7.67199,31.55187,shighland
MUZI,113806-4,public,Rukwa,Kalambo DC,-8.43626,31.14803,shighland
MUZI  KIFISHE,121546-6,public,Tanga,Mkinga DC,,,coastal
MUZIDALIF,105758-7,private,Kigoma,Kigoma Ujiji MC,-4.861165,29.646869,central
MUZYE,105763-7,public,Kigoma,Kasulu DC,-4.714302,30.046998,central
MV SALLIM,122619-0,private,Mwanza,Nyamagana MC,-2.538165,32.901752,lake
MVAE,105764-5,public,Singida,Singida DC,-4.64414,34.96598,central
MVIMWA,105765-2,private,Rukwa,Nkasi DC,-7.80862,31.11993,shighland
MVINZA,105766-0,public,Kigoma,Kasulu DC,-4.496927,30.595924,central
MVOMERO,105767-8,public,Morogoro,Mvomero DC,-6.303811,37.44351,coastal
Mvomero DC,124748-5,public,Morogoro,Mvomero DC,,,coastal
MVUGWE,108748-5,public,Kigoma,Kasulu DC,-4.20109,30.48699,central
Mvuha,110410-8,public,Morogoro,Morogoro DC,-7.201563,37.864399,coastal
MVUHA MISSION,110397-7,private,Morogoro,Morogoro DC,-7.18977,37.8513,coastal
MVULENI,110562-6,public,Dar Es Salaam,Ilala MC,-7.010228,39.161697,coastal
MVULENI,125002-6,public,Kilimanjaro,Moshi DC,-3.52659,37.51117,northern
MVULENI,105771-0,public,Lindi,Lindi MC,-9.55979,39.66277,southern
MVULENI,120902-2,public,Lindi,Lindi MC,-10.293745,39.383418,southern
MVULENI-NYAMATO,123393-1,public,Pwani,Mkuranga DC,-7.42303,39.09617,coastal
MVUMI,111072-5,public,Singida,Manyoni DC,-5.91729,35.14368,central
MVUMI,114140-7,public,Morogoro,Kilosa DC,-6.567745,37.171653,coastal
Mvumi,105772-8,public,Morogoro,Kilosa DC,-6.58333,37.1667,coastal
MVUMI MAKULU,105774-4,public,Dodoma,Chamwino DC,-6.347827,35.846517,central
MVUMI MISSION,105775-1,private,Dodoma,Chamwino DC,-6.39181,35.89892,central
MVUNGWE,105776-9,public,Tanga,Kilindi DC,-5.6024,37.34411,coastal
MVURE KONGEI,105777-7,public,Kilimanjaro,Same DC,-4.487131,38.071847,northern
MVUTI,105778-5,public,Dar Es Salaam,Ilala MC,-7.028138,39.125355,coastal
MVUTI MAGEREZA,123358-4,public,Dar Es Salaam,Ilala MC,-7.06846,39.10601,coastal
MWABADIMI,113416-2,public,Simiyu,Maswa DC,-3.24229,34.03331,lake
MWABAGALU,110955-2,public,Simiyu,Maswa DC,-3.03391,33.50819,lake
MWABAGALU,105780-1,public,Simiyu,Meatu DC,-3.64082,34.34137,lake
MWABAGIMU,105781-9,public,Simiyu,Meatu DC,-3.83862,34.64371,lake
MWABAKIMA,105782-7,public,Tabora,Igunga DC,-4.09273,33.53292,central
MWABALATULU,105784-3,public,Tabora,Igunga DC,-4.20075,33.62737,central
MWABALEBI,105785-0,public,Simiyu,Meatu DC,-3.83692,34.25598,lake
MWABAYANDA,105788-4,public,Simiyu,Maswa DC,-3.04832,33.64013,lake
MWABAYANDA M,115258-6,public,Simiyu,Maswa DC,-3.09062,33.52537,lake
MWABILANDA,105790-0,public,Mwanza,Kwimba DC,-2.80438,33.37857,lake
MWABOMBA,105791-8,public,Simiyu,Maswa DC,-3.48411,33.76236,lake
MWABOMBA,110031-2,public,Shinyanga,Ushetu DC,-3.80747,32.12191,lake
MWABUBELE,105793-4,public,Tabora,Igunga DC,-4.17527,33.5711,central
MWABUKI,105794-2,public,Simiyu,Itilima DC,-2.80411,34.19218,lake
MWABULENGA,105795-9,public,Mwanza,Magu DC,-2.61802,33.54373,lake
MWABULIMBU,105880-9,public,Simiyu,Maswa DC,-3.06591,33.56612,lake
MWABULUGU,113875-9,public,Simiyu,Busega DC,-2.267687,33.81369,lake
MWABULUTAGU,105796-7,public,Simiyu,Meatu DC,-3.03271,34.36122,lake
MWABUMA,105798-3,public,Simiyu,Meatu DC,-3.01488,34.23832,lake
MWABUSALU,105799-1,public,Simiyu,Meatu DC,-3.19617,34.12534,lake
MWABUZO,105800-7,public,Simiyu,Meatu DC,-3.83597,34.17188,lake
MWABWOWO,105792-6,public,Mbeya,Mbeya DC,-8.83329,33.40274,shighland
MWACHAMBIA,122383-3,public,Singida,Singida DC,-4.61991,34.99841,central
MWADA,105801-5,public,Manyara,Babati DC,-3.904661,35.812877,northern
MWADILA HEALTH   CARE,121026-9,private,Mwanza,Kwimba DC,-2.9748,33.512597,lake
MWADUBI,105804-9,public,Mwanza,Kwimba DC,-2.95214,33.26424,lake
MWADUI,122846-9,public,Shinyanga,Ushetu DC,-3.54571,32.33221,lake
MWADUI LOHUMBO,105806-4,public,Shinyanga,Kishapu DC,-3.56339,33.63414,lake
MWADUI SELVD,124871-5,private,Shinyanga,Kishapu DC,-3.62043,33.79528,lake
MWAFUGUJI,105808-0,public,Simiyu,Meatu DC,-3.51688,34.08595,lake
MWAFYELA,124177-7,private,Tabora,Urambo DC,-4.89879,32.10316,central
Mwagala,105811-4,public,Mwanza,Misungwi DC,-2.71785,33.06595,lake
MWAGALA,105810-6,private,Simiyu,Maswa DC,-3.18444,33.77995,lake
MWAGAYI,109687-4,public,Simiyu,Meatu DC,-3.36092,34.15092,lake
MWAGENI,105813-0,public,Simiyu,Meatu DC,-3.44647,34.14003,lake
MWAGILIGILI,105815-5,public,Mwanza,Misungwi DC,-3.1739,32.92268,lake
MWAGIMAGI,105816-3,public,Simiyu,Itilima DC,-2.91289,33.76669,lake
Mwagimagi,114207-4,public,Mwanza,Misungwi DC,-3.075227,32.864413,lake
MWAGING'HI,108473-0,public,Mwanza,Kwimba DC,-2.72352,33.41885,lake
MWAGUGULI,105817-1,public,Tabora,Nzega DC,-4.03281,33.0444,central
MWAHANGO,112066-6,public,Singida,Singida DC,-4.70594,34.85831,central
MWAHULI,123352-7,private,Mwanza,Magu DC,-2.54657,33.05036,lake
MWAI,105818-9,public,Kilimanjaro,Mwanga DC,-3.60885,37.61646,northern
MWAI,115049-9,public,Rukwa,Nkasi DC,-7.34817,31.09509,shighland
MWAIJIBE,113504-5,private,Dar Es Salaam,Ilala MC,,,coastal
MWAIKISABE,105819-7,public,Dodoma,Chemba DC,-5.341774,36.132044,central
MWAILANJE,109671-8,public,Dodoma,Chemba DC,-5.270403,36.150303,central
MWAISELA,105820-5,private,Tabora,Nzega TC,-4.21568,33.18901,central
MWAJIJI,105822-1,public,Shinyanga,Shinyanga DC,-3.525252,33.038983,lake
MWAJILUNGA,105823-9,public,Tabora,Igunga DC,-4.5441,33.3727,central
MWAJINJAMA,124052-2,public,Tabora,Igunga DC,-4.56158,33.70175,central
MWAJUMA,114294-2,private,Pwani,Mkuranga DC,-6.97434,39.28956,coastal
MWAKA KATI,121770-2,public,Songwe,Tunduma TC,-9.16884,32.46678,shighland
MWAKABUTA,105824-7,public,Tabora,Igunga DC,-4.225,33.3649,central
MWAKADALA,120342-1,public,Tabora,Uyui DC,-4.84178,33.50738,central
MWAKALELI,105825-4,public,Mbeya,Busokelo DC,-9.15035,33.79253,shighland
MWAKALELI LUTHERAN,105826-2,private,Mbeya,Busokelo DC,-9.1597,33.81815,shighland
MWAKALELI SDA,111700-1,private,Mbeya,Busokelo DC,-9.19522,33.76506,shighland
MWAKALUBA,109780-7,public,Simiyu,Meatu DC,-3.14136,34.24409,lake
MWAKASHINDYE,105827-0,public,Tabora,Uyui DC,-4.83221,32.62136,central
MWAKATA,112134-2,public,Shinyanga,Msalala DC,-3.5352,32.5341,lake
MWAKEYE,122664-6,private,Tanga,Tanga CC,-5.11416,39.08003,coastal
MWAKI,102582-4,private,Singida,Singida MC,-4.81553,34.75316,central
MWAKIBETE,122855-0,public,Mbeya,Mbeya CC,-8.93051,33.48873,shighland
MWAKIBUGA,105828-8,public,Simiyu,Bariadi TC,-2.5642,33.98331,lake
MWAKICHENCHE,122384-1,public,Singida,Singida DC,-4.57571,34.85736,central
MWAKIDILA,105829-6,public,Tanga,Tanga CC,-5.12676,39.08881,coastal
MWAKIJEMBE,105830-4,public,Tanga,Mkinga DC,-4.53312,38.9131,coastal
MWAKIKONGE,121545-8,public,Tanga,Mkinga DC,,,coastal
MWAKIKOYA,114786-7,public,Tanga,Mkinga DC,,,coastal
MWAKILYAMBITI,105831-2,public,Mwanza,Kwimba DC,-3.181735,33.386085,lake
MWAKIPOPO,105832-0,public,Simiyu,Meatu DC,-3.79049,34.30968,lake
MWAKITOLYO,105833-8,public,Shinyanga,Shinyanga DC,-3.39302,32.72948,lake
MWAKIZEGA,105834-6,public,Kigoma,Uvinza DC,-5.09799,29.81572,central
MWAKUZUKA,121988-0,public,Shinyanga,Msalala DC,-3.33631,32.44804,lake
MWALA,114080-5,public,Kilimanjaro,Same DC,-4.561711,38.000742,northern
MWALALA,105836-1,public,Tabora,Igunga DC,-4.4015,33.5543,central
MWALAZI,111738-1,public,Morogoro,Mvomero DC,-7.091087,37.558587,coastal
MWALI,105840-3,public,Kigoma,Kasulu DC,-4.31872,30.319849,central
MWALIMU NYERERE MEMORIAL,105721-5,public,Mara,Musoma MC,-1.49198,33.80809,lake
MWALISI,105841-1,public,Mbeya,Kyela DC,-9.52299,33.70089,shighland
MWALUGULU,110028-8,public,Shinyanga,Msalala DC,-3.84036,32.81078,lake
MWALUKWA,105843-7,public,Shinyanga,Shinyanga DC,-3.50975,33.37838,lake
MWAMABANZA,105845-2,public,Mwanza,Magu DC,-2.69417,33.42112,lake
MWAMADILANHA,105846-0,public,Shinyanga,Shinyanga DC,-3.50459,33.30974,lake
MWAMAGEMBE,105847-8,public,Singida,Itigi DC,-6.47416,33.7737,central
MWAMAGIGISI,105848-6,public,Simiyu,Busega DC,-2.37716,33.7974,lake
MWAMAGOBO,124361-7,public,Tabora,Igunga DC,-4.04445,33.57718,central
MWAMAGUHWA,114199-3,public,Mwanza,Misungwi DC,-3.07586,33.15691,lake
MWAMAGUNGULI,105894-0,public,Shinyanga,Shinyanga MC,-3.60176,33.54078,lake
MWAMAJILA,109485-3,public,Mwanza,Kwimba DC,-2.84405,33.40163,lake
MWAMAKARANGA,105850-2,public,Shinyanga,Shinyanga DC,-3.56887,33.19909,lake
MWAMAKILIGA,112184-7,public,Geita,Nyang'hwale DC,-3.24595,32.67492,lake
MWAMALA,105852-8,public,Tabora,Igunga DC,-4.37162,33.21338,central
MWAMALA,105853-6,public,Tabora,Nzega DC,-4.08342,32.9542,central
MWAMALA,105854-4,public,Shinyanga,Shinyanga DC,-3.74529,33.31872,lake
MWAMALASA,115038-2,public,Shinyanga,Kishapu DC,-3.81969,34.11725,lake
MWAMALILI,108584-4,public,Shinyanga,Shinyanga MC,-3.54703,33.45279,lake
MWAMALOLE,105857-7,public,Simiyu,Meatu DC,-3.88939,34.29227,lake
MWAMANENGE,105859-3,public,Simiyu,Maswa DC,-3.20164,33.9685,lake
MWAMANGA,105860-1,public,Mwanza,Magu DC,-2.63399,33.28991,lake
MWAMANIMBA,108878-0,public,Simiyu,Meatu DC,-3.75791,34.35081,lake
MWAMANONGU,105862-7,public,Simiyu,Meatu DC,-3.72444,34.25913,lake
MWAMANONI,108881-4,public,Simiyu,Meatu DC,-3.84883,34.2068,lake
MWAMANOTA,105863-5,public,Shinyanga,Kishapu DC,-3.83307,33.80797,lake
MWAMANYILI,113876-7,public,Simiyu,Busega DC,-2.4563,33.540085,lake
MWAMANYUDA,105864-3,public,Shinyanga,Shinyanga DC,-3.73485,33.13055,lake
MWAMAPALALA RC,105865-0,private,Simiyu,Itilima DC,-3.03145,33.9084,lake
MWAMAPULI,105867-6,public,Tabora,Igunga DC,-3.98834,33.53356,central
Mwamapuli,113928-6,public,Katavi,Mpimbwe DC,-7.16681,31.37375,shighland
MWAMASHELE,105869-2,public,Shinyanga,Shinyanga MC,-3.72531,33.46308,lake
MWAMASHELE,105868-4,public,Shinyanga,Kishapu DC,-3.74359,33.83382,lake
MWAMASHIGA,105870-0,public,Tabora,Igunga DC,-4.760989,33.7459,central
MWAMASHIMBA,105871-8,public,Tabora,Igunga DC,-4.52131,33.4921,central
MWAMASHIMBA,115039-0,public,Shinyanga,Kishapu DC,-3.84408,34.07006,lake
MWAMASHIMBA,105872-6,public,Mwanza,Kwimba DC,-3.23098,33.12065,lake
MWAMATIGA,109821-9,public,Simiyu,Meatu DC,-3.71114,34.30979,lake
MWAMAYUNGA,122452-6,public,Tabora,Sikonge DC,-5.61132,32.93055,central
MWAMAZENGO,105873-4,public,Mwanza,Misungwi DC,-3.17018,32.84866,lake
MWAMBANI,114156-3,public,Songwe,Songwe DC,-8.45074,33.00404,shighland
MWAMBANI,109213-9,private,Songwe,Songwe DC,-8.443633,33.009839,shighland
MWAMBAO,124157-9,private,Mwanza,Sengerema DC,-2.50607,32.67623,lake
MWAMBAO,123078-8,public,Iringa,Iringa DC,-7.83201,35.45699,shighland
MWAMBEGWA,105876-7,public,Simiyu,Meatu DC,-3.49793,34.34691,lake
MWAMBENE,113111-9,private,Songwe,Tunduma TC,-9.31146,32.76346,shighland
MWAMBITI,105877-5,public,Simiyu,Meatu DC,-3.61038,34.2822,lake
Mwamboku,105878-3,public,Mwanza,Misungwi DC,-3.16611,33.01912,lake
MWAMBOLA,105879-1,public,Mwanza,Misungwi DC,-2.79591,33.10359,lake
MWAMBUSYE,114242-1,public,Mbeya,Kyela DC,-9.50516,33.85329,shighland
MWAMGODO,123006-9,private,Kagera,Muleba DC,-1.60254,31.72221,lake
MWAMGONGO,105882-5,public,Kigoma,Kigoma DC,-4.62409,29.6387,central
MWAMHANJI,124300-5,public,Mwanza,Kwimba DC,-3.17997,33.36196,lake
MWAMIGONGWA,105883-3,public,Simiyu,Busega DC,-2.42349,33.85899,lake
MWAMIHANZA,123911-0,public,Simiyu,Maswa DC,-2.75194,33.78111,lake
MWAMILA,105884-1,public,Kigoma,Uvinza DC,-5.045262,30.160404,central
MWAMISHALI,105885-8,public,Simiyu,Meatu DC,-3.53198,34.25078,lake
MWAMITARE,121738-9,public,Kigoma,Kasulu TC,-4.36293,30.54011,central
MWAMITILWA,122807-1,public,Geita,Geita TC,-2.80472,32.50195,lake
MWAMITILWA,105886-6,public,Geita,Geita DC,-2.65208,32.48249,lake
MWAMITUMAI,105887-4,public,Simiyu,Maswa DC,-3.11885,34.07119,lake
MWAMJULILA,105889-0,public,Simiyu,Busega DC,-2.4334,33.7243,lake
MWAMKULU,111468-5,public,Katavi,Mpanda MC,-6.511008,30.904427,shighland
MWAMKULU,120869-3,public,Katavi,Mpanda MC,-6.30352,30.55467,shighland
MWAMLAPA,105891-6,public,Simiyu,Bariadi DC,-2.63624,34.66702,lake
MWAMONDI,115080-4,public,Simiyu,Bariadi DC,-2.55056,33.93831,lake
MWAMPULU,105892-4,public,Mwanza,Kwimba DC,-2.69097,33.23181,lake
MWANABWITO,105899-9,public,Pwani,Kibaha DC,-6.78573,38.6861,coastal
MWANADILATU,123395-6,public,Pwani,Mkuranga DC,-7.02391,39.17269,coastal
Mwanagwa,105895-7,public,Mwanza,Misungwi DC,-2.96202,33.16116,lake
MWANAKIANGA TTC,105896-5,public,Dodoma,Mpwapwa DC,-6.34555,36.48001,central
MWANALEGUMA,105897-3,private,Simiyu,Bariadi TC,-2.80237,33.99191,lake
MWANALUGALI,121911-2,public,Pwani,Kibaha TC,-6.70088,39.04442,coastal
MWANAMBAYA,105898-1,public,Pwani,Mkuranga DC,-7.049182,39.240297,coastal
MWANAMONGA,105900-5,public,Ruvuma,Songea MC,-10.6378,35.5516,shighland
MWANANCHI,105901-3,private,Mbeya,Chunya DC,-8.41731,33.1589,shighland
MWANANCHI,111591-4,private,Manyara,Babati TC,-4.20893,35.74535,northern
MWANANCHI,120593-9,private,Ruvuma,Tunduru DC,-10.89917,37.8037,shighland
Mwananchi Trust,105902-1,private,Mwanza,Nyamagana MC,-2.519731,32.9004,lake
MWANANGI,105903-9,private,Simiyu,Busega DC,-2.43651,33.5675,lake
MWANANYAMALA,105905-4,public,Dar Es Salaam,Kinondoni MC,-6.78753,39.254381,coastal
MWANASE,112136-7,public,Shinyanga,Msalala DC,-3.3852,,lake
MWANAVALA,121453-5,public,Mbeya,Mbarali DC,-8.76689,33.75227,shighland
MWANDEGE,114747-9,public,Pwani,Mkuranga DC,-6.975003,39.294353,coastal
MWANDETE,101680-7,public,Simiyu,Maswa DC,-3.48218,34.0082,lake
MWANDIGA,105910-4,public,Kigoma,Kigoma DC,-4.8323,29.6581,central
MWANDIHIMIJI,105911-2,public,Tabora,Igunga DC,-3.98261,33.60537,central
MWANDILA,114898-0,public,Lindi,Nachingwea DC,-10.13414,38.64045,southern
MWANDOYA,105913-8,public,Simiyu,Meatu DC,-3.21996,34.21045,lake
MWANDOYA BAKWATA,114853-5,private,Simiyu,Meatu DC,-3.26733,34.20844,lake
MWANDU ITINJE,105914-6,public,Simiyu,Meatu DC,-3.26697,34.133,lake
MWANDUIGEMBE,105915-3,public,Singida,Iramba DC,-4.76979,34.40221,central
MWANDUKISESA,109823-5,public,Simiyu,Meatu DC,-3.11195,34.15656,lake
MWANDUSI,105916-1,public,Tanga,Mkinga DC,-4.91125,39.118101,coastal
MWANEKEYI,109739-3,public,Mwanza,Kwimba DC,-2.65507,33.27657,lake
MWANG'ANDA,105923-7,public,Simiyu,Maswa DC,-2.98416,33.68746,lake
MWANG'ANGA,110444-7,public,Mtwara,Nanyamba TC,-10.705779,39.874287,southern
MWANG'HALANGA,105928-6,public,Mwanza,Kwimba DC,-3.0119,33.38527,lake
MWANG'HALANGA,124605-7,public,Mwanza,Magu DC,-2.64782,33.37263,lake
MWANG'HONOLI,105929-4,public,Simiyu,Maswa DC,-3.01316,33.59545,lake
MWANG'OMBE,114514-3,public,Mwanza,Kwimba DC,-3.17392,33.29692,lake
MWANGA,105919-5,public,Kilimanjaro,Mwanga DC,-3.65501,37.57202,northern
MWANGA,111453-7,private,Pwani,Kibaha DC,-6.71444,38.73893,coastal
MWANGA,105917-9,public,Kigoma,Kasulu TC,-4.44157,30.10579,central
Mwanga DC,124703-0,public,Kilimanjaro,Mwanga DC,,,northern
MWANGA SEC.,105922-9,private,Kilimanjaro,Mwanga DC,-3.65986,37.58593,northern
MWANGARIA,105924-5,private,Kilimanjaro,Moshi DC,-3.5108,37.47913,northern
MWANGAZA,113886-6,public,Ruvuma,Namtumbo DC,-10.75278,36.01862,shighland
MWANGAZA,120850-3,public,Kilimanjaro,Siha DC,-3.05291,37.04961,northern
MWANGAZA,123389-9,public,Kigoma,Uvinza DC,-5.00898,31.12192,central
Mwangaza,113229-9,private,Tanga,Tanga CC,-5.10506,39.10896,coastal
MWANGAZA,112742-2,private,Morogoro,Ulanga DC,-8.98343,36.86499,coastal
MWANGAZA,113325-5,private,Mwanza,Ilemela MC,-2.50283,32.89583,lake
MWANGAZA,112933-7,private,Kigoma,Kigoma Ujiji MC,-4.86943,29.66171,central
MWANGAZA,115297-4,private,Dodoma,Dodoma CC,,,central
MWANGAZA,121971-6,private,Kigoma,Kigoma Ujiji MC,-4.90702,29.66662,central
MWANGAZA,122265-2,private,Ruvuma,Tunduru DC,-7.8931,32.7802242,shighland
MWANGEZA,105927-8,public,Singida,Mkalama DC,-4.10921,34.8226,central
MWANGIKA,105930-2,public,Mwanza,Kwimba DC,-2.66591,33.3559,lake
MWANGIKA,105931-0,public,Mwanza,Buchosa DC,-2.43153,32.1208,lake
MWANGIKULU,105932-8,public,Simiyu,Meatu DC,-3.93639,34.25771,lake
MWANGOYE,105933-6,public,Tabora,Nzega DC,-4.057,33.0844,central
MWANGUDO,105934-4,public,Simiyu,Meatu DC,-3.51463,34.49156,lake
MWANHALA,105935-1,public,Tabora,Nzega DC,-4.36687,33.1545,central
MWANHALE,105936-9,public,Simiyu,Busega DC,-2.3821,33.8914,lake
MWANHUNDA,120836-2,public,Simiyu,Itilima DC,-2.97268,34.27868,lake
MWANIKO,105940-1,public,Mwanza,Misungwi DC,-2.87447,33.22194,lake
MWANINGI,123920-1,public,Shinyanga,Msalala DC,-3.52693,32.66976,lake
MWANJORO,105941-9,public,Simiyu,Meatu DC,-3.71561,34.42622,lake
MWANKIMA,120808-1,public,Shinyanga,Msalala DC,,,lake
MWANKOKO,105942-7,public,Singida,Singida MC,-4.86248,34.63771,central
MWANKUBA,109546-2,public,Mwanza,Kwimba DC,-2.76513,33.43858,lake
MWANKULWE,105943-5,public,Mwanza,Kwimba DC,-3.11922,33.43787,lake
MWANONA,112475-9,public,Mtwara,Newala TC,,,southern
MWANSHOMA,105973-2,public,Tabora,Igunga DC,-5.4255,33.472,central
MWANUNUI,105944-3,public,Simiyu,Itilima DC,-3.07853,33.92586,lake
MWANYA,121907-0,public,Manyara,Kiteto DC,-5.14245,36.25052,northern
MWANYAGULA,105945-0,public,Tabora,Igunga DC,-4.10233,33.9243,central
MWANYAHINA,121458-4,public,Simiyu,Meatu DC,-3.47582,34.29109,lake
MWANYESYA,113138-2,private,Morogoro,Kilosa DC,-6.38775,37.33962,coastal
MWANYIKA,123048-1,private,Pwani,Kisarawe DC,-6.49316,38.59073,coastal
MWANYUMBA,105947-6,public,Tanga,Mkinga DC,-4.83026,38.8603,coastal
Mwanza,105948-4,private,Mwanza,Ilemela MC,-2.53262,32.95075,lake
Mwanza,102465-2,private,Mwanza,Ilemela MC,-2.48382,32.90755,lake
MWANZA  TMHS,120582-2,private,Mwanza,Nyamagana MC,,,lake
MWANZA DENTAL CARE,125285-7,private,Mwanza,Ilemela MC,-2.30203,32.53584,lake
MWANZA DENTAL UNIT,107073-9,private,Mwanza,Nyamagana MC,-2.513843,32.900027,lake
MWANZA EYE CENTRE,121628-2,private,Mwanza,Nyamagana MC,,,lake
MWANZA LENPRINMAT,120622-6,private,Mwanza,Nyamagana MC,-2.60932,32.88681,lake
MWANZA MILITARY,109227-9,public,Mwanza,Ilemela MC,-2.45584,32.93377,lake
MWANZA WOMEN'S,105950-0,private,Mwanza,Nyamagana MC,-2.51879,32.90748,lake
MWANZABURIGA,105951-8,public,Mara,Butiama DC,-1.79912,33.8997,lake
MWANZANGE,111363-8,public,Tanga,Tanga CC,-5.09398,39.09363,coastal
MWANZOMGUMU,105952-6,public,Pwani,Kisarawe DC,-7.15748,39.0014,coastal
MWANZUGI,105954-2,public,Tabora,Igunga DC,-4.340918,33.884856,central
MWAOGA,109535-5,public,Mbeya,Chunya DC,-8.389222,33.102765,shighland
Mwaomi,122251-2,private,Mwanza,Ilemela MC,-2.51697,32.95528,lake
MWAPEMBA JAMII,123097-8,private,Dar Es Salaam,Temeke MC,-6.93611,39.34341,coastal
MWARONGO,105959-1,public,Tanga,Tanga CC,-5.22613,39.08121,coastal
MWARU,105960-9,public,Singida,Ikungi DC,-4.77698,34.27538,central
MWARUSEMBE,105961-7,private,Pwani,Mkuranga DC,-7.26593,39.1445,coastal
MWARUSEMBE LGA,114749-5,public,Pwani,Mkuranga DC,-7.272941,39.134459,coastal
Mwasa,105962-5,public,Morogoro,Kilosa DC,-6.6779,36.75005,coastal
MWASALA,105963-3,public,Tabora,Nzega DC,-3.98765,33.3202,central
MWASAMBA,105964-1,public,Simiyu,Busega DC,-2.315022,33.809959,lake
MWASAYI,105965-8,public,Simiyu,Maswa DC,-3.34516,33.69001,lake
MWASEKAGI,105966-6,public,Shinyanga,Shinyanga DC,-3.4265,32.92818,lake
MWASENGELA,121430-3,public,Simiyu,Meatu DC,-3.01187,34.37416,lake
MWASENI,105967-4,public,Pwani,Rufiji DC,-7.779993,38.267083,coastal
MWASENKWA,105968-2,public,Mbeya,Mbeya CC,-8.85662,33.48957,shighland
MWASHATA,105970-8,public,Simiyu,Meatu DC,-3.01247,34.31419,lake
MWASHEGESHI,105971-6,public,Simiyu,Maswa DC,-3.11209,33.9079,lake
MWASHEPI,106322-1,public,Mwanza,Magu DC,-2.68871,33.60394,lake
MWASHIGI,121921-1,public,Mwanza,Kwimba DC,-3.10922,33.40787,lake
MWASHIGINI,123600-9,public,Shinyanga,Msalala DC,-3.50228,32.56993,lake
MWASHIKU,105972-4,public,Tabora,Igunga DC,-3.997359,33.462616,central
MWASHILALAGE,113717-3,public,Mwanza,Kwimba DC,-2.78932,33.18307,lake
MWASHOMA,115223-0,public,Mbeya,Mbeya DC,-8.87968,33.59878,shighland
MWASI,112540-0,private,Mara,Tarime TC,-1.34229,34.37634,lake
MWASI,124162-9,private,Geita,Geita DC,-2.50686,32.01175,lake
MWASINASI,105974-0,public,Simiyu,Bariadi DC,-2.662,34.27333,lake
MWASINGU,105975-7,public,Shinyanga,Shinyanga DC,-3.519553,33.18506,lake
MWASONGA MEDICAL,120320-7,private,Dar Es Salaam,Kigamboni MC,-7.00287,39.42466,coastal
MWASUBUYA,105976-5,public,Simiyu,Bariadi DC,-2.60984,33.76779,lake
MWASUNG'HO,105977-3,public,Tabora,Igunga DC,-4.0382,33.52276,central
MWASWALE,105978-1,public,Simiyu,Itilima DC,-2.82097,34.32568,lake
MWATANO,121757-9,private,Dodoma,Dodoma CC,-6.13102,35.76435,central
MWATASI,105979-9,public,Iringa,Kilolo DC,-8.25968,35.81006,shighland
MWATULOLE,124504-2,public,Geita,Geita TC,-2.86836,32.28565,lake
MWATUMBE,114715-6,public,Simiyu,Maswa DC,-2.90719,33.59445,lake
MWAUKOLI,109778-1,public,Simiyu,Meatu DC,-3.0489,34.17147,lake
MWAUKOLI,123687-6,private,Simiyu,Meatu DC,-3.04682,34.16947,lake
MWAVI,114405-4,public,Pwani,Bagamoyo DC,-6.38863,38.61695,coastal
MWAWAZA,105980-7,public,Shinyanga,Shinyanga MC,-3.69256,33.3327,lake
MWAWEJA,115053-1,public,Shinyanga,Kishapu DC,-3.74509,33.6868,lake
MWAWILE,105981-5,public,Mwanza,Misungwi DC,-3.25063,32.89754,lake
MWAYA,105984-9,public,Morogoro,Ulanga DC,-8.91822,36.82235,coastal
MWAYA,105983-1,private,Morogoro,Ifakara TC,-7.858533,36.899488,coastal
MWAYUNGE,105986-4,public,Tabora,Igunga DC,-4.584639,33.490833,central
MWAYUNGE WAZAZI,112213-4,private,Tabora,Igunga DC,-4.1727,33.5259,central
MWAZIMBA,105987-2,public,Shinyanga,Msalala DC,-3.48987,32.52192,lake
MWAZYE GOV,109237-8,public,Rukwa,Kalambo DC,-8.44255,31.73937,shighland
MWAZYE MISSION,105990-6,private,Rukwa,Kalambo DC,-8.44183,31.73576,shighland
MWEGOHA,106015-1,private,Dodoma,Kongwa DC,-6.081175,36.654198,central
MWEJ,123926-8,private,Morogoro,Kilosa DC,,,coastal
MWEKA,122640-6,private,Kagera,Karagwe DC,-1.53237,31.15286,lake
MWEKA OMI,105992-2,public,Kilimanjaro,Moshi DC,-3.22583,37.3334,northern
MWEKA WILDLIFE,109372-3,public,Kilimanjaro,Moshi DC,,,northern
MWEKAKO,123996-1,public,Geita,Chato DC,-2.69615,31.51051,lake
MWELA,105993-0,public,Mbeya,Mbeya DC,-8.962227,33.79836,shighland
MWEMAGE,105995-5,private,Kagera,Bukoba DC,-1.48204,31.61389,lake
MWEMAGE,110161-7,public,Kagera,Missenyi DC,-1.31656,31.39933,lake
MWEMBE,105996-3,public,Kilimanjaro,Same DC,-4.156438,37.840148,northern
MWEMBE SINDIMBA,124002-7,private,Dar Es Salaam,Kinondoni MC,,,coastal
Mwembeni,113595-3,public,Dodoma,Kondoa DC,-4.7188,35.65389,central
MWEMBESONGO,105999-7,public,Morogoro,Morogoro MC,-6.8075,37.6717,coastal
MWEMBETAYARI,113582-1,private,Pwani,Kibaha TC,-6.75192,38.93475,coastal
MWEMSI OPTICAL SUPPLY,121655-5,private,Dar Es Salaam,Ilala MC,,,coastal
MWENA,111778-7,public,Mtwara,Masasi DC,-10.507852,39.00902,southern
MWENDA,115015-0,private,Pwani,Bagamoyo DC,-6.45085,38.90743,coastal
MWENDA,122525-9,public,Kigoma,Kasulu TC,-4.66074,30.14614,central
MWENDAKULIMA,111361-2,public,Shinyanga,Kahama MC,-3.8341486,32.6828948,lake
MWENDAKULIMA,123882-3,public,Tabora,Kaliua DC,-4.54376,31.96511,central
MWENDAPOLE,106001-1,public,Pwani,Kibaha TC,-6.75145,38.9114,coastal
MWENG'EMEKE,125025-7,private,Morogoro,Ifakara TC,-8.07761,36.69087,coastal
MWENGA,115334-5,public,Tanga,Korogwe DC,-5.06674,38.33781,coastal
MWENGE,106002-9,public,Dar Es Salaam,Kinondoni MC,-6.766982,39.231561,coastal
MWENGE,110885-1,public,Ruvuma,Tunduru DC,-11.38566,37.36435,shighland
MWENGE,106004-5,public,Shinyanga,Shinyanga DC,-3.282943,32.818607,lake
MWENGE,106003-7,public,Lindi,Nachingwea DC,-10.3283,38.7023,southern
MWENGE CATHOLIC UNIVERSITY,112041-9,private,Kilimanjaro,Moshi DC,-3.29376,37.32418,northern
MWENGEI,112092-2,public,Lindi,Kilwa DC,-8.383,38.975,southern
MWENGEMSHINDO,106006-0,public,Ruvuma,Songea MC,-10.6263,35.59396,shighland
MWENIYAMBA-,124055-5,public,Tanga,Bumbuli DC,-4.36578,38.43221,coastal
MWENZELE,106007-8,public,Dodoma,Mpwapwa DC,-6.4491,36.6983,central
MWENZETU,124877-2,private,Geita,Geita DC,-3.01615,31.94104,lake
MWERA,106008-6,public,Tanga,Pangani DC,-5.49671,38.94518,coastal
MWERA ESTATE,106009-4,private,Tanga,Pangani DC,-5.49461,38.95021,coastal
MWERENI,106011-0,public,Kilimanjaro,Moshi MC,-3.33589,37.34874,northern
MWESE,106012-8,public,Katavi,Tanganyika DC,-6.20302,30.32401,shighland
MWETEMO,114761-0,public,Pwani,Chalinze DC,-6.35235,38.49707,coastal
MWEZAI,123885-6,private,Dar Es Salaam,Ubungo MC,-6.81131,39.23291,coastal
MWIBAGI,106013-6,public,Mara,Butiama DC,-1.85632,33.8392,lake
MWIBOO,113487-3,public,Singida,Manyoni DC,-5.51345,35.03827,central
MWIBUYE,106014-4,public,Kigoma,Kasulu TC,-4.48942,30.05942,central
MWIDADI,124538-0,private,Pwani,Kibaha TC,-6.72375,38.94822,coastal
MWIGEMA,125132-1,private,Manyara,Kiteto DC,-5.55545,36.38958,northern
MWIGUMBI,124044-9,public,Shinyanga,Kishapu DC,,,lake
MWIGUMBI,114487-2,public,Shinyanga,Kishapu DC,-3.62868,33.81291,lake
MWIJI,109515-7,public,Mbeya,Chunya DC,-8.76689,33.75227,shighland
MWIKA,106017-7,public,Kilimanjaro,Moshi DC,-3.28629,37.56269,northern
MWIKANTSI,106019-3,public,Manyara,Babati DC,-4.13649,35.86707,northern
MWILAMBA,121602-7,public,Njombe,Wanging'ombe DC,-9.35585,34.47922,shighland
MWILAMVYA,121729-8,public,Kigoma,Kasulu TC,-4.56905,30.11157,central
MWILIMA,123972-2,public,Geita,Geita TC,-2.81369,32.45875,lake
MWIMBI,106020-1,public,Rukwa,Kalambo DC,-8.66133,31.66676,shighland
MWIME,106022-7,public,Shinyanga,Kahama MC,-3.86111,32.64831,lake
MWIME,121064-0,private,Shinyanga,Kahama MC,-3.87755,32.61455,lake
MWINGIRO,106023-5,public,Geita,Nyang'hwale DC,-3.13332,32.51484,lake
Mwinza,106024-3,public,Rukwa,Nkasi DC,-7.989314,30.886583,shighland
MWIRINGO,110890-1,public,Mara,Musoma DC,-1.74636,33.63306,lake
MWIRURUMA,106025-0,public,Mara,Bunda DC,-2.03218,33.428095,lake
MWISENGE,106026-8,public,Mara,Musoma MC,-1.508473,33.784007,lake
MWISI,106027-6,public,Tabora,Igunga DC,-4.53132,33.449725,central
MWISI,106029-2,public,Singida,Ikungi DC,-5.04522,34.89569,central
MWISOLE,106030-0,public,Tabora,Uyui DC,-4.97103,33.4885,central
MWITAMBU,106031-8,public,Mwanza,Kwimba DC,-2.97922,33.46098,lake
MWITE MUUGUZI MOBILE SERVICES AND,123836-9,private,Dar Es Salaam,Kinondoni MC,-6.14267,39.65439,coastal
MWITENDE,109338-4,public,Mara,Bunda DC,-2.1393,33.3468,lake
MWITIKILWA,112026-0,public,Iringa,Mufindi DC,-8.40153,35.4424,shighland
MWITIKIO,106032-6,public,Tabora,Sikonge DC,-6.82591,33.3642,central
Mwitikira,106016-9,public,Dodoma,Bahi DC,-6.526358,35.664168,central
MWIZAMHOLYA,109740-1,private,Tabora,Tabora MC,-5.01748,32.7999,central
MWOKOZI,112852-9,private,Geita,Geita DC,-3.0102,31.93352,lake
MWONGOZO,106036-7,public,Dar Es Salaam,Kigamboni MC,-6.888028,39.436405,coastal
MWONGOZO,120680-4,public,Tabora,Kaliua DC,-4.80352,32.39381,central
MWONGOZO,121497-2,public,Ruvuma,Tunduru DC,-11.00939,37.45721,shighland
MWONGOZO,106035-9,public,Tabora,Kaliua DC,-4.803521001,32.39381001,central
Mwongozo,122429-4,private,Dar Es Salaam,Ilala MC,,,coastal
MY EYE VISON CARE,112991-5,private,Mwanza,Nyamagana MC,-2.5160431,32.9039304,lake
MYANGAYANGA,106038-3,public,Ruvuma,Mbinga TC,-10.94522,34.93631,shighland
MYAU,121298-4,public,Ruvuma,Mbinga DC,-11.13134,35.48936,shighland
MYOVIZI,106039-1,public,Songwe,Mbozi DC,-8.99618,33.04166,shighland
MYOVIZI B,109916-7,public,Songwe,Mbozi DC,-8.948176,33.074582,shighland
MYRICA,123490-5,private,Dar Es Salaam,Ilala MC,-6.33336,39.21904,coastal
MYRICA,123476-4,private,Dar Es Salaam,Ilala MC,-6.83336,39.21904,coastal
Myula,106040-9,public,Rukwa,Nkasi DC,-7.843475,31.302938,shighland
MYUNGA,106041-7,public,Rukwa,Kalambo DC,-8.35336,31.5813,shighland
MYUNGA,105016-0,public,Songwe,Momba DC,-8.8426,32.278627,shighland
MZALENDO,109293-1,private,Mara,Musoma MC,-1.50481,33.80574,lake
MZALENDO,106044-1,private,Singida,Singida MC,-4.81736,34.7491,central
MZALENDO,113322-2,private,Mwanza,Ilemela MC,-2.23308,33.04545,lake
MZAMBARAUNI,123221-4,private,Dar Es Salaam,Ilala MC,-6.93147,39.12939,coastal
Mzase,114805-5,public,Dodoma,Mpwapwa DC,-6.52915,36.34279,central
MZENGA,106047-4,public,Pwani,Kisarawe DC,-6.9342,38.72203,coastal
MZERI,106048-2,public,Tanga,Handeni DC,-5.206516,38.144308,coastal
MZERU,123416-0,private,Dar Es Salaam,Ilala MC,,,coastal
MZERU MEDICAL,122411-2,private,Dar Es Salaam,Temeke MC,-6.95512,39.91212,coastal
MZIASAA,120981-6,public,Tanga,Bumbuli DC,,,coastal
MZIHA,106051-6,public,Morogoro,Mvomero DC,-5.90132,37.7824,coastal
MZIMUNI,106052-4,public,Dar Es Salaam,Kinondoni MC,-6.81133,39.25603,coastal
MZINGA,110299-5,public,Morogoro,Morogoro MC,-6.88497,37.61853,coastal
Mzinga,106053-2,public,Dar Es Salaam,Temeke MC,-6.941788,39.282659,coastal
MZINGANI,123435-0,public,Tanga,Tanga CC,-5.075341,39.121915,coastal
MZINGI MWAGOGO,121547-4,public,Tanga,Mkinga DC,4.81374,,coastal
Mzogole,106055-7,public,Dodoma,Bahi DC,-6.204733,35.532827,central
MZULA,120838-8,public,Dodoma,Chamwino DC,-6.31259,35.87229,central
MZUMA,123494-7,private,Morogoro,Kilosa DC,-7.67276,36.33864,coastal
MZUMBE,106056-5,public,Morogoro,Mvomero DC,-6.92402,37.56655,coastal
MZUMBE UNIVERSITY MBEYA,110740-8,public,Mbeya,Mbeya CC,-8.9087,33.44706,shighland
MZUNDU,106057-3,public,Tanga,Handeni DC,-5.50842,38.33632,coastal
N.G LIGHT,111783-7,private,Arusha,Arusha CC,-3.44181,36.66592,northern
N.H.L,121107-7,private,Mwanza,Nyamagana MC,-2.57229,32.98965,lake
NAALARAMI,120845-3,public,Arusha,Monduli DC,-3.61821,36.51545,northern
NABERERA,106059-9,public,Manyara,Simanjiro DC,-4.20257,36.9353,northern
NABUHIMA,106060-7,public,Kigoma,Kibondo DC,-3.57055,30.71031,central
NABUNGONA,106061-5,private,Mwanza,Ukerewe DC,-2.00242,32.90121,lake
NABWEKO,121968-2,public,Mwanza,Ukerewe DC,-1.71081,33.34082,lake
NACHINGWEA,106062-3,public,Lindi,Lindi MC,-10.00448,39.70568,southern
NACHINGWEA,106063-1,public,Lindi,Nachingwea DC,-10.3282,38.7024,southern
Nachingwea DC,124712-1,public,Lindi,Nachingwea DC,,,southern
NACHINYIMBA,106064-9,public,Lindi,Ruangwa DC,-10.0606,38.9988,southern
NAD,113354-5,private,Mwanza,Ilemela MC,-2.480306,32.910222,lake
NADHIFU,122830-3,private,Lindi,Kilwa DC,-8.79725,39.34739,southern
NADONJUKIN,106065-6,public,Manyara,Simanjiro DC,-3.908557,36.698191,northern
NADOSOITO,109516-5,public,Arusha,Arusha CC,-3.493953,36.681011,northern
NAEPO,123596-9,public,Manyara,Simanjiro DC,-3.60482,37.03514,northern
NAFCO,109440-8,public,Arusha,Monduli DC,-3.71916,36.41056,northern
NAFUBA,106067-2,public,Mara,Bunda DC,-2.17957,33.3014,lake
NAGAGA,106068-0,public,Mtwara,Masasi DC,-10.9007,39.1072,southern
NAGULO BAHI,123908-6,public,Dodoma,Bahi DC,-6.59721,35.62101,central
NAGULO MWITIKIRA,106069-8,public,Dodoma,Chamwino DC,-6.600192,35.622014,central
NAHAMA,120755-4,public,Lindi,Kilwa DC,-8.54091,39.05431,southern
NAHIDYA,113083-0,private,Ruvuma,Mbinga TC,-10.96045,34.98771,shighland
NAHIMBA,106070-6,public,Lindi,Nachingwea DC,-10.30977,38.15453,southern
NAHORO,106072-2,public,Lindi,Liwale DC,-10.24537,38.25542,southern
NAHSEY,121293-5,public,Manyara,Mbulu TC,-3.54581,35.37361,northern
NAHUKAHUKA,106073-0,public,Lindi,Mtama DC,-10.54293,39.39155,southern
NAIBILI,106074-8,public,Kilimanjaro,Siha DC,-3.238564,37.034263,northern
NAIKESI,106076-3,public,Ruvuma,Namtumbo DC,-10.20172,35.89823,shighland
NAIKUILA,106077-1,public,Ruvuma,Tunduru DC,-11.16433,37.48116,shighland
NAINAR,124166-0,private,Lindi,Lindi MC,-9.91363,39.72951,southern
NAINOKANOKA,106078-9,public,Arusha,Ngorongoro DC,-3.025892,35.686697,northern
NAINOKWE,106188-6,public,Lindi,Kilwa DC,-9.082,38.893,southern
NAIPANGA,106079-7,public,Lindi,Nachingwea DC,-10.49087,38.81321,southern
NAISINYAI,106080-5,public,Manyara,Simanjiro DC,-3.517966,37.025632,northern
NAITI,106081-3,public,Arusha,Monduli DC,-3.516049,36.168822,northern
NAITOLIA,111537-7,public,Arusha,Monduli DC,-3.60246,36.09109,northern
NAIYOBI,106222-3,public,Arusha,Ngorongoro DC,-2.84348,35.846931,northern
Najo,121957-5,private,Pwani,Kibaha DC,-6.832762,38.865414,coastal
NAKAFULU,106083-9,public,Morogoro,Ulanga DC,-8.41369,36.62939,coastal
NAKAHAKO,120563-2,public,Mtwara,Newala DC,-10.78043,39.17453,southern
NAKAHEGWA,106084-7,public,Ruvuma,Songea DC,-10.7798,35.5403,shighland
NAKAHUGA,106085-4,public,Ruvuma,Songea DC,-10.58754,35.33989,shighland
NAKALONJI,114900-4,public,Lindi,Nachingwea DC,-10.38432,38.73822,southern
NAKAPANYA,106086-2,public,Ruvuma,Tunduru DC,-10.89912,37.80588,shighland
NAKARARA,121483-2,public,Mtwara,Masasi DC,,,southern
NAKATUNGURU,110871-1,public,Mwanza,Ukerewe DC,-2.1035,33.08208,lake
NAKAWALE,122319-7,public,Songwe,Momba DC,-9.00082,32.42495,shighland
NAKINDU,101316-8,public,Lindi,Kilwa DC,-8.40101,38.92401,southern
NAKING'OMBE,106087-0,public,Lindi,Kilwa DC,-8.935572,38.825118,southern
NAKIU,106088-8,public,Lindi,Kilwa DC,-9.572,39.018,southern
NAKOPI,106090-4,public,Mtwara,Nanyumbu DC,-11.041961,38.176411,southern
NAKWA,112032-8,public,Manyara,Babati TC,-4.24685,35.70648,northern
NAKWENI,123595-1,public,Manyara,Simanjiro DC,-3.56051,36.98568,northern
Nala,106091-2,public,Dodoma,Dodoma CC,-6.08333,35.6167,central
NALASI,106092-0,public,Ruvuma,Tunduru DC,-11.46546,36.98343,shighland
NALASI,121177-0,public,Ruvuma,Tunduru DC,-11.45859,36.98357,shighland
NALIENDELE,106093-8,public,Mtwara,Mtwara MC,-10.36422,40.16098,southern
NALINGU,106094-6,public,Mtwara,Mtwara DC,-10.337475,40.307026,southern
NALUSUNGUTI,123035-8,public,Geita,Bukombe DC,-3.38971,31.60888,lake
NAM,123197-6,private,Manyara,Babati TC,-4.12001,35.45191,northern
NAMABENGO,106097-9,private,Ruvuma,Namtumbo DC,-10.55843,35.86419,shighland
NAMAGONDO,106098-7,public,Mwanza,Ukerewe DC,-2.0619,33.05043,lake
NAMAGULUVI,115352-7,public,Mtwara,Nanyumbu DC,-10.98674,38.37621,southern
NAMAHEMA,106099-5,public,Lindi,Ruangwa DC,-10.240914,38.955385,southern
NAMAJANI,106100-1,public,Mtwara,Masasi DC,-10.72879,38.65121,southern
NAMAKONGORO,121181-2,public,Lindi,Kilwa DC,-9.33711,39.60311,southern
NAMALAMA,109689-0,public,Mara,Bunda DC,-2.09027,33.30784,lake
NAMALANDULA,120699-4,public,Geita,Bukombe DC,-3.44792,31.40491,lake
NAMALEBE,113913-8,public,Mara,Bunda DC,-2.11006,33.43333,lake
NAMALEMBO,106101-9,public,Mtwara,Masasi DC,-10.75943,38.45839,southern
NAMALULU,106102-7,public,Manyara,Simanjiro DC,-4.34445,36.9505,northern
NAMANGA,106104-3,public,Arusha,Longido DC,-2.551164,36.78745,northern
NAMANGA,123067-1,private,Arusha,Meru DC,,,northern
NAMANGALE,106106-8,public,Lindi,Mtama DC,-10.3401,39.1417,southern
NAMANGUDU,121913-8,public,Mtwara,Newala DC,-10.51034,39.26783,southern
NAMANGULI,113885-8,public,Ruvuma,Namtumbo DC,-10.07903,35.9004,shighland
NAMANJELE,110505-5,public,Mtwara,Mtwara DC,-10.456816,39.947846,southern
Namansi,106107-6,public,Rukwa,Nkasi DC,-7.622321,30.6607,shighland
NAMANYERE,106109-2,private,Rukwa,Nkasi DC,-7.50647,31.03943,shighland
Namanyere,106108-4,public,Rukwa,Nkasi DC,-7.519297,31.045941,shighland
NAMANYIGU,122144-9,private,Ruvuma,Songea MC,,,shighland
NAMAPWIA,106110-0,public,Lindi,Nachingwea DC,-10.0559,38.64411,southern
NAMASAKATA,106111-8,public,Ruvuma,Tunduru DC,-11.14369,37.44779,shighland
NAMASALAU,123323-8,public,Ruvuma,Tunduru DC,-11.13601,37.35123,shighland
NAMATEWA,112447-8,public,Lindi,Kilwa DC,-8.645,38.755,southern
NAMATUHI,106112-6,public,Ruvuma,Songea DC,-10.87231,35.44932,shighland
NAMATULA,121041-8,public,Lindi,Nachingwea DC,-10.38432,38.73822,southern
NAMATUMBUSI,115301-4,public,Mtwara,Nanyumbu DC,-10.8214048,38.68721387,southern
NAMATUMBUSI,111339-8,public,Lindi,Nachingwea DC,-10.48332,38.6233,southern
NAMATUNU,106113-4,public,Lindi,Nachingwea DC,-10.541,37.9755,southern
NAMATUNU,106114-2,public,Mtwara,Masasi TC,-10.74883,38.891929,southern
NAMATUTWE,106115-9,public,Mtwara,Masasi DC,-10.71112,38.5565,southern
NAMAYANI,123975-5,private,Arusha,Arusha DC,-3.39563,36.53261,northern
NAMAYUNI,106116-7,private,Lindi,Kilwa DC,-8.5423,39.1231,southern
NAMBA SITA,125041-4,private,Tabora,Igunga DC,-4.05297,33.48756,central
NAMBAHU,106118-3,public,Lindi,Mtama DC,-10.59438,39.61952,southern
NAMBAHU,106117-5,public,Mtwara,Tandahimba DC,-10.67951,39.64253,southern
NAMBALA,109953-0,public,Songwe,Mbozi DC,-9.08109,32.98264,shighland
NAMBALA,106119-1,private,Arusha,Meru DC,-3.4008,36.80629,northern
NAMBALAPALA,106120-9,public,Lindi,Nachingwea DC,-10.1567,38.67714,southern
NAMBALI,110359-7,public,Mtwara,Newala DC,-10.56994,39.287916,southern
NAMBAYA,106121-7,private,Mtwara,Masasi DC,-10.66061,38.65481,southern
NAMBECHA,106122-5,public,Ruvuma,Namtumbo DC,-10.13126,36.08022,shighland
NAMBENDO,106124-1,public,Ruvuma,Songea DC,,,shighland
NAMBILANJE,106125-8,public,Lindi,Ruangwa DC,-9.78015,39.02627,southern
NAMBINZO,106126-6,public,Songwe,Mbozi DC,-8.82211,32.66601,shighland
NAMBOGO,114707-3,public,Rukwa,Sumbawanga MC,-8.04035,31.66232,shighland
NAMBUBI,106128-2,public,Geita,Mbogwe DC,-3.32788,32.12841,lake
NAMBUGA,106127-4,public,Mtwara,Newala TC,-10.87382,39.23679,southern
Nambunju,106129-0,public,Pwani,Rufiji DC,-8.31794,38.9857,coastal
NAMCHINKA,106130-8,public,Songwe,Momba DC,-9.03083,32.1524,shighland
NAMELOCK,121336-2,private,Dodoma,Dodoma CC,-6.15497,35.74764,central
NAMELOK,121675-3,public,Arusha,Arusha DC,-3.13514,36.74372,northern
NAMGOGOLI,106132-4,public,Mtwara,Mtwara DC,-10.206224,40.013502,southern
NAMHANGA,111863-7,public,Morogoro,Ulanga DC,-8.48417,36.54049,coastal
NAMHULA,106156-3,public,Mara,Bunda DC,-2.07971,33.462,lake
NAMICHIGA,106134-0,public,Lindi,Ruangwa DC,-9.91425,38.9944,southern
NAMIEGU,106135-7,public,Lindi,Ruangwa DC,-10.1609,38.98854,southern
NAMIHU,106136-5,public,Lindi,Liwale DC,-9.66933,37.93892,southern
NAMIHUNGO,121961-7,public,Mtwara,Masasi DC,-10.36638,39.24161,southern
NAMIKULO,106138-1,public,Lindi,Ruangwa DC,-9.96706,38.9144,southern
NAMIKUPA,106139-9,public,Mtwara,Tandahimba DC,-10.84307,39.62274,southern
NAMILEMA,124634-7,public,Lindi,Ruangwa DC,-10.10664,38.92835,southern
NAMINDONDI,106140-7,public,Mtwara,Tandahimba DC,-10.4074,39.4691,southern
NAMING'ONGO,106141-5,public,Songwe,Momba DC,-8.774294,32.446629,shighland
NAMISANGI,106142-3,public,Mtwara,Nanyamba TC,-10.537276,39.878149,southern
NAMIUNGO,106143-1,private,Ruvuma,Tunduru DC,-10.86813,37.6385,shighland
NAMIYONGA,106144-9,public,Mtwara,Newala TC,-10.8929,39.3337,southern
NAMKATILA,122385-8,public,Lindi,Ruangwa DC,-9.86548,38.88912,southern
NAMKOMOLELA,106145-6,public,Mtwara,Tandahimba DC,-10.7323,39.5493,southern
NAMKONGO,106146-4,public,Lindi,Lindi MC,-9.75964,39.38586,southern
NAMKONJELA,111728-2,public,Lindi,Ruangwa DC,-9.86073,38.9763,southern
NAMKUKWE,109181-8,public,Songwe,Songwe DC,-8.58899,32.729105,shighland
NAMLONGA,109926-6,public,Songwe,Mbozi DC,-8.915153,33.137758,shighland
NAMMANGA,112306-6,public,Lindi,Nachingwea DC,-10.27921,38.71661,southern
NAMOLE,121880-9,public,Songwe,Tunduma TC,-9.13048,32.45157,shighland
NAMONGE,106149-8,public,Geita,Bukombe DC,-3.40264,31.44949,lake
NAMPALAHALA,120702-6,public,Geita,Bukombe DC,-3.24094,31.64623,lake
NAMPEMBA,106150-6,public,Lindi,Nachingwea DC,-10.35598,38.81485,southern
NAMPUNGU,106151-4,public,Ruvuma,Tunduru DC,-10.91525,37.03805,shighland
NAMSINDE I,122358-5,public,Songwe,Momba DC,-8.56904,32.32443,shighland
NAMTAMBA,106152-2,public,Lindi,Lindi MC,-10.01324,39.27186,southern
NAMTAMBALALA,110357-1,public,Songwe,Momba DC,-8.759517,32.199228,shighland
NAMTUMBO,109216-2,public,Ruvuma,Namtumbo DC,-10.46719,36.13502,shighland
NAMTUMBO,106154-8,public,Ruvuma,Namtumbo DC,-10.29414,36.09142,shighland
Namtumbo DC,124795-6,public,Ruvuma,Namtumbo DC,,,shighland
NAMTUMBUKA,106155-5,public,Mtwara,Nanyamba TC,-10.766344,39.920801,southern
NAMUNGO,110908-1,public,Lindi,Ruangwa DC,-9.97865,39.02982,southern
NAMUPA,106157-1,public,Lindi,Mtama DC,-10.29088,39.25269,southern
NAMWANGA,106158-9,public,Mtwara,Masasi DC,-10.76056,39.02797,southern
NAMWANGWA,106159-7,public,Songwe,Mbozi DC,-9.322387,33.066126,shighland
NAMWAWALA,106160-5,public,Morogoro,Mlimba DC,-8.154555,36.389139,coastal
NAMWETA NJETENI,112565-7,private,Dar Es Salaam,Ubungo MC,-6.80583,39.09562,coastal
NAMWINYU,106161-3,public,Ruvuma,Tunduru DC,-10.76828,36.90025,shighland
NAMYOMYO,121481-6,public,Mtwara,Masasi DC,,,southern
NANA,112915-4,private,Iringa,Iringa MC,-7.74701,35.71947,shighland
Nana,121156-4,private,Mwanza,Nyamagana MC,-2.5395237,32.9608445,lake
NANAIRO CO. LIMITED,113517-7,private,Dar Es Salaam,Temeke MC,-6.86839,39.27575,coastal
NANAIRO CO. LIMITED,113518-5,private,Dar Es Salaam,Temeke MC,-6.86725,39.27451,coastal
NANCY,121321-4,private,Ruvuma,Songea MC,-10.649,35.65,shighland
NANDAGALA,111730-8,public,Lindi,Ruangwa DC,-10.24821,38.97975,southern
NANDAMBI,112123-5,public,Lindi,Lindi MC,-9.96396,39.52391,southern
NANDANGA,108768-3,public,Songwe,Tunduma TC,-9.2955,32.893913,shighland
NANDANGA,110907-3,public,Lindi,Ruangwa DC,-10.45966,39.00915,southern
NANDEMBO,111181-4,public,Lindi,Kilwa DC,-8.50261,38.92466,southern
NANDEMBO,106165-4,private,Ruvuma,Tunduru DC,-10.95599,37.23625,shighland
NANDEMBO,115356-8,public,Mtwara,Nanyumbu DC,-10.55454,38.11227,southern
NANDENJE,111733-2,public,Lindi,Ruangwa DC,-10.07595,39.02666,southern
NANDETE,106166-2,public,Lindi,Kilwa DC,-8.433767,38.873033,southern
NANDETE,106167-0,public,Mtwara,Nanyumbu DC,-10.902058,38.804491,southern
NANG'OLI,123322-0,private,Dodoma,Dodoma CC,-6.16278,35.89851,central
NANGA,106170-4,public,Tabora,Igunga DC,-4.26241,33.6143,central
NANGA,106169-6,public,Simiyu,Itilima DC,-2.87745,34.22615,lake
NANGALE,106171-2,public,Simiyu,Itilima DC,-2.91887,34.26625,lake
NANGANGA,106173-8,public,Mtwara,Masasi DC,-10.4062,39.1859,southern
NANGANGA,106172-0,public,Lindi,Ruangwa DC,-10.39475,39.138183,southern
NANGANO,106174-6,public,Lindi,Liwale DC,-10.0835,38.42361,southern
NANGARU,106175-3,public,Lindi,Lindi MC,-9.84159,39.47059,southern
NANGOMBA,106176-1,public,Mtwara,Nanyumbu DC,-10.904228,38.519224,southern
NANGOMBO,106177-9,private,Ruvuma,Nyasa DC,-11.28897,34.85452,shighland
NANGOSE,120463-5,public,Mtwara,Masasi TC,-10.6887,38.7842,southern
NANGUJI,124486-2,private,Morogoro,Morogoro MC,-6.82677,37.66404,coastal
NANGUJI MEMORIAL,113728-0,private,Morogoro,Morogoro MC,-6.82687,37.66404,coastal
NANGUMBU,122386-6,public,Lindi,Ruangwa DC,-10.37291,39.05503,southern
NANGUNDE,106178-7,public,Lindi,Nachingwea DC,-10.2166,38.559,southern
NANGURUGAI,106179-5,public,Lindi,Ruangwa DC,-9.91808,38.75606,southern
NANGURUKURU,106180-3,public,Lindi,Kilwa DC,-8.805501,39.354459,southern
NANGURUWE,114695-0,public,Mtwara,Newala TC,-10.59372,39.20237,southern
NANGWA,106182-9,private,Manyara,Hanang DC,-4.50511,35.44421,northern
NANGWA GOVERNMENT,124290-8,public,Manyara,Hanang DC,-4.29561,35.26425,northern
NANJA,114067-2,public,Arusha,Monduli DC,-3.399294,36.268802,northern
NANJARA,106183-7,public,Kilimanjaro,Rombo DC,-3.021487,37.562476,northern
NANJARU,106184-5,public,Lindi,Ruangwa DC,-9.72063,39.1052,southern
NANJEDYA,110504-8,public,Mtwara,Nanyamba TC,-10.57244,39.878243,southern
NANJEGEJA,121863-5,public,Lindi,Liwale DC,-9.87807,37.98948,southern
NANJIRINJI,106185-2,public,Lindi,Kilwa DC,-9.625,38.692,southern
NANJOTA,106186-0,private,Mtwara,Masasi DC,-10.81821,38.97701,southern
Nankanga,106187-8,public,Rukwa,Sumbawanga DC,-8.25757,32.0493,shighland
NANSAMA,106189-4,public,Songwe,Mbozi DC,-8.908988,33.033098,shighland
NANSIMO,106190-2,public,Mara,Bunda DC,-2.1495,33.3469,lake
NANSIO SDA,107336-0,private,Mwanza,Ukerewe DC,-2.10264,33.08061,lake
NANTALONGA,120942-8,private,Morogoro,Morogoro MC,,,coastal
NANTOLONGA,114687-7,private,Morogoro,Morogoro MC,,,coastal
NANYALA,107548-0,public,Songwe,Mbozi DC,-8.958758,33.213224,shighland
NANYALA,106191-0,public,Songwe,Mbozi DC,-8.93901,33.19441,shighland
NANYAMBA,106193-6,private,Mtwara,Nanyamba TC,-10.6943,39.8047,southern
NANYAMBA COUNCIL,113747-0,public,Mtwara,Nanyamba TC,-10.64721,39.84234,southern
Nanyamba TC,124755-0,public,Mtwara,Nanyamba TC,,,southern
NANYANGA,106194-4,public,Mtwara,Tandahimba DC,-10.81375,39.52027,southern
NANYANI,120670-5,public,Mtwara,Mtwara DC,-10.30905,39.93021,southern
NANYANJE,120866-9,public,Lindi,Lindi MC,-9.87216,39.61027,southern
NANYINDWA,106195-1,public,Mtwara,Masasi DC,-10.63063,38.69677,southern
NANYOGIE,106196-9,public,Tanga,Korogwe DC,-4.733983,38.015428,coastal
NANYUMBU,108455-7,public,Mtwara,Nanyumbu DC,-11.140558,38.49409,southern
Nanyumbu DC,124756-8,public,Mtwara,Nanyumbu DC,,,southern
NAPIRIKUNYA,123324-6,public,Manyara,Kiteto DC,-5.31084,36.56255,northern
NAPUPA,122522-6,public,Mtwara,Masasi TC,-10.50181,38.55901,southern
NAPUTA,106198-5,public,Mtwara,Tandahimba DC,-10.84517,39.69403,southern
NAR,106199-3,public,Manyara,Babati DC,-4.1813,35.4094,northern
NARAI,125111-5,private,Morogoro,Mvomero DC,-6.12301,37.58005,coastal
NARCO,106201-7,public,Dodoma,Kongwa DC,-6.063599,36.452619,central
NAROKAWO,106200-9,public,Manyara,Simanjiro DC,-4.22415,36.50127,northern
NARUMU,106203-3,public,Kilimanjaro,Hai DC,-3.27295,37.2463,northern
NARUMU RC,106204-1,private,Kilimanjaro,Hai DC,-3.2684,37.2469,northern
NARUNG'OMBE,106205-8,public,Lindi,Ruangwa DC,-9.98251,38.84367,southern
NARUNGA,110231-8,public,Mtwara,Nanyamba TC,-10.552639,39.73499,southern
NARUNYU,106206-6,public,Lindi,Lindi MC,-10.03359,39.52413,southern
NASA MAKOKA,111657-3,private,Dar Es Salaam,Ilala MC,-6.81389,39.18259,coastal
NASAH,124420-1,private,Mwanza,Nyamagana MC,-2.59662,32.94838,lake
NASEEM,112658-0,private,Morogoro,Morogoro MC,-6.82746,37.66624,coastal
NASEEM,121316-4,private,Morogoro,Morogoro MC,,,coastal
NASIBUGANI,106207-4,public,Pwani,Mkuranga DC,-7.39206,39.25648,coastal
NASILULUMA,122490-6,public,Geita,Bukombe DC,-3.41782,31.42378,lake
NASINDI,106208-2,public,Mtwara,Masasi DC,-10.59167,38.85828,southern
NASOMBA,106209-0,public,Ruvuma,Tunduru DC,-11.58707,37.08392,shighland
NASSA,106210-8,public,Simiyu,Busega DC,-2.37366,33.5849,lake
NASSANIA,122333-8,private,Morogoro,Morogoro MC,-6.75222,37.63462,coastal
NASSANIA,124513-3,private,Morogoro,Morogoro MC,-6.82677,37.65811,coastal
NASYA,124190-0,public,Ruvuma,Tunduru DC,-11.21953,37.38511,shighland
NATA,106211-6,public,Tabora,Nzega DC,-4.03107,33.13346,central
NATIONAL DEFENCE COLLEGE,111825-6,public,Dar Es Salaam,Kinondoni MC,,,coastal
National Public Health Laboratory(NPHL),111317-4,public,Dar Es Salaam,Ubungo MC,-6.8121,39.29746,coastal
NATTA,106217-3,public,Mara,Serengeti DC,-2.023524,34.449253,lake
NATTA,121472-5,private,Manyara,Simanjiro DC,,,northern
NAUJOMBO,106218-1,public,Lindi,Liwale DC,-9.78866,38.50686,southern
Naumbu,106219-9,public,Mtwara,Mtwara DC,-10.234876,40.124005,southern
NAVIKOLE,123202-4,public,Mtwara,Nanyamba TC,-10.51971,40.15118,southern
NAVY KIGAMBONI,106221-5,public,Dar Es Salaam,Kigamboni MC,-6.826187,39.303564,coastal
NAZARET PRINMAT,112226-6,private,Mwanza,Ilemela MC,-2.23456,32.29345,lake
Nazareth,122060-7,private,Dar Es Salaam,Kinondoni MC,,,coastal
NAZARETH,122212-4,private,Arusha,Karatu DC,,,northern
NAZARETH,106223-1,private,Songwe,Mbozi DC,-9.01435,33.00788,shighland
NAZARETH,109324-4,private,Njombe,Makambako TC,-8.84084,34.80118,shighland
NAZARETH,112110-2,private,Pwani,Bagamoyo DC,-6.58705,39.04781,coastal
NAZARETH,122659-6,private,Mwanza,Ilemela MC,,,lake
NAZARETH,124523-2,private,Mwanza,Buchosa DC,-2.53324,32.28896,lake
NAZARETH B,120138-3,private,Shinyanga,Ushetu DC,,,lake
NAZARETH HEALTH CARE,112160-7,private,Shinyanga,Kahama MC,-3.842069,32.596545,lake
NAZARETH PRINMAT,112108-6,private,Mwanza,Ilemela MC,-2.50155,32.91964,lake
NAZARETI,115265-1,private,Manyara,Hanang DC,-4.4258,35.5011,northern
NAZARETI,121038-4,private,Manyara,Hanang DC,-4.42341,35.50119,northern
NAZARETI,113491-5,private,Dar Es Salaam,Kinondoni MC,-6.778367,39.229437,coastal
NCAA,106225-6,public,Arusha,Ngorongoro DC,-3.24532,35.48094,northern
NCHELI,106226-4,public,Tabora,Igunga DC,-5.42722,33.3833,central
NCHENJE,115181-0,public,Rukwa,Nkasi DC,-7.79011,31.22355,shighland
NCHINILA,120436-1,public,Manyara,Kiteto DC,-5.54284,36.38132,northern
NDABOINE,108730-3,private,Kigoma,Kigoma Ujiji MC,-4.89766,29.65661,central
NDABWA,124035-7,public,Tanga,Lushoto DC,-4.83436,38.32828,coastal
NDACHI,122721-4,private,Dodoma,Dodoma CC,,,central
NDAGA,106227-2,public,Mbeya,Rungwe DC,-9.07011,33.57712,shighland
NDAGO,106228-0,public,Singida,Iramba DC,-4.58138,34.3462,central
Ndagoni,106229-8,public,Pwani,Mafia DC,-7.873582,39.749807,coastal
NDAJILI,122272-8,private,Dodoma,Dodoma CC,,,central
NDAJILO,114224-9,private,Dodoma,Dodoma CC,,,central
NDALA,106231-4,public,Mbeya,Busokelo DC,-9.16621,33.758,shighland
NDALA,106232-2,public,Singida,Mkalama DC,-4.39125,34.69647,central
NDALA,123603-3,public,Shinyanga,Msalala DC,-3.58723,32.46102,lake
NDALA,106233-0,private,Tabora,Nzega DC,-4.77137,33.23866,central
NDALAMBO,108877-2,public,Songwe,Momba DC,-9.091417,32.497462,shighland
NDALENYI,106235-5,private,Pwani,Kibaha TC,-6.77962,38.98649,coastal
NDALETA,106236-3,public,Manyara,Kiteto DC,-5.23015,36.49959,northern
NDALIBO,106237-1,public,Dodoma,Kongwa DC,-5.993671,36.54952,central
NDAMHI,109616-3,public,Mwanza,Kwimba DC,-3.13755,33.14215,lake
NDANDA,106239-7,public,Kilimanjaro,Mwanga DC,-3.67611,37.65274,northern
NDANDA,121482-4,public,Mtwara,Masasi DC,-10.47725,39.03376,southern
NDANDA GROUP,111696-1,private,Mtwara,Masasi TC,-10.72681,38.8172,southern
NDANDALO,120609-3,public,Mbeya,Kyela DC,-9.59597,33.86131,shighland
NDANGA,108492-0,public,Ruvuma,Mbinga DC,-10.86818,34.82722,shighland
NDANGA,123616-5,public,Songwe,Songwe DC,-8.30406,32.58591,shighland
NDANTO,122305-6,public,Mbeya,Rungwe DC,-9.08553,33.55738,shighland
NDANYELA,106240-5,private,Mbeya,Mbeya CC,-8.92359,33.42524,shighland
NDANYELA,120926-1,public,Mbeya,Mbeya CC,-8.92297,33.42733,shighland
NDAPATA,106241-3,public,Lindi,Liwale DC,-9.59512,37.40614,southern
NDAPO,108493-8,public,Njombe,Makete DC,-8.956691,33.935608,shighland
NDASI,112016-1,private,Katavi,Mpanda MC,-6.34308,31.07251,shighland
NDEBIC  MEDICAL,122013-6,private,Shinyanga,Msalala DC,,,lake
NDEBWE,106242-1,public,Dodoma,Chamwino DC,-6.36616,35.975513,central
NDEDO,106243-9,public,Manyara,Kiteto DC,-4.87319,36.78664,northern
NDEGE,112550-9,private,Mara,Tarime TC,-1.34041,34.37746,lake
NDEKELI,106244-7,public,Tabora,Nzega DC,-4.65589,33.2823,central
NDELEMA,110818-2,public,Rukwa,Sumbawanga DC,-8.00022,32.00125,shighland
NDELEMA,106245-4,public,Geita,Geita DC,-3.12071,32.31959,lake
NDEMBEZI,106247-0,public,Tabora,Igunga DC,-4.31953,33.4178,central
NDEMBO,106249-6,public,Ruvuma,Mbinga DC,-10.85003,34.95682,shighland
NDENGISIVILI,111645-8,public,Iringa,Kilolo DC,-8.06856,36.0034,shighland
NDENYENDE,106250-4,public,Ruvuma,Tunduru DC,-10.79685,36.96276,shighland
NDEVELWA,106251-2,public,Tabora,Tabora MC,-5.10586,32.88257,central
NDIDA,121130-9,private,Dar Es Salaam,Ubungo MC,,,coastal
NDIHO,120384-3,private,Mwanza,Ilemela MC,-2.49816,32.91074,lake
NDILIMA LITEMBO,106252-0,public,Ruvuma,Songea MC,-10.7492,35.65382,shighland
NDIRIGISHI,120440-3,public,Manyara,Kiteto DC,-6.55545,32.57033,northern
NDITI,110248-2,public,Lindi,Nachingwea DC,-10.0916,38.57924,southern
NDITU,106254-6,public,Mbeya,Rungwe DC,-9.20177,33.679061,shighland
NDOBO,106256-1,public,Mbeya,Kyela DC,-9.484255,33.952563,shighland
NDOGOMI,112106-0,public,Morogoro,Gairo DC,-6.05389,36.94032,coastal
NDOGOWE,106257-9,public,Dodoma,Chamwino DC,-6.921388,35.642813,central
NDOHA,121285-1,private,Katavi,Mpanda MC,-6.34581,31.07402,shighland
NDOLA,112251-4,public,Songwe,Ileje DC,-9.31951,33.24302,shighland
NDOLAGE,106259-5,private,Kagera,Muleba DC,-1.60465,31.64571,lake
NDOLE,106261-1,public,Morogoro,Mvomero DC,-6.15681,37.3896,coastal
NDOLELEJI,106262-9,private,Shinyanga,Kishapu DC,-3.75414,33.95353,lake
NDOLELEZI,106263-7,public,Simiyu,Itilima DC,-2.92246,34.32321,lake
NDOLEZI,109928-2,public,Songwe,Mbozi DC,-9.098736,33.036386,shighland
NDOLWA,106264-5,public,Kilimanjaro,Same DC,-4.2264,37.8923,northern
NDOMONDO,106265-2,public,Lindi,Nachingwea DC,-10.53195,38.86554,southern
NDOMONI,114903-8,public,Lindi,Nachingwea DC,-10.53711,38.80929,southern
NDONDO,113793-4,public,Ruvuma,Nyasa DC,-11.3821,35.14619,shighland
NDONG'OS,113163-0,private,Shinyanga,Shinyanga MC,-3.6631083,33.42148,lake
NDONGOSI,106266-0,public,Ruvuma,Mbinga DC,-10.51253,34.84904,shighland
NDONGOSI,106267-8,private,Ruvuma,Songea DC,-10.99236,35.60452,shighland
NDONGOSI A,121685-2,public,Ruvuma,Songea DC,-10.99236,35.60452,shighland
NDONO,106268-6,public,Tabora,Uyui DC,-5.114521,32.44481,central
NDOOMBO COMMUNITY FOUNDATION,111633-4,private,Arusha,Meru DC,-3.33841,36.77273,northern
NDORASIA  CENTRE,121562-3,private,Dar Es Salaam,Ilala MC,,,coastal
NDORWE,106270-2,public,Kilimanjaro,Mwanga DC,-3.71642,37.66027,northern
NDOTOI,124462-3,public,Manyara,Kiteto DC,-5.68784,36.63456,northern
NDOVU,121278-6,private,Dar Es Salaam,Ubungo MC,,,coastal
NDOWA,122790-9,public,Njombe,Ludewa DC,-9.86206,34.39513,shighland
NDUAMUGHANGA,106273-6,public,Singida,Singida DC,-4.96986,35.22187,central
NDUGUTI,106274-4,public,Singida,Mkalama DC,-4.30425,34.70062,central
NDUKU,112452-8,public,Shinyanga,Kahama MC,-3.66899,32.67149,lake
NDULAMO,111587-2,public,Njombe,Makete DC,-9.33719,34.1208793,shighland
NDULI,109458-0,public,Iringa,Iringa MC,-7.68377,35.75213,shighland
NDULUGUMI,106276-9,public,Dodoma,Kongwa DC,-6.13005,36.646817,central
NDULUNGU,106277-7,public,Singida,Iramba DC,-4.80079,34.46069,central
NDUMBI,106278-5,public,Ruvuma,Nyasa DC,-10.628601,34.637825,shighland
NDUMBWI,106279-3,public,Dar Es Salaam,Kinondoni MC,-6.714121,39.201653,coastal
NDUNDUNYIKANZA,106280-1,public,Pwani,Rufiji DC,-7.86653,38.5652,coastal
Ndundutawa,106281-9,public,Pwani,Rufiji DC,-8.1885,39.2335,coastal
NDUNGU,106282-7,public,Kilimanjaro,Same DC,-4.38533,38.061,northern
NDUNGURU,113441-0,private,Dar Es Salaam,Ilala MC,-6.89882,39.21429,coastal
NDUNYUNGU,106285-0,public,Lindi,Liwale DC,-9.62163,37.85149,southern
NDURU,106286-8,public,Singida,Ikungi DC,-5.05083,34.5434,central
NDURUKA,112080-7,public,Lindi,Liwale DC,-9.61046,37.97433,southern
NDURUMA,106287-6,public,Arusha,Arusha DC,-3.48004,36.79311,northern
NDURUMO,115035-8,public,Katavi,Nsimbo DC,-6.27625,31.20966,shighland
NDURUMO,122692-7,public,Singida,Iramba DC,-4.02188,34.50959,central
NDUTA,111785-2,private,Kigoma,Kibondo DC,-3.694671,30.773734,central
NDUWENI,115008-5,public,Kilimanjaro,Rombo DC,-3.01224,37.55796,northern
NDWANGA,106290-0,public,Mbeya,Kyela DC,-9.64078,33.8555,shighland
NECTAR,123754-4,private,Tabora,Igunga DC,-4.29161,33.75334,central
NEEMA,106294-2,private,Kilimanjaro,Moshi MC,-3.34421,37.34986,northern
NEEMA,106295-9,private,Kilimanjaro,Mwanga DC,-3.65456,37.5828,northern
Neema,122109-2,private,Dodoma,Dodoma CC,,,central
NEEMA,120291-0,private,Simiyu,Itilima DC,,,lake
NEEMA,112339-7,private,Arusha,Ngorongoro DC,-2.05992,35.56062,northern
NEEMA,111983-3,private,Arusha,Arusha CC,-3.37232,36.68052,northern
NEEMA,112188-8,private,Kagera,Karagwe DC,-1.53744,31.15544,lake
NEEMA,113006-1,private,Kigoma,Kigoma Ujiji MC,-4.8796,29.64862,central
NEEMA,112592-1,private,Mara,Tarime DC,-1.465851,34.5187,lake
NEEMA,112979-0,private,Mtwara,Mtwara MC,-10.29836,40.18256,southern
NEEMA,112304-1,private,Ruvuma,Songea MC,-10.68004,35.65276,shighland
NEEMA,123241-2,private,Mara,Bunda TC,-2.02465,33.87049,lake
NEEMA CRCT,100395-3,private,Kilimanjaro,Hai DC,-3.336324,37.148443,northern
NEEMA HEALTH LABORATORY CENTER,121137-4,private,Pwani,Kibaha TC,-6.77114,38.811958,coastal
NEEMA PRINMAT,111389-3,private,Mara,Tarime DC,-1.465981,34.51873,lake
NEEMA REHA,121164-8,private,Iringa,Iringa MC,,,shighland
NEEMASUMCHUN,114978-0,public,Mara,Serengeti DC,-1.74131,34.68373,lake
NEGERO,106302-3,public,Tanga,Kilindi DC,-5.78077,37.8059,coastal
NEGEZI,106303-1,public,Shinyanga,Kishapu DC,-3.68813,33.66081,lake
NEGOSIMA,125038-0,private,Dar Es Salaam,Ilala MC,-6.98173,39.09797,coastal
NEHI,111637-5,private,Mbeya,Mbeya CC,-8.90884,33.49834,shighland
NEIFA,123282-6,private,Mtwara,Masasi TC,-10.72571,38.80574,southern
NEKANA,114327-0,private,Pwani,Kibaha TC,-6.723758,38.785305,coastal
NELA,114491-4,private,Dar Es Salaam,Temeke MC,-6.85924,39.26077,coastal
NELA MWANAGATI,125220-4,private,Dar Es Salaam,Ilala MC,-6.54801,39.12901,coastal
NELLCON,113262-0,private,Dar Es Salaam,Ubungo MC,-6.74115,39.16164,coastal
NEM,113657-1,private,Arusha,Arusha DC,-3.34662,36.696,northern
NEMBA,113580-5,public,Kagera,Biharamulo DC,-2.97433,31.37781,lake
NEMUSAAN,122270-2,private,Mwanza,Ukerewe DC,-1.874384,33.019345,lake
NEMWI,112834-7,private,Geita,Geita TC,-2.87846,32.26438,lake
NENA,123510-0,private,Dar Es Salaam,Kinondoni MC,-6.18369,39.45818,coastal
NENGO,106305-6,public,Kigoma,Kibondo DC,-3.60757,30.74797,central
NEO,121691-0,private,Kigoma,Uvinza DC,-4.979826,30.29612,central
NEOELPIS,123741-1,private,Morogoro,Mvomero DC,-6.13881,37.62503,coastal
NEPHRO ONE,123200-8,private,Dar Es Salaam,Kigamboni MC,-6.28609,39.33214,coastal
NERUMA,109623-9,public,Mara,Bunda DC,-2.11835,33.49466,lake
NESSA,122367-6,private,Morogoro,Ifakara TC,,,coastal
Nessa,121199-4,private,Morogoro,Ifakara TC,-8.13708,36.68182,coastal
NESTA,121337-0,private,Dodoma,Dodoma CC,-6.20692,35.68873,central
NESTA,121765-2,private,Mtwara,Tandahimba DC,,,southern
NESUDA,111027-9,private,Dodoma,Dodoma CC,-6.15339,35.81135,central
NEVIN,100902-6,private,Mbeya,Mbeya CC,-8.91385,33.41107,shighland
New Afya Care,122308-0,private,Tabora,Tabora MC,-5.0220955,32.8030482,central
NEW ERA,122645-5,private,Mbeya,Mbeya CC,,,shighland
NEW GRACE RBB,125048-9,private,Dar Es Salaam,Temeke MC,-6.94237,39.27936,coastal
NEW HOPE,123811-2,private,Dar Es Salaam,Ilala MC,,,coastal
NEW HOPE,120579-8,private,Mbeya,Kyela DC,-9.60425,33.871361,shighland
NEW HOPE (T) HEARING CENTRE,124380-7,private,Dar Es Salaam,Kinondoni MC,-6.13566,39.12467,coastal
NEW HOPE LEVEL 1A2.,114653-9,private,Geita,Nyang'hwale DC,-3.204132,32.650162,lake
NEW ISAKA,121072-3,private,Shinyanga,Kahama MC,-3.826515,32.596405,lake
NEW KALOLENI,122073-0,private,Arusha,Arusha CC,,,northern
NEW KALUNGU,122651-3,private,Shinyanga,Msalala DC,,,lake
NEW KARIBU  OPTICAL,112793-5,private,Dar Es Salaam,Ilala MC,-6.81641,39.27934,coastal
NEW KIKUYU,112656-4,private,Morogoro,Kilosa DC,-7.66018,36.98561,coastal
NEW KIWIRA,114028-4,private,Mbeya,Rungwe DC,-9.1727,33.53717,shighland
NEW LIFE,109680-9,private,Arusha,Meru DC,-3.370249,36.88782,northern
NEW LIFE,122991-3,private,Mara,Musoma MC,,,lake
NEW LIGHT HEATHCARE,124382-3,private,Dar Es Salaam,Ilala MC,-6.90401,39.18256,coastal
NEW LIVINAS,122854-3,private,Njombe,Njombe TC,-9.33615,34.76712,shighland
New Luika Gold Mine Clinc,121168-9,private,Songwe,Songwe DC,-8.3631,32.96659,shighland
NEW MADIZINI,112696-0,private,Morogoro,Morogoro MC,-6.831202,37.663591,coastal
NEW MAN AWESO,123270-1,private,Tanga,Handeni DC,-5.46351,38.52459,coastal
NEW MASASTEBA,120577-2,private,Dodoma,Mpwapwa DC,-6.34655,36.48734,central
NEW MSASANI,110461-1,private,Dar Es Salaam,Kinondoni MC,-6.76951,39.26702,coastal
NEW NANGONGA MEDICAL,124425-0,private,Mtwara,Nanyamba TC,-10.68066,39.80341,southern
New Nyota Njema,120889-1,private,Pwani,Kisarawe DC,-7.05037,39.061905,coastal
NEW RBB,120263-9,private,Dar Es Salaam,Temeke MC,-6.947203,39.229433,coastal
NEW RISING HOPE MEDICAL,125087-7,private,Songwe,Mbozi DC,-9.11174,32.93721,shighland
NEW SHALOM,113360-2,private,Mwanza,Magu DC,-2.55554,33.04689,lake
NEW STAND BAKWATA,100257-5,private,Simiyu,Meatu DC,-3.89708,34.52769,lake
NEW TEGETA,106319-7,private,Dar Es Salaam,Kinondoni MC,-6.66691,39.18977,coastal
NEW UBARIKIWE,123266-9,private,Mbeya,Mbeya CC,-8.90941,33.46083,shighland
NEW ULANGA,122669-5,private,Morogoro,Mlimba DC,-8.21152,36.22793,coastal
NEW ULANGA MEDICAL  -IFAKARA,125114-9,private,Morogoro,Ifakara TC,-8.13513,36.67991,coastal
NEW VICTORIA,110989-1,private,Mbeya,Mbeya CC,-8.89025,33.51447,shighland
NEW VIJANA,120742-2,private,Dar Es Salaam,Kinondoni MC,,,coastal
NEW VISION,113041-8,private,Kagera,Bukoba MC,-1.33233,31.808547,lake
NEW VISION 1 MALAIKA,122627-3,private,Morogoro,Kilosa DC,-6.24683,36.67412,coastal
NEW VISION MEDICAL,114550-7,private,Tanga,Korogwe TC,-5.15548,38.44577,coastal
NEW VISION SPECIALIST,111367-9,private,Dar Es Salaam,Kinondoni MC,-6.77225,39.27052,coastal
NEW WAVE,121261-2,private,Dar Es Salaam,Ilala MC,,,coastal
Newala DC,124757-6,public,Mtwara,Newala DC,,,southern
Newala TC,124758-4,public,Mtwara,Newala TC,,,southern
NEXTGEN,123044-0,private,Pwani,Kibaha TC,-6.76006,38.98997,coastal
NG'ALITA,111257-2,public,Simiyu,Bariadi DC,-2.40845,34.01389,lake
NG'AMBO,110857-0,public,Tabora,Tabora MC,-5.0376,32.802988,central
NG'ANDA,106343-7,public,Njombe,Wanging'ombe DC,-9.34299,34.56805,shighland
NG'ANG'ANGE,106344-5,public,Iringa,Kilolo DC,-8.1736,35.90482,shighland
NG'ANZO,122299-1,public,Geita,Bukombe DC,-3.35389,31.80087,lake
NG'APA,106348-6,public,Lindi,Lindi MC,-10.02531,39.58045,southern
NG'ENZA,106372-6,public,Iringa,Iringa DC,-7.95465,35.67637,shighland
NG'HAMBI,106321-3,public,Dodoma,Mpwapwa DC,-6.22393,36.35437,central
NG'HAMVE,114204-1,public,Mwanza,Misungwi DC,-2.98647,32.91851,lake
NG'HOBO,114127-4,public,Mwanza,Misungwi DC,-3.103803,33.025939,lake
NG'HOBOKO,106378-3,public,Simiyu,Meatu DC,-3.5497,34.15466,lake
NG'HOLONGO,123655-3,public,Morogoro,Gairo DC,-6.03673,37.02439,coastal
NG'HOMANGO,106379-1,public,Shinyanga,Shinyanga DC,-3.63184,33.11738,lake
Ng'hong'honha,106380-9,public,Dodoma,Dodoma CC,-6.24378,35.82804,central
NG'HWABUYE,123654-6,public,Geita,Nyang'hwale DC,-3.18289,32.48943,lake
NG'INGULA,106386-6,public,Iringa,Kilolo DC,-8.28104,35.8854,shighland
NG'OMBE,106404-7,public,Mwanza,Misungwi DC,-2.76876,33.04165,lake
NG'OMBO,106407-0,private,Ruvuma,Nyasa DC,-11.46075,34.94213,shighland
NG'ONGOSORO,111705-0,public,Singida,Ikungi DC,-5.36692,34.5717,central
NG'ONYE,112996-4,private,Mtwara,Masasi TC,,,southern
NG'OPE,106416-1,public,Mara,Rorya DC,-1.12122,34.21222,lake
NG'UNI,106442-7,public,Kilimanjaro,Hai DC,-3.198,37.17115,northern
NG'URUHE,111743-1,public,Iringa,Kilolo DC,-8.12355,35.78251,shighland
NG'WAJIDALALA,109241-0,public,Shinyanga,Kishapu DC,-4.00256,34.06712,lake
NG'WALIDA,106457-5,private,Mwanza,Nyamagana MC,-2.51888,32.90683,lake
NG'WANG'WENGE,122306-4,public,Simiyu,Busega DC,-2.43894,33.90485,lake
NG'WANG'WITA,110381-1,public,Simiyu,Itilima DC,-2.99743,33.99538,lake
NG'WANGHALANGA,113894-0,public,Shinyanga,Kishapu DC,-3.899798,33.974976,lake
Ng'washi,121478-2,private,Pwani,Mafia DC,-7.79164,39.85989,coastal
NGABOLO,106324-7,public,Manyara,Kiteto DC,-5.11673,36.62366,northern
NGAGE,106326-2,public,Manyara,Simanjiro DC,-4.168938,37.479634,northern
NGAHOKORA,106327-0,public,Ruvuma,Songea DC,-10.87256,35.35852,shighland
NGAIBARA,106328-8,public,Arusha,Karatu DC,-3.670827,35.573101,northern
NGAJONI,106330-4,public,Kilimanjaro,Moshi DC,-3.36202,37.5034,northern
NGALA,106349-4,private,Lindi,Mtama DC,-10.16548,39.28988,southern
NGALANGA,109566-0,public,Njombe,Njombe TC,-9.631113,34.92769,shighland
NGALIMILA,106334-6,private,Morogoro,Mlimba DC,-8.96071,35.89394,coastal
NGALIMILA RURAL,114990-5,public,Morogoro,Mlimba DC,-8.96072,35.89395,coastal
NGALOLE,121960-9,public,Mtwara,Masasi DC,-10.75784,38.63065,southern
NGALU,123193-5,public,Mtwara,Newala DC,-10.77198,39.30608,southern
NGAMANGA,106336-1,private,Mbeya,Kyela DC,-9.47916,33.90201,shighland
NGAMANGA,115256-0,public,Njombe,Makambako TC,-8.91358,34.73259,shighland
NGAMU,106341-1,public,Singida,Singida DC,-4.5347,35.03012,central
NGANA,106342-9,public,Mbeya,Kyela DC,-9.57217,33.70781,shighland
NGANDO,113899-9,public,Kagera,Missenyi DC,-1.15494,31.38174,lake
NGANJE,121445-1,public,Pwani,Mkuranga DC,-7.47101,39.28238,coastal
NGANO,106345-2,public,Iringa,Iringa DC,-7.46964,35.8681,shighland
NGANZA,106346-0,public,Mwanza,Nyamagana MC,-2.59119,32.90785,lake
NGAPA,106347-8,public,Ruvuma,Tunduru DC,-10.59981,37.82615,shighland
Ngara DC,124683-4,public,Kagera,Ngara DC,,,lake
Ngarambe,106351-0,public,Pwani,Rufiji DC,-8.446342,38.611938,coastal
NGARAMBI,106352-8,public,Lindi,Kilwa DC,-8.54,38.771,southern
NGARANI,106353-6,public,Tanga,Muheza DC,-5.2233,38.75185,coastal
NGARARAMBE,109807-8,public,Kagera,Biharamulo DC,-2.77828,31.00612,lake
NGARENAIROBI,111175-6,public,Kilimanjaro,Siha DC,,,northern
NGARENAIROBI,106355-1,private,Kilimanjaro,Siha DC,-3.06268,37.071538,northern
NGARENANYUKI,106356-9,public,Arusha,Meru DC,-3.150559,36.865657,northern
NGARENANYUKI LUTHERAN,106357-7,private,Arusha,Meru DC,-3.17583,36.8616,northern
NGARENARO,106358-5,public,Arusha,Arusha CC,-3.37346,36.68146,northern
NGARESERO,101098-2,public,Arusha,Ngorongoro DC,-2.60506,35.87579,northern
NGARITATI,106360-1,public,Kilimanjaro,Siha DC,-3.26781,37.04434,northern
NGASAMO,106361-9,public,Simiyu,Busega DC,-2.490219,33.845288,lake
NGASARO,106362-7,private,Mara,Rorya DC,-1.16478,34.0401,lake
NGASEKE,106363-5,public,Mbeya,Rungwe DC,-9.03528,33.69835,shighland
NGASENI,115009-3,public,Kilimanjaro,Rombo DC,-3.05982,37.59281,northern
NGEJISOSIA,123450-9,public,Arusha,Meru DC,-3.31279,37.02741,northern
NGELAMO,111673-0,public,Njombe,Njombe TC,-9.60182,34.47577,shighland
NGELEKA,113781-9,public,Mwanza,Misungwi DC,-2.641856,33.012973,lake
NGELEKA,121440-2,public,Mbeya,Busokelo DC,-9.39319,33.94081,shighland
Ngelenge,106368-4,public,Njombe,Ludewa DC,-10.5183,34.6097,shighland
NGEME,106370-0,public,Shinyanga,Kishapu DC,-3.63921,34.00257,lake
NGEME,109696-5,public,Simiyu,Itilima DC,-3.03433,33.85997,lake
NGEMO,106371-8,public,Geita,Mbogwe DC,-3.26484,32.21824,lake
Ngenda,114526-7,private,Mara,Musoma MC,-1.49731,33.80984,lake
NGERENGERE,106374-2,public,Morogoro,Morogoro DC,-6.76216,38.12981,coastal
NGEREYANI,106373-4,public,Arusha,Longido DC,-2.98118,36.85517,northern
NGETA,106375-9,public,Pwani,Kibaha DC,-6.821408,38.772291,coastal
NGHAHELEZI,106376-7,public,Dodoma,Chamwino DC,-6.3836,36.07281,central
Nghambaku,106511-9,public,Dodoma,Chamwino DC,-6.85508,35.6277,central
NGHU'MBI,106382-5,public,Dodoma,Kongwa DC,-6.31568,36.827899,central
Nghulugano,106381-7,public,Dodoma,Bahi DC,-6.124589,35.433161,central
NGHWASABUKA,114937-6,public,Geita,Nyang'hwale DC,-3.190628,32.455555,lake
NGIMA,106383-3,public,Ruvuma,Mbinga DC,-10.908539,34.848432,shighland
NGIMU,106384-1,public,Singida,Singida DC,-4.75445,35.08958,central
NGINGAMA,106385-8,public,Ruvuma,Nyasa DC,-10.51797,34.71597,shighland
NGIPA,120437-9,public,Manyara,Kiteto DC,-5.56941,36.48388,northern
NGIRES,106388-2,public,Arusha,Arusha DC,-3.33731,36.7346,northern
NGOFILA,106390-8,public,Shinyanga,Kishapu DC,-3.91767,33.80478,lake
NGOGWA,110123-7,public,Shinyanga,Kahama MC,-3.77871,32.47149,lake
NGOHERANGA,113994-8,public,Morogoro,Malinyi DC,-9.01981,36.01861,coastal
NGOHERANGA RC,106392-4,private,Morogoro,Malinyi DC,-9.03112,35.9994,coastal
NGOKOLO,106394-0,public,Shinyanga,Shinyanga DC,-3.82127,33.16896,lake
NGOKOLO RC,106395-7,private,Shinyanga,Shinyanga MC,-3.66278,33.4325,lake
NGOLE,106396-5,public,Mbeya,Mbeya DC,-8.937731,33.745011,shighland
NGOLEY,106398-1,public,Manyara,Babati DC,-3.80476,35.91207,northern
NGOLO LABORATORY,122038-3,private,Dar Es Salaam,Ubungo MC,-6.48702,39.13559,coastal
NGOMA,121854-4,public,Rukwa,Kalambo DC,-8.16466,31.35131,shighland
NGOMA A,106399-9,public,Mwanza,Sengerema DC,-2.91519,32.6924,lake
NGOMA B,106400-5,public,Mwanza,Sengerema DC,-2.58637,32.78577,lake
NGOMAI,111132-7,public,Dodoma,Kongwa DC,-5.9377,36.63487,central
NGOMAMTIMBA,106402-1,public,Mwanza,Sengerema DC,-2.41766,32.64599,lake
NGOMBO,106406-2,public,Morogoro,Malinyi DC,-9.02992,36.02849,coastal
NGOME,106408-8,public,Iringa,Iringa MC,-7.75032,35.71602,shighland
NGOMENI-UMBA,106410-4,public,Tanga,Muheza DC,-5.16248,38.89285,coastal
NGONDO,125152-9,private,Lindi,Ruangwa DC,-10.41711,38.55341,southern
NGONGA,106412-0,public,Mbeya,Kyela DC,-9.65797,33.91945,shighland
NGONGO,110364-7,public,Mtwara,Newala DC,-10.70503,39.31385,southern
NGONGONGARE,106413-8,public,Arusha,Meru DC,-3.317932,36.882449,northern
NGONGOWELE,106414-6,public,Lindi,Liwale DC,-10.08489,37.79705,southern
NGONGWA,106415-3,public,Iringa,Kilolo DC,-8.05861,35.79442,shighland
NGONJA,123201-6,public,Mtwara,Nanyamba TC,-10.54202,40.09596,southern
NGORAT,106417-9,public,Manyara,Mbulu DC,-4.16198,35.32325,northern
NGORBOBO,106418-7,public,Arusha,Arusha DC,-3.37559,36.57303,northern
NGORIKA,106419-5,public,Manyara,Simanjiro DC,-3.90537,37.3878,northern
NGORONGO,106420-3,public,Pwani,Rufiji DC,-7.87107,38.64835,coastal
NGORONGOPA,123779-1,public,Lindi,Liwale DC,-9.88762,37.76572,southern
NGORONGORO,113930-2,public,Arusha,Ngorongoro DC,-2.099559,35.55889,northern
Ngorongoro DC,124647-9,public,Arusha,Ngorongoro DC,,,northern
NGOROTWA,106421-1,public,Rukwa,Kalambo DC,-8.49018,31.2134,shighland
NGOSHA,113279-4,private,Pwani,Kibaha TC,-6.76059,38.93577,coastal
NGOWI,114361-9,private,Mara,Tarime TC,-1.34253,34.37824,lake
NGOYONI,106424-5,private,Kilimanjaro,Rombo DC,-3.26488,37.64471,northern
NGUA,106425-2,private,Tanga,Muheza DC,-5.14376,38.58722,coastal
NGUCHU,112958-4,private,Lindi,Kilwa DC,-8.75238,39.41492,southern
NGUDU,112124-3,private,Lindi,Lindi MC,,,southern
NGUDU,124032-4,private,Lindi,Kilwa DC,-9.51736,39.47447,southern
NGUGE,106427-8,public,Mwanza,Misungwi DC,-2.84265,33.15975,lake
NGUJI,123111-7,public,Dodoma,Bahi DC,-5.91411,35.56755,central
NGUJINI,106428-6,public,Kilimanjaro,Mwanga DC,-3.727451,37.632981,northern
NGULAKULA,106431-0,public,Pwani,Kibiti DC,-7.762248,38.837056,coastal
NGULELO,112832-1,private,Arusha,Arusha CC,-3.36597,36.72672,northern
NGULIGULI,106432-8,public,Simiyu,Maswa DC,-3.1325,33.95647,lake
NGULILO,106433-6,public,Songwe,Ileje DC,-9.244731,33.441355,shighland
NGULU,106434-4,public,Tabora,Igunga DC,-4.174706,33.461655,central
NGULU,114756-0,public,Shinyanga,Kahama MC,-3.720302,32.480527,lake
NGULU,106435-1,private,Kilimanjaro,Mwanga DC,-3.81168,37.69085,northern
NGULUGULU,106436-9,public,Songwe,Ileje DC,-9.409457,33.546672,shighland
NGULYATI,114460-9,private,Simiyu,Bariadi DC,-2.69458,33.839565,lake
NGULYATI,106437-7,public,Simiyu,Bariadi TC,,,lake
NGUMBO,115148-9,public,Ruvuma,Nyasa DC,-10.50531,34.40471,shighland
NGUMBU,106438-5,public,Lindi,Liwale DC,-10.01348,38.50542,southern
NGUMBULU,106439-3,public,Mbeya,Rungwe DC,-9.08048,33.70539,shighland
NGUMO,106440-1,public,Mwanza,Kwimba DC,-2.96409,33.33982,lake
NGUNGA,115063-0,public,Shinyanga,Kishapu DC,-3.68477,33.57076,lake
NGUNGUTI,114746-1,public,Pwani,Mkuranga DC,-7.005774,39.312513,coastal
NGUNICHILE,106443-5,public,Lindi,Nachingwea DC,-10.5381,38.7565,southern
NGUNJA,106445-0,public,Mtwara,Tandahimba DC,-10.44933,39.41409,southern
NGUNJA,106444-3,public,Lindi,Liwale DC,-10.12401,37.86272,southern
NGURDOTO RC,106446-8,private,Arusha,Meru DC,-3.32964,36.9164,northern
NGURITI,106447-6,public,Tabora,Igunga DC,-4.44843,33.56662,central
NGURUKA,106449-2,public,Kigoma,Uvinza DC,-5.11112,31.04288,central
NGUSA,124908-5,private,Singida,Itigi DC,-5.94259,34.76846,central
NGUSSA,122644-8,private,Tanga,Kilindi DC,-5.38788,37.43928,coastal
NGUTOTO,111374-5,public,Dodoma,Kongwa DC,-5.65681,36.29085,central
NGUVU KAZI,124100-9,private,Dar Es Salaam,Ilala MC,-6.97952,39.09335,coastal
NGUVUMALI,106450-0,public,Tanga,Tanga CC,-5.0788,39.08063,coastal
NGUYAMI,109896-1,public,Morogoro,Gairo DC,-6.073291,37.0489,coastal
NGUZO NANE,114017-7,private,Mwanza,Kwimba DC,-2.97537,33.51804,lake
NGWALA,109156-0,public,Songwe,Songwe DC,-7.742485,32.817439,shighland
NGWALA,106454-2,public,Songwe,Songwe DC,-7.72064,32.7879,shighland
NGWALA,122399-9,public,Songwe,Songwe DC,-7.72064,32.78791,shighland
NGWALE,123542-3,private,Dar Es Salaam,Ilala MC,-6.99736,39.08446,coastal
NGWELO,106460-9,public,Tanga,Lushoto DC,-4.59723,38.37983,coastal
NGWINDE,106461-7,public,Ruvuma,Namtumbo DC,-10.63282,35.94762,shighland
NGYANI,106462-5,public,Arusha,Meru DC,-3.33122,36.83068,northern
NGYEKU,101288-9,public,Arusha,Meru DC,-3.34525,36.936794,northern
NGYEKU,122650-5,private,Morogoro,Morogoro MC,-6.81659,37.71089,coastal
NGYEKYE,106366-8,public,Mbeya,Kyela DC,-9.427242,33.9699,shighland
NHEMBO,122312-2,public,Morogoro,Kilosa DC,-6.11798,37.10538,coastal
NHINHI,106464-1,public,Dodoma,Chamwino DC,-6.58447,35.745513,central
NHOBOLA,106465-8,public,Mwanza,Magu DC,-2.6879,33.67179,lake
NHOBOLA,106467-4,public,Shinyanga,Kishapu DC,-3.72311,33.59029,lake
NHOBOLA,114044-1,public,Tabora,Nzega TC,-4.12085001,33.257001,central
NHOBORA,106468-2,public,Simiyu,Itilima DC,-2.89561,33.87374,lake
NHOMOLWA,106469-0,public,Geita,Mbogwe DC,-3.68167,32.37919,lake
NHUMBA LIFE CARE,110027-0,private,Pwani,Kibaha TC,-6.78201,38.99583,coastal
NHUNDULU,121728-0,public,Mwanza,Misungwi DC,-3.25997,32.88551,lake
NHUNGU,115313-9,public,Njombe,Makete DC,-8.93574,33.95531,shighland
NHWANDE,111212-7,public,Tabora,Kaliua DC,-4.68003,32.38629,central
NIDD,125035-6,private,Dar Es Salaam,Ilala MC,-6.96314,39.16577,coastal
NIHAAM,123167-9,private,Dar Es Salaam,Temeke MC,-6.93705,39.23858,coastal
NIHAH,124909-3,private,Mwanza,Misungwi DC,-2.71264,32.89644,lake
NIHUKA,120910-5,private,Ruvuma,Namtumbo DC,,,shighland
NIIM,124229-6,private,Morogoro,Ulanga DC,-8.68117,36.71691,coastal
NIIMAT KITONGA,122600-0,private,Dar Es Salaam,Ilala MC,-7.00096,39.15633,coastal
NIKHIL,114231-4,private,Dodoma,Dodoma CC,,,central
NIKI,106474-0,private,Dar Es Salaam,Kinondoni MC,,,coastal
NIKO,110770-5,private,Morogoro,Ifakara TC,-8.74716,36.41215,coastal
NILAX HOME HEALTH AND REHABILITATION,122463-3,private,Dar Es Salaam,Kinondoni MC,,,coastal
NINA,121284-4,private,Mwanza,Magu DC,-2.55337,33.05752,lake
NINA HEALTH CARE,120638-2,private,Mtwara,Nanyumbu DC,,,southern
Ninde,106477-3,public,Rukwa,Nkasi DC,-7.68893,30.72428,shighland
NINDI,106478-1,private,Njombe,Ludewa DC,-10.13569,34.58651,shighland
NINDO,106479-9,public,Shinyanga,Shinyanga DC,-3.54001,33.13976,lake
NINGA,106481-5,public,Njombe,Njombe DC,-9.102299,34.998869,shighland
NINGA,109236-0,public,Rukwa,Kalambo DC,-8.5115,31.82331,shighland
NIPENDE,111385-1,private,Iringa,Mafinga TC,-8.284742,35.305897,shighland
NIT,120632-5,public,Dar Es Salaam,Ubungo MC,-6.803525,39.220116,coastal
NITEKELA,106483-1,public,Mtwara,Nanyamba TC,-10.659885,39.734013,southern
NJ SAKU,122608-3,private,Dar Es Salaam,Temeke MC,-6.55291,39.13446,coastal
NJAGI,114815-4,public,Morogoro,Mlimba DC,-8.24618,36.17225,coastal
NJAGU,121811-4,public,Kilimanjaro,Same DC,-4.47187,37.98539,northern
NJALAMATATA,106484-9,public,Ruvuma,Namtumbo DC,-10.70323,35.98267,shighland
NJAME,120747-1,private,Mtwara,Tandahimba DC,-10.84971,39.70012,southern
NJARI,106485-6,public,Kilimanjaro,Moshi DC,-3.25066,37.36879,northern
NJAWALA,121477-4,public,Mtwara,Masasi DC,-10.89409,38.90045,southern
NJELELA,106487-2,public,Njombe,Ludewa DC,-9.77901,34.9459,shighland
NJELENJE,122819-6,public,Songwe,Songwe DC,-8.10417,32.52483,shighland
NJELENJE,106488-0,public,Mbeya,Mbeya DC,-8.80381,33.229,shighland
NJEMA,112736-4,private,Morogoro,Malinyi DC,,,coastal
NJENGA,106489-8,public,Ruvuma,Tunduru DC,-11.41612,36.84551,shighland
NJENGWA,106490-6,public,Mtwara,Nanyamba TC,-10.553898,39.786023,southern
NJIA NNE,106492-2,public,Pwani,Mkuranga DC,-7.36512,39.1896,coastal
NJIA PANDA,106493-0,public,Kilimanjaro,Mwanga DC,-3.8064,37.48304,northern
NJIA PANDA,113464-2,private,Dar Es Salaam,Ilala MC,,,coastal
NJIAPANDA,121260-4,public,Simiyu,Maswa DC,-3.20555,33.60251,lake
NJIAPANDA,122360-1,public,Kilimanjaro,Moshi DC,,,northern
NJIAPANDA,106494-8,public,Iringa,Iringa MC,-7.78454,35.65701,shighland
NJIAPANDA NAMELOCK,120438-7,public,Manyara,Kiteto DC,-5.46059,36.49159,northern
NJINGAMI,123556-3,public,Geita,Geita DC,-2.57761,32.06743,lake
NJINGO,113189-5,private,Tabora,Tabora MC,-5.01693,32.79838,central
NJINJO,106495-5,public,Lindi,Kilwa DC,-8.81608,38.882,southern
NJIRII,106496-3,public,Singida,Itigi DC,-5.664176,34.692844,central
NJIRO INTERNATIONAL,120496-5,private,Arusha,Arusha CC,,,northern
NJIRO SDA,110823-2,private,Arusha,Arusha CC,-3.40858,36.70727,northern
NJISI,106499-7,private,Mbeya,Rungwe DC,-9.22868,33.64119,shighland
NJOGE,106500-2,public,Dodoma,Kongwa DC,-5.952187,36.69114,central
NJOMBE,113689-4,public,Njombe,Njombe TC,-9.34175,34.7048,shighland
NJOMBE,106502-8,public,Njombe,Njombe TC,-9.337502,34.768421,shighland
Njombe DC,124773-3,public,Njombe,Njombe DC,,,shighland
Njombe TC,124774-1,public,Njombe,Njombe TC,,,shighland
NJOMBE TOWN,106501-0,public,Njombe,Njombe TC,-9.308679,34.772132,shighland
NJOMLOLE,106503-6,public,Njombe,Njombe TC,-9.521358,34.779826,shighland
NJOMLOLE,121341-2,public,Kigoma,Kakonko DC,-3.11261,30.57491,central
NJOOMLOLE,112275-3,public,Ruvuma,Namtumbo DC,-10.88711,36.11879,shighland
NJOPEKA,106504-4,public,Pwani,Mkuranga DC,-7.49652,39.1465,coastal
NJORO,106505-1,public,Kilimanjaro,Moshi MC,-3.358345,37.349213,northern
NJORO,106506-9,public,Manyara,Kiteto DC,-5.25182,36.45435,northern
NJUGILO,106507-7,public,Mbeya,Kyela DC,-9.478615,33.813758,shighland
NKAITI,106508-5,public,Manyara,Babati DC,-3.73102,35.94225,northern
NKALA,109890-4,public,Songwe,Momba DC,-8.854012,32.496618,shighland
NKALAKALA,106510-1,public,Singida,Mkalama DC,-4.27224,34.77476,central
NKALE,111802-5,public,Tanga,Handeni DC,-5.33787,38.36475,coastal
NKALISI,121353-7,public,Mbeya,Busokelo DC,-9.17117,33.81404,shighland
NKAMAI,123415-2,public,Tanga,Bumbuli DC,-4.91405,34.32222,coastal
NKAMBA,113353-7,private,Mwanza,Ilemela MC,-2.49629,32.913823,lake
Nkana,106512-7,public,Rukwa,Nkasi DC,-7.957468,31.317241,shighland
NKANDA,106513-5,public,Njombe,Ludewa DC,-9.54232,34.09464,shighland
NKANGA,106514-3,private,Songwe,Mbozi DC,-8.851918,32.718441,shighland
NKANGAMO,108883-0,public,Songwe,Momba DC,-9.245507,32.623158,shighland
Nkasi DC,124788-1,public,Rukwa,Nkasi DC,,,shighland
NKELEI,124191-8,public,Tanga,Lushoto DC,-4.83436,38.32825,coastal
NKEREGE,110970-1,public,Mara,Tarime DC,-1.439891,34.347069,lake
NKERENGE,123973-0,public,Kagera,Missenyi DC,-1.03151,31.31761,lake
NKHOIREE,106516-8,public,Singida,Ikungi DC,-5.11148,34.67175,central
Nkhome,106517-6,public,Dodoma,Bahi DC,-6.339067,35.562813,central
NKINDU,106518-4,public,Tabora,Nzega DC,-4.465473,32.823521,central
NKINGA,106522-6,private,Tabora,Igunga DC,-4.2534,33.2615,central
NKINGA,123663-7,private,Tabora,Igunga DC,,,central
NKINGA,101289-7,public,Tabora,Igunga DC,-4.2525,33.2642,central
NKINGA,106520-0,public,Mwanza,Misungwi DC,-3.23485,32.87719,lake
NKINGA,120484-1,private,Tabora,Igunga DC,-4.2534,33.2615,central
NKINGA  TABORA,122934-3,private,Tabora,Tabora MC,-5.01925,32.80652,central
NKINIZIWA,106523-4,public,Tabora,Nzega DC,-4.59042,33.161,central
NKINTO,106524-2,public,Singida,Mkalama DC,-4.13307,34.75593,central
NKOANEKOLI,106525-9,public,Arusha,Meru DC,-3.33622,36.8505,northern
NKOANRUA,106526-7,public,Arusha,Meru DC,-3.353397,36.768375,northern
NKOARANGA,106527-5,private,Arusha,Meru DC,-3.33715,36.80775,northern
NKOARISAMBU,106528-3,public,Arusha,Meru DC,-3.337012,36.777663,northern
NKOKOTO,106529-1,public,Tabora,Urambo DC,-5.0914,31.9025,central
NKOLOLO,106530-9,public,Simiyu,Bariadi DC,-2.641446,34.160438,lake
NKOLOLO,113678-7,public,Simiyu,Itilima DC,-3.06867,33.89076,lake
NKOMA,106531-7,public,Simiyu,Meatu DC,-3.5751,34.38322,lake
NKOMA,106532-5,public,Simiyu,Itilima DC,-3.04938,33.99683,lake
NKOMANCHINDO,115165-3,public,Rukwa,Nkasi DC,-7.55191,31.16111,shighland
NKOMANG'OMBE,106533-3,public,Njombe,Ludewa DC,-10.29802,34.73075,shighland
NKOMBOLE,105097-0,private,Kilimanjaro,Moshi DC,-3.21472,37.29975,northern
Nkome,122752-9,private,Geita,Geita TC,,,lake
NKOME,106534-1,public,Geita,Geita DC,-2.49947,32.00821,lake
Nkomolo,106535-8,public,Rukwa,Nkasi DC,-7.50195,31.03632,shighland
Nkomolo II,106536-6,public,Rukwa,Nkasi DC,-7.779952,31.420911,shighland
NKONGOI,106537-4,private,Tanga,Bumbuli DC,-4.77699,38.52769,coastal
NKONGORE,112103-7,public,Mara,Tarime TC,-1.34541,34.43665,lake
NKONKO,106538-2,public,Singida,Manyoni DC,-6.34581,34.96231,central
NKONKWA,108456-5,public,Kigoma,Uvinza DC,-6.00758,29.82109,central
NKOWE,106540-8,public,Lindi,Ruangwa DC,-10.1791,38.9374,southern
NKUGE,106541-6,public,Tabora,Nzega DC,-4.51484,33.01851,central
NKUHI,106542-4,public,Singida,Ikungi DC,-5.33851,34.77842,central
NKUHUNGU,122810-5,public,Dodoma,Dodoma CC,-6.15375,35.72357,central
NKUHUNGU COMMUNITY,106543-2,private,Dodoma,Dodoma CC,-6.147573,35.724579,central
Nkulabi,106544-0,public,Dodoma,Dodoma CC,-6.41932,35.782775,central
NKULARI,124253-6,public,Dodoma,Chemba DC,-5.18974,36.23081,central
NKUMBA,106545-7,public,Tanga,Muheza DC,-5.15321,38.72428,coastal
Nkundi,106546-5,public,Rukwa,Nkasi DC,-7.852951,31.432669,shighland
NKUNDUTSI,106547-3,public,Kigoma,Kasulu DC,-4.691681,30.055156,central
NKUNG'UNGU,109178-4,public,Mbeya,Chunya DC,-7.974889,33.209557,shighland
NKUNGA,122303-1,public,Mbeya,Rungwe DC,-9.20814,33.54055,shighland
NKUNGWE,106550-7,public,Kigoma,Kigoma DC,-4.822618,29.798296,central
NKUNGWI,120965-9,public,Katavi,Tanganyika DC,-6.32234,30.48523,shighland
NKUTUISENGA,106552-3,public,Tabora,Uyui DC,-4.30337,32.45223,central
NKUYU,106554-9,public,Simiyu,Itilima DC,-2.8823,34.34942,lake
NKWAE,106555-6,public,Singida,Singida DC,-4.61283,34.65627,central
NKWANGU,120844-6,public,Mbeya,Chunya DC,-8.13041,33.05399,shighland
NKWANSIRA,106556-4,public,Kilimanjaro,Hai DC,-3.240417,37.152157,northern
NKWENDA,106557-2,public,Dodoma,Chamwino DC,-6.478725,35.747993,central
NKWENDA,106558-0,public,Kagera,Kyerwa DC,-1.48076,30.88835,lake
NKWENDA HUDUMA,114671-1,private,Kagera,Kyerwa DC,-1.48768,30.88956,lake
NKWESHOO,106559-8,public,Kilimanjaro,Hai DC,-3.19701,37.25114,northern
Nkwilo,106560-6,public,Rukwa,Sumbawanga DC,-7.58334,31.47827,shighland
NKWIMBILI,106561-4,public,Njombe,Ludewa DC,-10.04793,34.53156,shighland
NOBERT MEDICAL  LABORATORY,120761-2,private,Mtwara,Nanyumbu DC,,,southern
NOBLE HEALTH,120724-0,private,Dar Es Salaam,Ubungo MC,,,coastal
NOEL,123611-6,private,Kigoma,Kigoma Ujiji MC,-4.86774,29.64739,central
NOLE,112169-8,public,Njombe,Njombe TC,-9.443424,34.66225,shighland
NOLLA,112701-8,private,Morogoro,Morogoro MC,-6.807008,37.689341,coastal
NONDE,122840-2,public,Mbeya,Mbeya CC,-8.89673,33.42598,shighland
Nondwa,106565-5,public,Dodoma,Bahi DC,-6.427501,35.333425,central
NONGANONGA,106566-3,public,Ruvuma,Songea MC,-10.61203,35.71361,shighland
NONGWE,106567-1,public,Morogoro,Gairo DC,-6.45857,36.945,coastal
NOONDOTO,106568-9,public,Arusha,Longido DC,-2.98598,36.28939,northern
NOOR OPTICS,112929-5,private,Tanga,Tanga CC,-5.07158,39.10545,coastal
NOOR OPTICS,121657-1,private,Tanga,Muheza DC,,,coastal
NOOR OPTICS LIMITED,120591-3,private,Tanga,Tanga CC,-5.07158,39.10545,coastal
NOREEN,113143-2,private,Singida,Ikungi DC,-5.00761,34.75543,central
NORVICK,125033-1,private,Dar Es Salaam,Ilala MC,-7.01266,39.06286,coastal
NOSM,120966-7,private,Mbeya,Mbeya CC,-8.92709,33.51469,shighland
NOSRET LABORATORY,120963-4,private,Ruvuma,Mbinga TC,,,shighland
NOUR,121007-9,private,Arusha,Arusha CC,,,northern
nour,120912-1,private,Tanga,Tanga CC,-5.09389,39.09361,coastal
NOVIC,122599-4,private,Dar Es Salaam,Temeke MC,-6.93285,39.22211,coastal
NRONGA,106569-7,public,Kilimanjaro,Hai DC,-3.198824,37.21167,northern
NS TOUR,112917-0,private,Iringa,Iringa MC,-7.78439,35.69122,shighland
Nsambo   Health  Care,120911-3,private,Dar Es Salaam,Kinondoni MC,,,coastal
NSAMBYA,106573-9,public,Mbeya,Mbeya DC,-9.010853,33.313603,shighland
NSAMU,115294-1,private,Dodoma,Dodoma CC,-6.14073,35.72245,central
NSANGA,121439-4,public,Mbeya,Busokelo DC,-9.43813,33.82472,shighland
NSELE,121506-0,public,Njombe,Ludewa DC,-9.71792,34.28262,shighland
NSEMULWA,121707-4,public,Katavi,Mpanda MC,-6.36512,31.06491,shighland
NSENGA,114125-8,public,Songwe,Mbozi DC,-8.51171,32.25916,shighland
NSENGA,106575-4,public,Mbeya,Mbeya DC,-8.954239,33.484558,shighland
NSENGONYI,106576-2,public,Arusha,Meru DC,-3.26367,37.0132,northern
NSENKWA,110003-1,public,Katavi,Mlele DC,-6.77239,32.01488,shighland
NSHARA MEDICAL CARE,110868-7,private,Kilimanjaro,Hai DC,-3.26799,37.22777,northern
NSHESHE,106581-2,public,Kagera,Bukoba DC,-1.68484,31.4654,lake
NSILO HEALTH CARE,110646-7,private,Dar Es Salaam,Ubungo MC,-6.77263,39.13171,coastal
NSIMBO,112466-8,public,Tabora,Kaliua DC,-4.94193,31.824439,central
NSIMBO,110105-4,public,Katavi,Nsimbo DC,-6.38021,31.18864,shighland
Nsimbo DC,124689-1,public,Katavi,Nsimbo DC,,,shighland
NSISI,120476-7,public,Njombe,Ludewa DC,-10.007272,34.508268,shighland
NSK,111486-7,private,Arusha,Arusha CC,-3.380651,36.684811,northern
NSOGOLO,106583-8,public,Tabora,Urambo DC,-5.2417,32.33805,central
NSOLA,114567-1,public,Mwanza,Magu DC,-2.52063,33.48663,lake
NSOLOLO,122703-2,public,Tabora,Uyui DC,-5.33012,33.15309,central
NSONGA,106584-6,public,Singida,Iramba DC,-4.72824,34.49448,central
NSONGWI JUU,106585-3,public,Mbeya,Mbeya DC,-8.93837,33.53422,shighland
NSONGWI MANTANJI,120868-5,public,Mbeya,Mbeya DC,-8.93226,33.54754,shighland
NSONYANGA,106586-1,public,Mbeya,Mbarali DC,-8.76689,33.75227,shighland
NSOSO,121700-9,public,Mbeya,Busokelo DC,-9.31178,33.80874,shighland
NSUMBA,106588-7,public,Mwanza,Nyamagana MC,-2.59162,32.90102,lake
NSUMBA,114651-3,private,Mwanza,Ilemela MC,-2.50654,32.9559,lake
NSUNGA,106590-3,public,Shinyanga,Ushetu DC,-4.26938,32.40285,lake
NSUNGWA,106591-1,public,Tabora,Kaliua DC,-4.47775001,32.0065001,central
NTABA,113340-4,public,Mbeya,Busokelo DC,-9.42098,33.85205,shighland
NTABA LUTHERAN,106592-9,private,Mbeya,Busokelo DC,-9.42362,33.84477,shighland
NTAGACHA,106593-7,private,Mara,Tarime DC,-1.35335,34.5998,lake
NTAHONCHA,123689-2,private,Tabora,Urambo DC,-5.07778,32.06954,central
NTALAMILA,115182-8,public,Rukwa,Nkasi DC,-7.51161,31.14362,shighland
NTALIKWA,106594-5,public,Tabora,Tabora MC,-5.11172,32.73951,central
NTAMBWE,106595-2,public,Kilimanjaro,Same DC,-4.427,37.9285,northern
NTANGA,106596-0,public,Kagera,Ngara DC,-2.87814,30.8911,lake
NTAPISI,121438-6,public,Mbeya,Busokelo DC,-9.36295,33.84899,shighland
Ntatumbila,106597-8,public,Rukwa,Nkasi DC,-7.559959,31.162092,shighland
NTENDO,106599-4,public,Rukwa,Sumbawanga MC,-7.904629,31.536157,shighland
NTENE,110168-2,public,Lindi,Mtama DC,-10.1216,39.24512,southern
NTENGA,106600-0,public,Kilimanjaro,Same DC,-4.22693,37.9855,northern
NTERUNGWE,106603-4,public,Kagera,Ngara DC,-2.49166,30.70711,lake
NTIGU,106604-2,public,Tabora,Igunga DC,-4.32497,33.49244,central
NTINGA,109891-2,public,Songwe,Momba DC,-8.96978,32.58233,shighland
NTOBEYE,106605-9,public,Kagera,Ngara DC,-2.45034,30.63733,lake
NTOBO,106607-5,public,Shinyanga,Msalala DC,-3.64984,32.45802,lake
NTOBO,111205-1,public,Tabora,Igunga DC,-4.13005,33.524545,central
NTOBO B,110850-5,public,Shinyanga,Msalala DC,-3.66257,32.47304,lake
Ntoke,121436-0,private,Dar Es Salaam,Temeke MC,,,coastal
NTOMA,108712-1,private,Kagera,Bukoba DC,-1.41701,31.76701,lake
NTONO,123559-7,public,Geita,Geita DC,-3.01812,32.10074,lake
Ntuchi,106610-9,public,Rukwa,Nkasi DC,-7.715834,31.151901,shighland
NTULYA,106611-7,public,Mwanza,Misungwi DC,-2.86937,33.27817,lake
NTUMANI,114226-4,private,Singida,Iramba DC,,,central
NTUMBATI,106612-5,public,Njombe,Ludewa DC,-10.0956,34.564,shighland
NTUMBI,106613-3,public,Singida,Manyoni DC,-6.26766,35.0711,central
NTUNDU,121892-4,public,Shinyanga,Msalala DC,-3.59772,32.55336,lake
NTUNGULU,122880-8,public,Shinyanga,Kahama MC,-3.90226,32.97019,lake
NTUNGWA,108874-9,public,Songwe,Momba DC,-8.597743,32.475913,shighland
NTUNTU,106615-8,public,Singida,Ikungi DC,-5.12591,34.98373,central
NTUNTU,122244-7,public,Singida,Ikungi DC,-5.08825,34.58356,central
NTWIKE,106616-6,public,Singida,Iramba DC,-4.23345,34.2239,central
Ntyuka,106617-4,public,Dodoma,Dodoma CC,-6.230337,35.761069,central
NUJA,122877-4,public,Shinyanga,Kahama MC,-3.76547,32.86547,lake
NUMBER ONE DENTAL SERVICE CLINIC,115037-4,private,Kagera,Bukoba MC,-1.33186,31.81174,lake
NUNDU,114859-2,public,Geita,Nyang'hwale DC,-6.45678,38.21454,lake
NUNDU,106619-0,public,Shinyanga,Msalala DC,-3.45097,32.54211,lake
NUNDU,106618-2,public,Njombe,Njombe TC,-9.425011,34.827139,shighland
NUNDWE,106620-8,public,Iringa,Mufindi DC,-8.3387,35.5136,shighland
NUNGE,110527-9,public,Dar Es Salaam,Kigamboni MC,-6.865385,39.30229,coastal
NUR FA EYE CENTRE,111621-9,private,Dar Es Salaam,Temeke MC,-6.86627,39.26959,coastal
NURAIFO,111345-5,private,Dar Es Salaam,Ubungo MC,-6.77297,39.01198,coastal
NUREEN HEALTH CARE,123492-1,private,Dar Es Salaam,Kigamboni MC,-6.86627,39.31527,coastal
NURU,112750-5,private,Morogoro,Mvomero DC,-6.93992,37.40354,coastal
NURU,113343-8,private,Mwanza,Ilemela MC,-2.51671,32.97302,lake
NURU,123683-5,private,Simiyu,Busega DC,-2.36848,33.94835,lake
NURU,120501-2,private,Geita,Geita DC,-2.997596,31.933388,lake
NURU,112611-9,private,Mbeya,Mbeya CC,-8.9021,33.54474,shighland
NURU,111527-8,private,Dar Es Salaam,Temeke MC,-6.87391,39.27082,coastal
NURU,124008-4,private,Dar Es Salaam,Kinondoni MC,,,coastal
NURUNI,124536-4,private,Dar Es Salaam,Ilala MC,-6.86531,39.12645,coastal
NYABAENGERE,124342-7,public,Mara,Musoma DC,-1.89049,33.50264,lake
NYABANGE GVT,106629-9,public,Mara,Butiama DC,-1.54502,33.8663,lake
NYABANGE KMT,106630-7,private,Mara,Butiama DC,-1.53997,33.86294,lake
NYABIBUYE,106631-5,public,Kigoma,Kakonko DC,-2.98684,30.85735,central
NYABILEZI,106632-3,public,Geita,Chato DC,-2.73794,31.72403,lake
NYABINDA,106633-1,public,Kilimanjaro,Mwanga DC,-3.75018,37.44672,northern
NYABISAGA,110797-8,public,Mara,Tarime DC,-1.27543,34.515091,lake
NYABITAKA,106634-9,public,Kigoma,Kibondo DC,-3.62153,30.49773,central
NYABITOCHO,122392-4,public,Mara,Tarime DC,-1.32042,34.54421,lake
NYABIYONZA,124493-8,public,Kagera,Karagwe DC,-1.67399,30.95481,lake
NYABIYONZA,106635-6,public,Kagera,Karagwe DC,-1.7062,30.97542,lake
NYABUGERA,106636-4,private,Geita,Chato DC,-2.35691,31.74156,lake
NYABUGOMBE,106637-2,public,Kagera,Biharamulo DC,-2.63293,30.9391,lake
NYABULA,106639-8,private,Iringa,Iringa DC,-7.86836,35.72537,shighland
Nyabumhanda,106640-6,public,Mwanza,Misungwi DC,-2.63151,33.02711,lake
NYABURUNDU,106641-4,public,Mara,Bunda DC,-1.83478,34.0962,lake
NYABUSOZI,106642-2,public,Kagera,Biharamulo DC,-2.83972,31.45816,lake
NYACHENDA,106644-8,public,Kigoma,Kasulu DC,-4.389806,30.349245,central
NYACHILULUMA,124460-7,public,Geita,Geita DC,-2.81108,31.88353,lake
NYACHIRO,113565-6,public,Morogoro,Morogoro DC,,,coastal
NYAGA,111925-4,private,Dar Es Salaam,Kinondoni MC,-6.66997,39.20684,coastal
NYAGISESE,122823-8,public,Mara,Tarime TC,-1.31989,34.35195,lake
NYAGWIJIMA,106645-5,public,Kigoma,Kakonko DC,-3.53956,30.52538,central
NYAHAA,122426-0,public,Singida,Mkalama DC,-3.58261,34.33322,central
NYAHINGA,122895-6,private,Dodoma,Bahi DC,-6.60155,35.33391,central
Nyahiti,106646-3,public,Mwanza,Misungwi DC,-2.81167,32.98954,lake
NYAHONGO,106647-1,public,Mara,Rorya DC,-1.21892,33.9879,lake
NYAHUA,106648-9,public,Tabora,Sikonge DC,-5.4157,33.28763,central
NYAHUA,114411-2,public,Tabora,Sikonge DC,-5.44364,33.27995,central
NYAISHOZI,106649-7,public,Kagera,Karagwe DC,-1.76527,31.12957,lake
NYAKABALE,106696-8,public,Geita,Geita TC,-2.8488128,32.151333,lake
NYAKABANGA,108670-1,public,Kagera,Bukoba DC,-1.565138,31.543173,lake
NYAKABANGA,106651-3,public,Kagera,Karagwe DC,-1.78611,30.97643,lake
NYAKABANGO,109323-6,public,Kagera,Muleba DC,-2.30419,31.65019,lake
NYAKABINDI,114888-1,public,Simiyu,Bariadi TC,-2.64546,33.98951,lake
NYAKADETE,121455-0,public,Mbeya,Mbarali DC,-8.76689,33.75227,shighland
NYAKADUHA,106653-9,public,Geita,Geita DC,-2.71111,32.3918,lake
NYAKAFUMBE,111781-1,public,Kigoma,Buhigwe DC,-4.52282,29.81447,central
NYAKAFURU,106654-7,public,Geita,Mbogwe DC,-3.59727,32.19432,lake
NYAKAGOYAGOYE,108924-2,public,Kagera,Karagwe DC,-1.68328,30.98312,lake
NYAKAGWE,106655-4,public,Geita,Geita DC,-3.21318,32.43422,lake
NYAKAHOJA,106657-0,private,Mwanza,Nyamagana MC,-2.5127,32.902,lake
NYAKAHONGORA,113936-9,public,Geita,Geita TC,-2.85055,32.46629,lake
NYAKAHURA,106658-8,public,Kagera,Biharamulo DC,-2.8241,30.97326,lake
NYAKARILO,106661-2,public,Mwanza,Buchosa DC,-2.44465,32.44043,lake
NYAKASALUMA,123128-1,public,Geita,Mbogwe DC,-3.68415,32.18049,lake
NYAKASANDA,106662-0,public,Kigoma,Kibondo DC,-3.6096,30.46936,central
NYAKASANGWE,122351-0,public,Dar Es Salaam,Kinondoni MC,-6.75644,39.45344,coastal
NYAKASHENYI,120780-2,public,Kagera,Kyerwa DC,-1.117033,30.885612,lake
NYAKASIMBI,106663-8,public,Kagera,Karagwe DC,-1.84122,31.12863,lake
NYAKASUNGWA,106664-6,public,Mwanza,Buchosa DC,-2.5269,32.47693,lake
NYAKATENDE,106665-3,public,Mara,Musoma DC,-1.61848,33.73816,lake
NYAKATO,106668-7,public,Mara,Musoma MC,-1.517435,33.810248,lake
NYAKATO,106669-5,private,Shinyanga,Kahama MC,-3.83477,32.61068,lake
NYAKATO,110963-6,public,Mwanza,Ilemela MC,-2.538399,32.957542,lake
NYAKATO,120833-9,public,Geita,Geita TC,-2.95831,32.34183,lake
NYAKATUNTU,106671-1,public,Kagera,Kyerwa DC,-1.31357,30.83264,lake
NYAKAUMBANGA,123986-2,public,Pwani,Kibiti DC,-7.63071,39.07971,coastal
NYAKAVANGALA,106672-9,public,Iringa,Iringa DC,-7.29094,36.06164,shighland
NYAKAYANJA,112068-2,public,Kagera,Karagwe DC,-1.71737,31.11135,lake
NYAKAYENZE,121890-8,public,Kagera,Biharamulo DC,,,lake
NYAKAYENZI,106673-7,public,Kigoma,Kakonko DC,-3.1963,30.8867,central
NYAKAZOMBE,111651-6,public,Mbeya,Mbarali DC,-8.285797,34.74795,shighland
NYAKIBIMBILI,106674-5,public,Kagera,Bukoba DC,-1.442801,31.606234,lake
NYAKIMUE,106675-2,public,Kigoma,Buhigwe DC,-4.47426,29.76856,central
NYAKINYO,106676-0,public,Pwani,Kibiti DC,-7.69692,39.1732,coastal
NYAKIPAMBO,106677-8,private,Iringa,Mufindi DC,-8.55853,35.49779,shighland
NYAKISASA,106678-6,public,Kagera,Ngara DC,-2.69982,30.69152,lake
NYAKISWA,115077-0,public,Mara,Butiama DC,-1.49684,33.47196,lake
NYAKITONO,106679-4,public,Mara,Serengeti DC,-2.007179,34.497137,lake
NYAKITONTO,106680-2,public,Kigoma,Kasulu DC,-4.481706,30.275851,central
NYAKIYOBE,121342-0,public,Kigoma,Kakonko DC,-3.98111,30.55281,central
NYAKIZIBA,123466-5,public,Kagera,Ngara DC,-2.41024,30.71134,lake
NYAKUSOTA,122024-3,private,Geita,Nyang'hwale DC,-3.20472,32.65083,lake
NYALUHANDE,106681-0,public,Simiyu,Busega DC,-2.50562,33.6114,lake
NYALULANGA,122864-2,public,Kigoma,Kibondo DC,-3.99238,30.54766,central
NYALUMBU,120792-7,public,Iringa,Kilolo DC,-7.65371,36.02024,shighland
NYALWAMBU,114918-6,public,Mwanza,Sengerema DC,-2.57571,32.83497,lake
NYALWANZAJA,111505-4,public,Geita,Geita DC,-3.04301,32.2841,lake
NYALWELA,106684-4,public,Mbeya,Mbeya DC,-8.959702,33.73003,shighland
NYALWELWE,106685-1,public,Shinyanga,Ushetu DC,-3.98899,32.02698,lake
NYAMABANO,122579-6,public,Mwanza,Buchosa DC,-2.59101,32.52649,lake
NYAMABUYE,106686-9,private,Kigoma,Buhigwe DC,-4.56446,29.894,central
NYAMADOKE,106687-7,public,Mwanza,Buchosa DC,-2.53882,32.2429,lake
NYAMADOKE,115235-4,public,Mwanza,Ilemela MC,-2.51586,33.0035,lake
NYAMAGANA,106688-5,public,Mwanza,Nyamagana MC,-2.56374,32.91333,lake
Nyamagana MC,124766-7,public,Mwanza,Nyamagana MC,,,lake
NYAMAGARO,106689-3,public,Mara,Rorya DC,-1.24512,33.91251,lake
NYAMAHANA,106690-1,public,Iringa,Iringa DC,-7.67267,35.42234,shighland
NYAMAHANGA,114583-8,public,Mwanza,Magu DC,-2.61786,33.32211,lake
NYAMAHANGA,106691-9,public,Kagera,Biharamulo DC,-2.69785,31.3262,lake
Nyamahwa,106692-7,public,Kagera,Ngara DC,-2.62129,30.71467,lake
NYAMAINZA,106693-5,public,Mwanza,Misungwi DC,-3.02828,32.93758,lake
NYAMAKALA,114936-8,public,Geita,Nyang'hwale DC,-3.128452,32.607349,lake
NYAMAKENDO,114970-7,public,Mara,Serengeti DC,-1.69068,34.70611,lake
NYAMAKURUKURUU,123788-2,public,Pwani,Rufiji DC,-7.96316,38.89994,coastal
NYAMAKUYU,106694-3,public,Mbeya,Mbarali DC,-8.15383,34.86446,shighland
NYAMALAPA,106695-0,public,Simiyu,Itilima DC,-2.97743,33.94042,lake
NYAMALEMBO,113906-2,public,Geita,Geita TC,-2.89502,32.20731,lake
NYAMALIMBE,106697-6,public,Geita,Geita DC,-3.08104,32.3678,lake
NYAMALOGO,106698-4,public,Shinyanga,Shinyanga DC,-3.596781,33.230177,lake
NYAMANDE,115257-8,public,Njombe,Makambako TC,-8.82764,34.97003,shighland
NYAMANGA,106699-2,public,Mwanza,Ukerewe DC,-1.82525,33.05356,lake
NYAMASANDA,106700-8,private,Mara,Rorya DC,-1.18708,34.2854,lake
NYAMATALA,109490-3,public,Mwanza,Kwimba DC,-2.67787,33.31409,lake
NYAMATANGA,112514-5,public,Pwani,Kibiti DC,-7.77381,39.1389,coastal
NYAMATARE,106701-6,public,Mara,Musoma MC,-1.51367,33.79572,lake
NYAMATO,106703-2,public,Pwani,Mkuranga DC,-7.45614,39.0315,coastal
NYAMATOKE,106705-7,public,Mara,Serengeti DC,-1.811362,34.426368,lake
NYAMATOKE,106704-0,public,Mara,Bunda TC,-2.04034,34.0007,lake
NYAMATONGO,106706-5,public,Mwanza,Sengerema DC,-2.52381,32.7901,lake
NYAMAZUGO,106707-3,public,Mwanza,Sengerema DC,-2.55656,32.54097,lake
NYAMAZUGO PRINMAT,110829-9,private,Mwanza,Sengerema DC,-2.6478,32.63717,lake
NYAMBALE,120517-8,public,Geita,Geita DC,-3.01812,32.10074,lake
NYAMBALE,109827-6,public,Kagera,Biharamulo DC,-2.86219,31.24802,lake
NYAMBANGALA,122508-5,public,Pwani,Kibiti DC,-7.43223,38.53211,coastal
NYAMBILI,106708-1,public,Pwani,Kibiti DC,-7.6167,39.0092,coastal
NYAMBITI,106710-7,public,Mwanza,Kwimba DC,-2.82841,33.42687,lake
NYAMBITI,106709-9,public,Geita,Chato DC,-2.54891,31.64822,lake
NYAMBITI,113375-0,private,Mwanza,Ilemela MC,-2.525761,32.929376,lake
NYAMBONO,106711-5,public,Mara,Musoma DC,-1.88113,33.695644,lake
NYAMBORI,106712-3,public,Mara,Rorya DC,-1.13498,34.1237,lake
NYAMBULA,106713-1,public,Shinyanga,Kahama MC,-3.74241,32.51316,lake
NYAMBUNA,123212-3,private,Mara,Tarime TC,-1.34348,34.37938,lake
NYAMBUNA,112573-1,private,Mara,Tarime TC,-1.34348,34.37938,lake
NYAMBUNDA,106714-9,public,Pwani,Kibiti DC,-7.60548,38.9888,coastal
NYAMBURETI,108958-0,public,Mara,Serengeti DC,-1.85108,34.68233,lake
NYAMBURI,106715-6,public,Mara,Serengeti DC,-1.790317,34.753138,lake
NYAMBUYI,106716-4,public,Mwanza,Kwimba DC,-2.68493,33.27808,lake
NYAMBWANDA,123987-0,public,Pwani,Kibiti DC,-7.40311,39.71511,coastal
NYAMERAMBARO,113944-3,public,Mara,Tarime DC,-1.464812,34.18667,lake
NYAMHONGOLO,106718-0,public,Mwanza,Ilemela MC,-2.54506,33.00384,lake
NYAMHOZA,106719-8,public,Kigoma,Kigoma DC,-4.736434,29.744894,central
NYAMHUGE,113352-9,private,Mwanza,Ilemela MC,-2.51734,32.9378,lake
NYAMIDAHO,106721-4,public,Kigoma,Kasulu DC,-4.235195,30.467512,central
NYAMIGAMBA,106722-2,public,Mwanza,Kwimba DC,-2.72605,33.45406,lake
NYAMIGEGE,121893-2,public,Shinyanga,Msalala DC,-3.69473,32.54332,lake
NYAMIGOGO,106723-0,public,Kagera,Biharamulo DC,-2.78899,31.64557,lake
NYAMIHANGA,121815-5,public,Kigoma,Buhigwe DC,-4.72095,29.82409,central
NYAMIHUU,109140-4,public,Iringa,Iringa DC,-7.69854,35.47926,shighland
NYAMIJUNDU,106724-8,public,Mwanza,Misungwi DC,-2.96011,32.99308,lake
NYAMIKA,106725-5,public,Mara,Butiama DC,-1.7276,33.85627,lake
NYAMIKOMA,106728-9,public,Mwanza,Kwimba DC,-2.75626,33.52449,lake
NYAMIKOMA,115076-2,public,Mara,Butiama DC,-1.80526,33.85142,lake
NYAMIKOMA,123066-3,public,Mwanza,Misungwi DC,-2.73882,33.02815,lake
NYAMIKOMA,106726-3,public,Simiyu,Busega DC,-2.321909,33.671744,lake
NYAMIKOMA,106727-1,public,Simiyu,Bariadi DC,-2.31327,33.96641,lake
NYAMIKONZE,109389-7,public,Geita,Nyang'hwale DC,-3.1993346,32.6576263,lake
NYAMILAMA,106730-5,public,Mwanza,Kwimba DC,-3.08301,33.34418,lake
NYAMILILO,114915-2,public,Mwanza,Sengerema DC,-2.57056,32.68147,lake
NYAMILYANGO,109667-6,public,Geita,Geita DC,-2.69857,32.2012,lake
NYAMINJE,112137-5,public,Shinyanga,Msalala DC,-3.60517,32.202184,lake
Nyaminywili,106731-3,public,Pwani,Rufiji DC,-7.84113,38.4249,coastal
NYAMIRANDA,106732-1,public,Kagera,Muleba DC,-2.15905,31.5027,lake
NYAMIREMBE,106733-9,public,Geita,Chato DC,-2.52618,31.7167,lake
NYAMISATI,106734-7,public,Pwani,Kibiti DC,-7.7849,39.2745,coastal
NYAMISHIGA,122859-2,public,Shinyanga,Msalala DC,-3.39138,32.47015,lake
NYAMISINGISI,106735-4,public,Mara,Serengeti DC,-1.980854,34.341665,lake
NYAMISISI,106736-2,public,Mara,Butiama DC,-1.75527,33.8677,lake
NYAMISIVYI,106737-0,public,Kigoma,Kibondo DC,-3.603,30.76766,central
NYAMITITA,106738-8,public,Mara,Serengeti DC,-1.673094,34.449869,lake
NYAMIYAGA,106739-6,public,Kagera,Kyerwa DC,-1.05711,30.73446,lake
NYAMIZEZE,106740-4,public,Mwanza,Sengerema DC,-2.60144,32.60056,lake
NYAMNYUSI,108758-4,public,Kigoma,Kasulu DC,-4.53159,30.259079,central
NYAMOHONDA,123154-7,public,Mara,Tarime DC,-1.20641,34.43837,lake
NYAMOLI,106742-0,public,Kigoma,Kigoma DC,-4.96195,29.77288,central
NYAMONGO,106743-8,public,Mara,Tarime DC,-1.48633,34.5524,lake
NYAMPANDE,106745-3,public,Mwanza,Sengerema DC,-2.70499,32.75906,lake
NYAMSWA,106746-1,public,Simiyu,Bariadi DC,-2.6445,33.80844,lake
NYAMTELELA,106747-9,public,Mwanza,Sengerema DC,-2.53359,32.69322,lake
NYAMTENGELA,122845-1,public,Shinyanga,Ushetu DC,-3.53722,32.81732,lake
NYAMTUKUZA,106748-7,public,Kigoma,Kakonko DC,-2.87712,30.95584,central
NYAMTUKUZA,114941-8,public,Geita,Nyang'hwale DC,-3.03175,32.7397,lake
NYAMUGALI,106717-2,public,Kigoma,Buhigwe DC,-4.36932,29.97372,central
NYAMUHUMA,113011-1,private,Kigoma,Kigoma Ujiji MC,-4.88868,29.64821,central
NYAMUNYU,121301-6,public,Mara,Bunda TC,-1.97877,33.90438,lake
NYAMUSI,106750-3,public,Mara,Rorya DC,-1.15792,34.2617,lake
Nyamwage,106752-9,public,Pwani,Rufiji DC,-8.128866,38.99616,coastal
NYAMWIGURA,113933-6,public,Mara,Tarime DC,-1.37113,34.46389,lake
NYAMWILOLELWA,111507-0,public,Geita,Geita DC,-2.8062,32.00722,lake
NYAMWILOLELWA,106754-5,public,Mwanza,Ilemela MC,-2.43587,32.9519,lake
NYAMWIMBE,112503-8,public,Pwani,Kibiti DC,-7.723559,39.06628,coastal
NYAN'GORO,106773-5,public,Iringa,Iringa DC,-7.42443,35.80457,shighland
NYANCHABAKENYE,106756-0,public,Mara,Rorya DC,-1.45746,34.1217,lake
NYANCHENCHE,106757-8,public,Mwanza,Sengerema DC,-2.829381,32.639641,lake
NYANDAGE,123366-7,public,Mara,Tarime DC,-1.42927,34.47395,lake
NYANDAKATUNDU,122376-7,public,Pwani,Rufiji DC,-8.11477,38.80976,coastal
NYANDEKWA,106758-6,private,Shinyanga,Kahama MC,,,lake
NYANDEKWA,106759-4,public,Tabora,Igunga DC,-4.24653,33.5128,central
NYANDIRA,106761-0,public,Morogoro,Mvomero DC,-7.08426,37.578,coastal
NYANDUTURU,123394-9,public,Pwani,Mkuranga DC,-7.40984,39.12156,coastal
NYANG'HANGA,114554-9,public,Mwanza,Magu DC,-2.69189,33.507895,lake
NYANG'HANGA,122445-0,public,Geita,Geita DC,-3.03765,32.35993,lake
NYANG'HOLONGO,114938-4,public,Geita,Nyang'hwale DC,-3.00377,32.60068,lake
NYANG'HOLONGO,106768-5,public,Geita,Mbogwe DC,-3.4125,32.057,lake
NYANG'HOMANGO,106769-3,public,Mwanza,Misungwi DC,-3.01248,32.8225,lake
NYANG'HWALE,114876-6,public,Geita,Nyang'hwale DC,-6.45678,38.21451,lake
NYANG'HWALE,106770-1,public,Geita,Nyang'hwale DC,-3.06105,32.58195,lake
Nyang'hwale DC,124668-5,public,Geita,Nyang'hwale DC,,,lake
NYANG'OMBE,106772-7,public,Shinyanga,Shinyanga DC,-4.82127,29.16761,lake
NYANG'OMBE,110870-3,public,Mwanza,Ukerewe DC,-1.869806,33.0322934,lake
NYANGA,112248-0,public,Kagera,Bukoba MC,-1.29186,31.7813,lake
NYANGAKA,121591-2,public,Simiyu,Bariadi TC,-2.78402,33.96432,lake
NYANGALAMILA,106762-8,public,Mwanza,Buchosa DC,-2.41225,32.3661,lake
NYANGALAMILA,106763-6,public,Geita,Nyang'hwale DC,-3.15015,32.74138,lake
NYANGAMARA,106764-4,public,Lindi,Mtama DC,-10.37906,39.59784,southern
NYANGANGA,106765-1,public,Kigoma,Uvinza DC,-4.93911,30.02244,central
NYANGE,106766-9,public,Kigoma,Kibondo DC,-3.59717,30.53944,central
NYANGE MEDICAL,124319-5,private,Mbeya,Mbarali DC,-8.21818,34.84295,shighland
NYANGERE,106767-7,public,Mara,Bunda DC,-1.96326,34.0114,lake
NYANGO,122467-4,private,Mbeya,Mbeya CC,-8.9094,33.4594,shighland
NYANGOKOLWA,109673-4,public,Simiyu,Bariadi TC,-2.74632,34.06121,lake
NYANGOTO,106774-3,public,Mara,Tarime DC,-1.47,34.5235,lake
NYANGOTO,120827-1,public,Mara,Tarime DC,-1.14501,34.50251,lake
NYANGOTO CADA,114848-5,private,Mara,Tarime DC,-1.46631001,34.52206001,lake
NYANGUGE,106775-0,public,Mwanza,Magu DC,-2.53789,33.17568,lake
NYANGUGE,113363-6,private,Mwanza,Magu DC,-2.53867,33.20163,lake
NYANGUGE PRINMAT,111359-6,private,Mwanza,Magu DC,-2.54265,33.20185,lake
NYANGUKU,112086-4,public,Geita,Geita TC,-2.99563,32.35562,lake
NYANHONG'HE,106777-6,public,Mwanza,Kwimba DC,-3.18874,33.1713,lake
NYANHWIGA,106779-2,public,Geita,Mbogwe DC,-3.641532,32.386858,lake
NYANI,115319-6,public,Pwani,Kisarawe DC,-7.15514,38.19594,coastal
NYANJATI,106780-0,public,Pwani,Kibiti DC,-7.68569,39.20791,coastal
NYANKANGA,106781-8,public,Mara,Butiama DC,-1.58656,33.9024,lake
NYANKENDE,110026-2,public,Shinyanga,Ushetu DC,-3.94447,32.07816,lake
NYANKERE,106782-6,public,Kagera,Missenyi DC,-1.39394,31.37168,lake
NYANKOMOGO,106783-4,public,Mara,Serengeti DC,-1.893237,34.317925,lake
NYANKORONKO,106784-2,public,Kigoma,Buhigwe DC,-4.48819,29.88961,central
NYANKUMBU,106785-9,public,Geita,Geita TC,-2.90619,32.23238,lake
NYANKUMBU GIRLS,114571-3,public,Geita,Geita TC,-2.906127,32.239927,lake
NYANSALWA,122450-0,public,Geita,Geita DC,-2.72597,32.14315,lake
NYANSHA,121739-7,public,Kigoma,Kasulu TC,-4.59464,30.13759,central
NYANSURURA,106788-3,public,Mara,Serengeti DC,-1.61846,34.601796,lake
NYANTAKARA,106789-1,public,Kagera,Biharamulo DC,-3.19253,31.36317,lake
NYANTAKUBWA,112353-8,public,Mwanza,Sengerema DC,-2.69466,32.74107,lake
NYANTARE,121723-1,public,Kigoma,Kasulu TC,-4.60816,30.10911,central
NYANTIMBA,106790-9,public,Geita,Chato DC,-3.00672,31.52418,lake
NYANTIRA,106791-7,public,Mara,Tarime DC,-1.355901,34.640767,lake
NYANUNGU,113800-7,public,Mara,Tarime DC,-1.40375,34.71104,lake
NYANYEMBE VA,106792-5,private,Iringa,Mufindi DC,-8.67118,34.94084,shighland
NYANZA,111324-0,private,Mwanza,Ilemela MC,-2.472454,32.944561,lake
NYANZA,106794-1,public,Simiyu,Meatu DC,-3.26855,34.28753,lake
NYANZA,114552-3,private,Mwanza,Misungwi DC,-2.677991,32.995161,lake
NYANZA,123757-7,private,Mwanza,Nyamagana MC,-2.52453,32.91408,lake
NYANZENDA,106796-6,public,Mwanza,Buchosa DC,-2.60186,32.47925,lake
NYANZIGE,106797-4,public,Kigoma,Kakonko DC,-2.94531,30.9174,central
NYANZUMLA,111357-0,public,Mwanza,Sengerema DC,-2.82541,32.59576,lake
NYANZWA,106799-0,public,Iringa,Kilolo DC,-7.35318,36.28377,shighland
NYAROMBO,106801-4,private,Mara,Rorya DC,-1.25655,34.007,lake
NYARUBANDA,106802-2,public,Kigoma,Kigoma DC,-4.561014,29.751549,central
NYARUBANGA,123554-8,public,Geita,Geita DC,-2.54045,32.20781,lake
NYARUBELE,109618-9,public,Geita,Nyang'hwale DC,-3.11788,32.69814,lake
NYARUBOZA,106803-0,public,Kigoma,Buhigwe DC,-4.55731,29.79658,central
NYARUGANDO,120890-9,public,Kagera,Karagwe DC,-1.55997,31.21571,lake
NYARUGUNGA,106805-5,public,Kigoma,Kibondo DC,-3.70885,30.47518,central
NYARUGUSU,106808-9,public,Kigoma,Kibondo DC,-3.66214,30.48874,central
NYARUGUSU,110229-2,public,Kigoma,Kasulu DC,-4.182815,30.316668,central
NYARUGUSU,112861-0,private,Geita,Geita DC,-3.11519,32.23727,lake
NYARUGUSU,106806-3,public,Geita,Geita DC,-3.1197,32.23169,lake
NYARUGUSU REFUGEE CAMP,106809-7,private,Kigoma,Kasulu DC,-4.223486,30.390491,central
NYARUKORU,115071-3,public,Mara,Butiama DC,-1.53122,33.78022,lake
NYARULAMA,106682-8,public,Kagera,Ngara DC,-2.83232,30.48463,lake
NYARUTANGA,110581-6,public,Morogoro,Morogoro DC,-7.441071,37.563348,coastal
NYARUTEMBO,114638-0,public,Geita,Chato DC,-2.931388,31.597884,lake
NYARUTUTU,124635-4,public,Geita,Chato DC,-3.04212,31.74425,lake
NYARUYEYE,113931-0,public,Geita,Geita DC,-3.164502,32.256377,lake
Nyaruyoba,106812-1,public,Kigoma,Kibondo DC,-3.74167,30.59157,central
NYARWANA,106813-9,public,Mara,Tarime DC,-1.42075,34.4409,lake
NYASA,106814-7,public,Tabora,Kaliua DC,-4.32617,32.26162,central
NYASA,113199-4,private,Tabora,Nzega TC,-4.2198,33.1979,central
Nyasa DC,124796-4,public,Ruvuma,Nyasa DC,,,shighland
NYASAKA,113388-3,private,Mwanza,Ilemela MC,-2.53096,32.94149,lake
NYASAKA,106816-2,private,Mwanza,Ilemela MC,-2.53096,32.94143,lake
NYASAMBA,106818-8,public,Shinyanga,Kishapu DC,-3.34793,33.36541,lake
NYASARICHO,106819-6,public,Mara,Tarime DC,-1.31751,34.4658,lake
NYASATO,106820-4,public,Geita,Mbogwe DC,-3.41528,32.21159,lake
NYASATO,106821-2,public,Mwanza,Magu DC,-2.72549,33.74733,lake
NYASAUNGU,110889-3,public,Mara,Musoma DC,-1.68017,33.70933,lake
NYASEMBE,106822-0,private,Geita,Geita DC,-2.87122,31.947,lake
NYASENGA,112352-0,public,Mwanza,Sengerema DC,-2.69461,32.74113,lake
NYASHANA,115197-6,public,Mwanza,Buchosa DC,-2.52841,32.37733,lake
NYASHANA JWTZ,106823-8,public,Mwanza,Nyamagana MC,-2.51674,32.92131,lake
NYASHIGWE,114565-5,public,Mwanza,Magu DC,-2.52778,33.14035,lake
NYASHIMBA,106824-6,public,Simiyu,Maswa DC,-3.25865,33.91482,lake
NYASHIMBA,124544-8,public,Mwanza,Magu DC,-2.60681,33.38533,lake
NYASHIMBI,106825-3,public,Shinyanga,Shinyanga DC,-3.88676,33.03897,lake
NYASHO,106826-1,public,Mara,Musoma MC,-1.50459,33.80553,lake
NYASIRORI,106827-9,public,Mara,Butiama DC,-1.86136,33.95733,lake
NYASOKO,106828-7,public,Mara,Rorya DC,-1.38736,34.1841,lake
NYASORO,106829-5,public,Mara,Rorya DC,-1.37366,34.2355,lake
Nyasota,121161-4,private,Mwanza,Ilemela MC,-2.31315,32.57145,lake
NYASSA,122727-1,private,Mtwara,Newala TC,-10.43136,39.94455,southern
NYATANGA,114750-3,public,Pwani,Mkuranga DC,-7.297689,39.005723,coastal
NYAUMATA,106833-7,public,Simiyu,Bariadi TC,-2.73737,33.96858,lake
NYAVE,114091-2,public,Njombe,Njombe DC,-9.132199,35.29255,shighland
NYAWA,106834-5,public,Simiyu,Bariadi DC,-2.45944,34.13062,lake
NYAWILIMILWA,112878-4,private,Geita,Geita DC,-2.76587,32.11302,lake
NYAWILIMILWA,106753-7,public,Geita,Geita DC,-2.76543,32.11621,lake
NYEGEZI,106835-2,public,Mwanza,Nyamagana MC,-2.59804,32.89635,lake
NYEGINA,110894-3,public,Mara,Musoma DC,-1.54658,33.7211,lake
NYEHUNGE,106839-4,public,Mwanza,Buchosa DC,-2.52668,32.3019,lake
Nyenge,106841-0,public,Kigoma,Kasulu DC,-4.621993,30.265184,central
NYENGEDI,106842-8,public,Lindi,Mtama DC,-10.25299,39.42719,southern
NYENJELE,106843-6,public,Songwe,Momba DC,-8.94449,32.3725,shighland
NYENZE,106844-4,public,Shinyanga,Kishapu DC,-3.49227,33.67398,lake
NYEREGETE,106845-1,public,Mbeya,Mbarali DC,-8.618517,34.346029,shighland
NYERERE,106846-9,public,Mwanza,Ilemela MC,-2.516867,32.972258,lake
NYERERE,123598-5,public,Songwe,Tunduma TC,-9.15805,32.44928,shighland
NYERERE,120307-4,private,Mara,Tarime DC,-1.42766,34.18909,lake
NYERERE IYUMBU4,123697-5,private,Dodoma,Dodoma CC,-6.20964,35.83634,central
NYERERE NATIONAL PARK MSOLWA,105488-1,public,Morogoro,Ifakara TC,-7.889227,37.035598,coastal
NYIBEREKERA,123412-9,public,Mara,Serengeti DC,-2.00011,34.35559,lake
NYIBOKO,106849-3,public,Mara,Serengeti DC,-1.545566,34.503623,lake
NYICHOKA,106850-1,public,Mara,Serengeti DC,-1.910871,34.588818,lake
NYIDA,124447-4,public,Shinyanga,Shinyanga DC,-3.91667,33.05341,lake
NYIGO,112406-4,public,Iringa,Mufindi DC,-8.77512,34.8791,shighland
NYIHARA,123448-3,public,Mara,Rorya DC,-1.350818,33.86173,lake
NYIJUNDU,106852-7,public,Geita,Nyang'hwale DC,-3.09164,32.66298,lake
NYIKOBOKO,120804-0,public,Shinyanga,Msalala DC,,,lake
NYIMBILI,106853-5,public,Songwe,Mbozi DC,-9.20505,33.05661,shighland
NYINGWA,106854-3,public,Morogoro,Morogoro DC,-7.11,37.681,coastal
NYIRONGO,114974-9,public,Mara,Serengeti DC,-1.81692,34.48819,lake
NYITUNDU,114917-8,public,Mwanza,Sengerema DC,-2.73294,32.80667,lake
NYITUNDU,121620-9,public,Geita,Mbogwe DC,-3.31212,32.24092,lake
NYOLOLO,106855-0,private,Iringa,Mufindi DC,-8.46631,35.02615,shighland
NYOLOLO,106856-8,public,Iringa,Mufindi DC,-8.46975,35.0033,shighland
NYOLOLO NJIA PANDA,120908-9,public,Iringa,Mufindi DC,-8.50043,35.05807,shighland
NYOMBO,106857-6,public,Njombe,Njombe DC,-9.201449,34.926208,shighland
NYONI,106858-4,public,Ruvuma,Mbinga DC,-11.08342,34.90292,shighland
NYOTA,125154-5,private,Singida,Iramba DC,-4.39659,34.34949,central
Nyota Njema,112548-3,private,Dar Es Salaam,Kinondoni MC,,,coastal
NYOTA NJEMA TANDAHIMBA,112404-9,private,Mtwara,Tandahimba DC,-10.75236,39.63405,southern
NYOTA YA BAHARI,103109-5,private,Pwani,Mkuranga DC,-7.39906,39.3391,coastal
NYUGWA,106860-0,public,Geita,Nyang'hwale DC,-3.218662,32.73852,lake
NYUMBA YA MUNGU,106862-6,public,Manyara,Simanjiro DC,-3.82192,37.4625,northern
NYUMBANI,112631-7,private,Dar Es Salaam,Ubungo MC,-6.80016,39.06252,coastal
NYUMBANITU,106863-4,public,Njombe,Wanging'ombe DC,-9.24731,34.675343,shighland
NYUMBIGWA,106864-2,public,Kigoma,Kasulu TC,-4.66369,30.1218,central
NYUMBU,106865-9,public,Pwani,Kibaha TC,-6.729972,38.947955,coastal
NYUNDO,106866-7,public,Mtwara,Nanyamba TC,-10.601477,39.672992,southern
NYWELO,113948-4,public,Tanga,Lushoto DC,-4.68865,38.20412,coastal
NZAGA,106867-5,public,Katavi,Nsimbo DC,-6.35989,31.3235,shighland
NZANYE,125282-4,private,Dar Es Salaam,Kigamboni MC,-6.86661,39.43264,coastal
Nzasa,106868-3,public,Dodoma,Dodoma CC,-5.97643,35.86652,central
Nzega DC,124831-9,public,Tabora,Nzega DC,,,central
NZEGA HEALTH CARE,120464-3,private,Tabora,Nzega TC,-4.21854,33.18803,central
Nzega TC,124832-7,public,Tabora,Nzega TC,,,central
NZIGALA,106872-5,public,Tabora,Uyui DC,-5.13627,33.18409,central
NZIHI,106873-3,public,Iringa,Iringa DC,-7.72309,35.53152,shighland
NZIVI,110984-2,public,Iringa,Mufindi DC,-8.55674,35.08873,shighland
NZOKA,108733-7,public,Songwe,Momba DC,-8.769121,32.204679,shighland
NZUBUKA,106875-8,private,Tabora,Uyui DC,-4.73894,32.8328,central
NZUGILO,106876-6,public,Dodoma,Mpwapwa DC,-7.230164,36.431451,central
NZUGUNI,106877-4,private,Dodoma,Dodoma CC,-6.12464,35.83468,central
NZUMI,111895-9,private,Rukwa,Sumbawanga DC,-8.25657,31.99129,shighland
NZUMO,113814-8,private,Morogoro,Kilosa DC,-6.388531,37.34204,coastal
NZUNDA,111394-3,public,Mbeya,Rungwe DC,-9.08558,33.55738,shighland
NZUNDUKA,111956-9,private,Arusha,Arusha CC,-3.38012,36.65985,northern
O AND  N,122063-1,private,Dar Es Salaam,Ilala MC,,,coastal
O.T CLASSIC,114368-4,private,Mwanza,Ilemela MC,-2.49028,32.89745,lake
OASIS,115016-8,private,Manyara,Babati TC,,,northern
OASIS,112344-7,private,Dar Es Salaam,Ubungo MC,-6.45062,39.09825,coastal
OASIS,122724-8,private,Dar Es Salaam,Temeke MC,-6.90004,39.27011,coastal
OB,113494-9,private,Dar Es Salaam,Kinondoni MC,-6.65941,39.18277,coastal
OB MTONI,122422-9,private,Dar Es Salaam,Kinondoni MC,,,coastal
OBAMA,114331-2,private,Dar Es Salaam,Kigamboni MC,,,coastal
OCEAN ROAD CANCER INSTITUTE (ORCI),106880-8,public,Dar Es Salaam,Ilala MC,-6.810666,39.296125,coastal
OCEANIC,124873-1,private,Dar Es Salaam,Kigamboni MC,-6.83482,39.34212,coastal
OCHUNA,106881-6,public,Mara,Rorya DC,-1.41243,34.1502,lake
OFE,123947-4,private,Geita,Geita TC,-2.88076,32.28693,lake
OJM,123661-1,private,Dar Es Salaam,Kinondoni MC,-6.79471,39.26642,coastal
OK KIMARA,122269-4,private,Dar Es Salaam,Ubungo MC,-6.46778,39.0972,coastal
OKAONI,106885-7,public,Kilimanjaro,Moshi DC,-3.2143,37.29393,northern
OKRA,122538-2,private,Kigoma,Kasulu TC,-4.56577,30.11682,central
OKUTU,120525-1,public,Manyara,Simanjiro DC,-4.20287,36.93494,northern
OLARASHI,106887-3,public,Arusha,Monduli DC,-3.30075,36.44979,northern
OLASITI SMART,122173-8,private,Arusha,Arusha CC,,,northern
OLBALBAL,106889-9,public,Arusha,Ngorongoro DC,-2.98524,35.50588,northern
OLBILI,120661-4,public,Manyara,Simanjiro DC,-4.45313,37.4756,northern
OLCHORONYOKIE,113858-5,public,Arusha,Longido DC,-2.90046,36.26291,northern
OLCHORONYORI,106890-7,public,Manyara,Simanjiro DC,-3.72611,37.2574,northern
OLCHOROVOSI,110712-7,public,Arusha,Arusha DC,-3.35641,36.66751,northern
OLD ARUSHA,106891-5,private,Arusha,Arusha CC,-3.37439,36.69686,northern
OLD CAMP (JWTZ),106892-3,public,Lindi,Nachingwea DC,-10.37494,38.76079,southern
OLD MASWA,106893-1,private,Simiyu,Bariadi TC,-2.68237,33.9943,lake
OLD MOSHI SEC SCHOOL,106895-6,public,Kilimanjaro,Moshi MC,-3.33277,37.33739,northern
OLD SHINYANGA,106896-4,public,Shinyanga,Shinyanga MC,-3.5682,33.41178,lake
OLD SHINYANGA JWTZ,106897-2,public,Shinyanga,Shinyanga MC,-3.55618,33.4084,lake
OLDADAI,106898-0,public,Arusha,Arusha DC,-3.356071,36.73511,northern
OLDEANI,106899-8,public,Arusha,Karatu DC,-3.348367,35.554879,northern
OLDONYO,122913-7,public,Arusha,Monduli DC,-2.97415,36.03888,northern
OLDONYOLENGAY,122914-5,public,Arusha,Monduli DC,-2.97415,36.03887,northern
OLDONYOSAMBU,109698-1,public,Arusha,Ngorongoro DC,-2.18099,35.83075,northern
OLDONYOSAPUK,106903-8,public,Arusha,Arusha DC,-3.3292,36.7094,northern
OLDONYOWASI,106904-6,public,Arusha,Arusha DC,-3.16025001,36.703001,northern
OLDUVAI,123470-7,private,Pwani,Mkuranga DC,-7.01889,39.31353,coastal
OLEKERETO,111971-8,private,Arusha,Ngorongoro DC,-2.06595,35.55827,northern
OLELE,106905-3,public,Kilimanjaro,Rombo DC,-3.123559,37.606701,northern
OLEMASEKE,123170-3,private,Arusha,Arusha DC,-3.35735,36.68373,northern
OLGILAI,106906-1,public,Arusha,Arusha DC,-3.34238,36.72191,northern
OLINA,122129-0,private,Lindi,Ruangwa DC,,,southern
OLIYO,121325-5,public,Mara,Rorya DC,-1.4688,34.03502,lake
OLJORO,109720-3,public,Arusha,Arusha DC,-3.54043,36.65061,northern
OLJORO 5,106883-2,public,Manyara,Simanjiro DC,-3.83709,36.6345,northern
OLKEREYAN,106910-3,public,Arusha,Arusha CC,-3.43613,36.72062,northern
OLKITIKITI,106911-1,public,Manyara,Kiteto DC,-5.51656,37.11734,northern
OLKOKOLA,106913-7,public,Arusha,Arusha DC,-3.24666,36.64528,northern
OLKOKOLA RC,106914-5,private,Arusha,Arusha DC,-3.26578,36.616,northern
OLKOLILI,120849-5,public,Kilimanjaro,Siha DC,-3.30327,37.05721,northern
OLMOLOG,106915-2,public,Arusha,Longido DC,-2.866747,37.126403,northern
OLMOTI,112378-5,public,Arusha,Arusha CC,-3.426427,36.593784,northern
OLMOTI,106916-0,public,Arusha,Longido DC,-2.886272,37.074405,northern
OLOIPIRI,106918-6,public,Arusha,Ngorongoro DC,-2.04423,35.43752,northern
OLOIROBI,106919-4,public,Arusha,Ngorongoro DC,-3.2091,35.45956,northern
OLOLOSWAKWAN,106920-2,public,Arusha,Ngorongoro DC,-1.87667,35.33267,northern
OLORIEN,121722-3,public,Arusha,Arusha DC,-3.3226,36.64204,northern
OLORIEN COMMUNITY,110725-9,private,Arusha,Arusha CC,-3.38774,36.71161,northern
OLORIENI,109980-3,public,Arusha,Arusha CC,-3.385231,36.714165,northern
OLPIRO,106884-0,public,Arusha,Ngorongoro DC,-3.344087,35.280524,northern
OLPOPONG'I,123325-3,public,Manyara,Kiteto DC,-5.16112,36.36123,northern
OLTEPES,124995-2,public,Arusha,Meru DC,-3.10556,36.91759,northern
OLTOTOI,123933-4,public,Manyara,Simanjiro DC,-4.53366,36.33384,northern
OLTUKAI,106923-6,public,Arusha,Monduli DC,-3.632373,35.92047,northern
OLYMPIC,124617-2,private,Mwanza,Nyamagana MC,-2.517377,32.903812,lake
OLYMPUS,114436-9,private,Mwanza,Ukerewe DC,-2.104911,33.0876874,lake
OMAHE,115095-2,public,Mara,Serengeti DC,-1.96608,34.50678,lake
OMBIRI,122487-2,public,Dodoma,Chemba DC,-5.27581,36.00044,central
OMEGA,113318-0,private,Mwanza,Sengerema DC,-2.65124,32.63913,lake
OMEGA,122808-9,private,Ruvuma,Mbinga DC,,,shighland
OMEGA,106926-9,private,Mara,Musoma MC,-1.50443,33.80355,lake
OMEGA,112194-6,private,Dar Es Salaam,Kinondoni MC,-6.80649,39.25404,coastal
OMEK FAMILY,106927-7,private,Dar Es Salaam,Ubungo MC,-6.80086,39.20305,coastal
Omishi,121867-6,private,Tanga,Pangani DC,-5.63236,38.91436,coastal
OMUBWEYA,106924-4,public,Kagera,Bukoba DC,-1.60316,31.3784,lake
OMULINGA,111581-5,private,Tabora,Tabora MC,-5.016078,32.805723,central
OMURUNAZI,106930-1,public,Kagera,Muleba DC,-1.71719,31.4983,lake
OMURUSIMBI,108917-6,public,Kagera,Karagwe DC,-1.63191,31.09437,lake
ONA EYE CARE LTD-DODOMA,121665-4,private,Dodoma,Dodoma CC,,,central
ONA SIGHT CENTRE,121651-4,private,Dodoma,Dodoma CC,,,central
ONANA,121271-1,private,Mwanza,Ilemela MC,-2.52757,32.94416,lake
ONE HEALTH,120424-7,private,Dar Es Salaam,Ilala MC,,,coastal
ONE HIGH WAY,123511-8,private,Dar Es Salaam,Temeke MC,-6.95128,39.22474,coastal
ONESMO ONE OPTICAL CENTRE,114214-0,private,Singida,Singida MC,,,central
ONNA SIGHT CENTRE,112866-9,private,Dodoma,Dodoma CC,-6.17916,35.74771,central
ONSET,123812-0,private,Dar Es Salaam,Kinondoni MC,,,coastal
ONSPOT,122614-1,private,Dar Es Salaam,Temeke MC,-6.54491,39.16131,coastal
ONTIME,111113-7,private,Dar Es Salaam,Ilala MC,-6.82985,39.26457,coastal
ONYEMELA DISP,120886-7,private,Shinyanga,Shinyanga MC,-3.66839,33.43513,lake
ONYEMELA'B',122950-9,private,Iringa,Iringa DC,-7.47253,35.80362,shighland
OPRAH,114021-9,private,Dar Es Salaam,Temeke MC,-6.93,39.24372,coastal
OPTHAMOLOGY,121372-7,private,Ruvuma,Songea MC,,,shighland
OPTICAL,120507-9,private,Dar Es Salaam,Kinondoni MC,,,coastal
OPTICAL CENTRE,112635-8,private,Dar Es Salaam,Kinondoni MC,-6.6589,39.184,coastal
OPTICAL CENTRE (T) LIMITED,121644-9,private,Dar Es Salaam,Kinondoni MC,,,coastal
OPTICAL CENTRE (T)LTD MBAGALA BRCH,114190-2,private,Dar Es Salaam,Temeke MC,,,coastal
OPTICAL CENTRE KIGAMBONI BRANCH,122684-4,private,Dar Es Salaam,Kigamboni MC,-6.87891,39.34201,coastal
OPTICAL CENTRE MBEZI BRANCH,122593-7,private,Dar Es Salaam,Ubungo MC,-6.78791,39.06451,coastal
Optical Solutions Arusha,121658-9,private,Arusha,Arusha CC,,,northern
OPTICARE,112931-1,private,Tanga,Korogwe TC,-5.15579,38.44673,coastal
OPTICARE UNIT-MSIMBAZI,123927-6,private,Dar Es Salaam,Ilala MC,,,coastal
OPTIMISM,124160-3,private,Mwanza,Ilemela MC,-2.55576,35.90876,lake
OPTIMISM,124886-3,private,Mwanza,Ilemela MC,-2.54768,32.86234,lake
OPTIVIEW,125070-3,private,Dodoma,Dodoma CC,-6.17597,35.74905,central
ORBIT,120896-6,private,Arusha,Arusha CC,-3.37051,36.69912,northern
ORBOSHAN,115241-2,public,Arusha,Karatu DC,-3.65861,35.63806,northern
ORKESUMET,106934-3,public,Manyara,Simanjiro DC,-4.46411,37.1923,northern
ORKESUMET,106937-6,public,Manyara,Simanjiro DC,-4.457219,37.191948,northern
ORKESUMET TAG,106936-8,private,Manyara,Simanjiro DC,-4.46613,37.2021,northern
ORKESUMETITA VAH,106935-0,private,Manyara,Simanjiro DC,-4.46374,37.19247,northern
ORKINE,113903-9,public,Manyara,Kiteto DC,,,northern
ORMEKEKE,112460-1,public,Arusha,Ngorongoro DC,-3.156426,35.285499,northern
OROTHA,114297-5,private,Pwani,Kibaha TC,-6.761104,38.928356,coastal
OSAYA,120739-8,private,Singida,Itigi DC,-5.69297,34.5029,central
OSINONI,106938-4,public,Arusha,Ngorongoro DC,-3.21426,35.0528,northern
OSIRI,106939-2,public,Mara,Rorya DC,-1.13349,34.1597,lake
OSTETI,109822-7,public,Manyara,Kiteto DC,-5.52463,36.32086,northern
OSWE,114499-7,private,Songwe,Mbozi DC,-9.17797,32.8634,shighland
OVADA,106941-8,public,Dodoma,Chemba DC,-5.180528,35.243912,central
OVADA MEDCARE,121733-0,private,Dodoma,Chemba DC,-5.18304,35.24004,central
OVADA VA,106942-6,private,Dodoma,Chemba DC,-5.18304,35.24004,central
OYSTERBAY POLICE,106945-9,public,Dar Es Salaam,Kinondoni MC,-6.76829,39.2743,coastal
OZZANNE,110909-9,private,Mbeya,Mbeya CC,-8.91162,33.4718,shighland
P & G,121479-0,private,Dar Es Salaam,Kinondoni MC,,,coastal
P & L MOSHI,123901-1,private,Kilimanjaro,Moshi MC,-3.21125,37.20247,northern
P - CONSULTANT,121690-2,private,Dar Es Salaam,Ilala MC,-6.80627,39.27649,coastal
P -CONSULTANT,110814-1,private,Dar Es Salaam,Ilala MC,-6.807309,39.275168,coastal
P&K,121761-1,private,Morogoro,Ifakara TC,,,coastal
P- CONSULTANT,111364-6,private,Dar Es Salaam,Ubungo MC,-6.80395,39.15354,coastal
P-CONSULTANT MEDICAL,112084-9,private,Dar Es Salaam,Kigamboni MC,-6.86893,39.33329,coastal
P.N,113266-1,private,Dar Es Salaam,Ubungo MC,-6.80877,39.23691,coastal
PACO,124428-4,private,Mwanza,Ilemela MC,-2.48512,32.92128,lake
PAGAE,112504-6,public,Pwani,Kibiti DC,-7.6704,39.0297,coastal
PAGWI,106950-9,public,Tanga,Kilindi DC,-5.81595,37.12733,coastal
PAHI,106952-5,private,Dodoma,Kondoa DC,-4.721158,35.922232,central
PAHI GOVT,106951-7,public,Dodoma,Kondoa DC,-4.72028,35.91694,central
PAIN MANAGEMENT,112159-9,private,Dar Es Salaam,Ilala MC,-6.80481,39.28214,coastal
PAJI,106953-3,public,Simiyu,Meatu DC,-3.53835,34.44856,lake
PALAKA,111476-8,public,Pwani,Kisarawe DC,-7.13614,38.8006,coastal
PALANGAWANU,106954-1,public,Njombe,Wanging'ombe DC,-8.98019,34.59028,shighland
PAMILA,106955-8,public,Kigoma,Kigoma DC,-4.882194,29.921168,central
PAMOJA,111143-4,private,Arusha,Arusha DC,-3.31926,36.63523,northern
PAMU,125110-7,private,Kagera,Muleba DC,-2.26293,31.63693,lake
PANDA HILL SECONDARY,106958-2,private,Mbeya,Mbeya DC,-8.960382,33.247201,shighland
PANDAMBILI,106959-0,public,Dodoma,Kongwa DC,-6.08251,36.73158,central
PANDAMBILI,106960-8,public,Morogoro,Mvomero DC,-5.82445,37.49994,coastal
PANDAMBILI,121887-4,public,Dodoma,Kongwa DC,-6.09361,36.75359,central
PANDE,106962-4,public,Lindi,Kilwa DC,-9.13127,39.5631,southern
PANDE,111333-1,public,Pwani,Bagamoyo DC,-6.4904,38.9774,coastal
PANDE,106961-6,public,Tanga,Tanga CC,-5.053995,38.948792,coastal
PANDE JWTZ,106963-2,public,Tanga,Tanga CC,-5.07167,38.98393,coastal
PANEMBA,120735-6,private,Dar Es Salaam,Ubungo MC,,,coastal
PANGABOI,106964-0,public,Lindi,Mtama DC,-10.11834,39.86985,southern
PANGALAMWENGEREZA,122425-2,public,Pwani,Kisarawe DC,-7.23468,38.37359,coastal
PANGALE,106965-7,public,Tabora,Sikonge DC,-5.29254,32.7109,central
PANGAMLIMA,120930-3,public,Tanga,Muheza DC,-5.24991,38.67246,coastal
PANGANI,106967-3,public,Tanga,Pangani DC,-5.42626,38.9715,coastal
PANGANI,121809-8,public,Pwani,Kibaha TC,-6.70088,39.04442,coastal
Pangani DC,124847-5,public,Tanga,Pangani DC,,,coastal
PANGANI FALLS,106968-1,private,Tanga,Muheza DC,-5.35748,38.6564,coastal
PANGARO,106969-9,public,Kilimanjaro,Mwanga DC,-3.88078,37.7283,northern
PANGASEGA,110595-6,private,Dar Es Salaam,Ubungo MC,-6.76833,39.1589,coastal
PANGAWE JWTZ,106972-3,public,Morogoro,Morogoro DC,-6.80199,37.7638,coastal
PANGAWE KIJIJINI,106971-5,public,Morogoro,Morogoro DC,-6.79925,37.79339,coastal
PANGONI HEALTH,123258-6,private,Kagera,Karagwe DC,-1.60521,31.13852,lake
PANORAMA,111272-1,private,Mwanza,Kwimba DC,-2.96392,33.33603,lake
PANYAKOO,106974-9,public,Mara,Rorya DC,-1.14258,34.2233,lake
PAPRI,109555-3,private,Kilimanjaro,Moshi MC,-3.35656,37.33591,northern
PARADIGMS,111886-8,private,Dar Es Salaam,Ubungo MC,-6.81792,39.15663,coastal
PARADISE,109304-6,private,Mara,Musoma MC,-1.51906,33.80659,lake
PARADISE,113030-1,private,Kigoma,Kigoma Ujiji MC,-4.88732,29.6577,central
PARADISE,110910-7,private,Mbeya,Mbeya CC,-8.90199,33.54245,shighland
PARADISE,113067-3,private,Ruvuma,Mbinga TC,-10.94913,34.99765,shighland
PARADISO,106976-4,public,Ruvuma,Mbinga DC,-10.59352,35.02747,shighland
Paramawe,112269-6,public,Rukwa,Nkasi DC,-7.2931,31.05306,shighland
PARAMOUNT,121090-5,private,Kilimanjaro,Moshi MC,-3.35283,37.33966,northern
PARANE SDA,106977-2,private,Kilimanjaro,Same DC,-4.39848,38.0031,northern
PARANGU,106978-0,public,Ruvuma,Songea DC,-10.608333,35.496944,shighland
PARIS NURSING & MATERNITY HEALTH SERVICES -MAJOHE,123832-8,private,Dar Es Salaam,Ilala MC,-6.90027,39.13897,coastal
PARK,122175-3,private,Mbeya,Mbeya CC,,33.468117,shighland
PARK- NYIGOTI,106979-8,public,Mara,Serengeti DC,-1.95081,34.66076,lake
PARO,125253-5,private,Mbeya,Mbeya CC,-8.89476,33.55041,shighland
PASAKA,112442-9,private,Dar Es Salaam,Temeke MC,-6.93554,39.28228,coastal
PASAKA,123260-2,private,Kagera,Bukoba MC,-1.34609,31.80332,lake
PASAKA,123495-4,private,Kagera,Bukoba MC,-1.34609,31.80332,lake
PASIANSI,106980-6,public,Mwanza,Ilemela MC,-2.47417,32.90971,lake
PASIANSI SDA,107339-4,private,Mwanza,Ilemela MC,-2.47862,32.91086,lake
PASSIONIST ITOLOLO,101996-7,private,Dodoma,Kondoa DC,-4.51717,35.79111,central
PATAMELA,109478-8,public,Songwe,Songwe DC,-8.36698,33.06231,shighland
PATANDI,106982-2,private,Arusha,Meru DC,-3.37307,36.7869,northern
PATEL,123481-4,private,Tabora,Sikonge DC,-5.47512,32.43926,central
PATHLABS,120569-9,private,Dar Es Salaam,Kinondoni MC,,,coastal
PATIMO,124948-1,private,Mwanza,Ilemela MC,-2.48943,32.89822,lake
PATMO,113400-6,private,Mwanza,Ilemela MC,-2.470535,32.916668,lake
PATMO,112835-4,private,Geita,Geita TC,-2.87381,32.22276,lake
PATMO,113234-9,private,Mwanza,Ilemela MC,-2.47053,32.9166,lake
PATRA,125000-0,private,Pwani,Chalinze DC,-6.33351,38.38989,coastal
PATRICE GLOBAL MISSION (PGM),124161-1,private,Mwanza,Nyamagana MC,-2.62929,32.93836,lake
PATRICK PEYTON RC,120757-0,private,Arusha,Arusha CC,-3.40019,36.66621,northern
PAUL DIAGNOSTIC LAB,121959-1,private,Geita,Geita TC,-2.8824716,32.2289,lake
PAULINE,106983-0,private,Mbeya,Mbeya DC,-8.93762,33.34794,shighland
PAX FERTILITY,124888-9,private,Dar Es Salaam,Kinondoni MC,-6.18456,39.18051,coastal
PC,113227-3,private,Tanga,Tanga CC,-5.10024,39.03996,coastal
PCMC,114838-6,private,Ruvuma,Mbinga DC,-10.75443,35.1468,shighland
PEACE,125117-2,private,Songwe,Tunduma TC,-9.26468,32.83859,shighland
PEACE,122630-7,private,Manyara,Simanjiro DC,-3.563864,36.98069,northern
PEACE EYE,112648-1,private,Dar Es Salaam,Ilala MC,-6.81719,39.27388,coastal
PEACE PRINMAT,113420-4,private,Geita,Geita TC,-2.90933,32.26236,lake
PEAN,123491-3,private,Dar Es Salaam,Ubungo MC,-6.79439,39.21567,coastal
PEAN TEGETA,125050-5,private,Dar Es Salaam,Kinondoni MC,-6.65941,39.18163,coastal
PEARL,124520-8,private,Dar Es Salaam,Kinondoni MC,-6.93478,39.18051,coastal
PEKO MISEGESE,106985-5,public,Morogoro,Mvomero DC,-6.99154,37.58237,coastal
Peluanda,111194-7,public,Njombe,Njombe TC,-9.31844,34.844076,shighland
PEMA,123759-3,private,Shinyanga,Msalala DC,-3.26735,32.42401,lake
PEMBA,120823-0,public,Mara,Tarime DC,-1.27543,34.51509,lake
PEMBA,106986-3,public,Morogoro,Mvomero DC,-6.00066,37.514,coastal
PEMBAMNAZI,110731-7,public,Dar Es Salaam,Kigamboni MC,-7.1637,39.50975,coastal
PEMBAMOTO,106987-1,public,Dodoma,Kongwa DC,-6.26211,36.8368,central
PEMBEZONE OPTICAL EYE CARE -,112939-4,private,Njombe,Njombe TC,-9.33751,34.76842,shighland
Pentecostal,121339-6,private,Mbeya,Rungwe DC,-9.32444,33.65719,shighland
PENTEKOSTE,113784-3,private,Mbeya,Mbarali DC,-8.67235210374,34.307034,shighland
PENTEKOSTE ENDASAK,101093-3,private,Manyara,Hanang DC,-4.42606,35.50999,northern
Penuel,111816-5,private,Dar Es Salaam,Ilala MC,-6.82148,39.20001,coastal
PENZI,112457-7,public,Shinyanga,Kahama MC,-3.81311,32.70988,lake
PERA,114801-4,public,Pwani,Chalinze DC,-6.65566,38.43076,coastal
PERAMIHO B,111872-8,public,Ruvuma,Songea DC,-10.623288,35.456831,shighland
PERANI,121237-2,public,Tanga,Mkinga DC,,,coastal
PERFECT,120922-0,private,Arusha,Arusha DC,-3.34993,36.68501,northern
PERFECT POINT EYE CENTRE,110768-9,private,Dar Es Salaam,Kinondoni MC,-6.66937,39.19055,coastal
PEROSE,123011-9,private,Mara,Tarime DC,-1.15521,34.28411,lake
PEROSE PRINMAT,106991-3,private,Mara,Tarime DC,-1.26452,34.4781,lake
PETALIS,123945-8,private,Mwanza,Ilemela MC,,,lake
PETER FITTING CENTRE,121652-2,private,Dar Es Salaam,Ilala MC,,,coastal
PETER LEMA HEALTH,123760-1,private,Dar Es Salaam,Temeke MC,,,coastal
PGM,123690-0,private,Katavi,Mpanda MC,-6.36806,31.08727,shighland
PH HEALTHCARE,124519-0,private,Mwanza,Nyamagana MC,-2.59601,32.96237,lake
Phanuel,113684-5,private,Manyara,Babati DC,-4.2308,35.42669,northern
PHAVIEW (T) LTD,112777-8,private,Dar Es Salaam,Ilala MC,-6.81578,39.28251,coastal
PHEMAR 97,122544-0,private,Morogoro,Ulanga DC,-8.68299,36.71119,coastal
PHYSIOCARE,121378-4,private,Arusha,Arusha CC,-3.39398,36.70832,northern
PHYSIOTHERAPY CENTRE,114692-7,private,Dar Es Salaam,Ilala MC,,,coastal
PILLAR,123948-2,private,Manyara,Kiteto DC,-5.47988,36.56602,northern
PIMAX MEDICAL,121563-1,private,Dar Es Salaam,Ilala MC,,,coastal
PINGALAME,106996-2,public,Dodoma,Kongwa DC,-5.641063,36.425739,central
PINGO,121884-1,public,Pwani,Chalinze DC,-6.65569,38.43071,coastal
PINYINYI,106997-0,public,Arusha,Ngorongoro DC,-2.31298,35.94426,northern
PIO,121262-0,private,Dar Es Salaam,Ilala MC,,,coastal
PIUS,120420-5,private,Dar Es Salaam,Temeke MC,,,coastal
PIYAYA,107000-2,private,Arusha,Ngorongoro DC,-2.58141,35.50269,northern
PKP,122059-9,private,Dar Es Salaam,Kinondoni MC,,,coastal
PKP,121023-6,private,Dar Es Salaam,Kinondoni MC,-6.673834,39.200934,coastal
PLASMA HEALTH,122739-6,private,Katavi,Tanganyika DC,-6.48346,30.85421,shighland
PLATINUM MEDICAL CARE,121058-2,private,Morogoro,Morogoro MC,-6.80301,37.66681,coastal
PLATOON,123857-5,private,Dar Es Salaam,Ilala MC,-6.98217,39.16799,coastal
PLUMTREE,120252-2,private,Kagera,Biharamulo DC,-3.03872,31.12216,lake
POA ARAFA CHARITABLE,112417-1,private,Dar Es Salaam,Ubungo MC,-6.70772,39.10942,coastal
POLI,107003-6,public,Arusha,Meru DC,-3.34948,36.79779,northern
POLICE,107010-1,public,Pwani,Kibaha TC,-6.79231,38.99568,coastal
POLICE,107020-0,public,Singida,Singida MC,-4.8203,34.74567,central
POLICE,113606-8,public,Shinyanga,Kahama MC,-3.82936,32.59363,lake
POLICE,121076-4,public,Simiyu,Bariadi TC,-2.78332,33.99271,lake
POLICE,107005-1,public,Tabora,Tabora MC,-5.02745,32.81401,central
POLICE,107008-5,public,Arusha,Arusha CC,-3.36811,36.69189,northern
POLICE,107009-3,public,Lindi,Lindi MC,-9.99733,39.71775,southern
POLICE,107007-7,public,Iringa,Iringa MC,-7.76329,35.70524,shighland
POLICE,107006-9,public,Mtwara,Mtwara MC,-10.27693,40.17832,southern
POLICE,107017-6,public,Kigoma,Kigoma Ujiji MC,-4.888031,29.62086,central
Police Central,107011-9,public,Dodoma,Dodoma CC,-6.185701,35.746999,central
POLICE COLLEGE,123090-3,public,Dar Es Salaam,Temeke MC,-6.84816,39.28324,coastal
POLICE FFU,107012-7,public,Morogoro,Morogoro MC,-6.82364,37.67833,coastal
POLICE KATAVI,120535-0,public,Katavi,Mpanda MC,-6.34045,31.07107,shighland
POLICE KIDATU,111039-4,public,Morogoro,Ifakara TC,-7.63801,36.88802,coastal
POLICE KUNDUCHI,121590-4,public,Dar Es Salaam,Kinondoni MC,-6.70233,39.05345,coastal
POLICE LINE,107014-3,public,Kilimanjaro,Moshi MC,-3.350223,37.33323,northern
POLISI,107019-2,public,Rukwa,Sumbawanga MC,-7.967945,31.615464,shighland
POLISI,107021-8,public,Manyara,Babati TC,-4.21352,35.74809,northern
POMBWE,107023-4,public,Pwani,Kibiti DC,-8.236812,39.336307,coastal
POMERIN,107024-2,private,Iringa,Kilolo DC,-8.0978,35.76834,shighland
PONA,121531-8,private,Arusha,Arusha DC,,,northern
PONA,123093-7,private,Manyara,Hanang DC,-4.37523,35.07091,northern
PONDE,122051-6,private,Dar Es Salaam,Temeke MC,-6.00006,39.00006,coastal
PONGWE,107025-9,public,Tanga,Tanga CC,-5.133376,38.97556,coastal
PONGWEKIONA,107026-7,public,Pwani,Chalinze DC,-6.18032,38.242556,coastal
PONGWEMSUNGURA,107027-5,public,Pwani,Chalinze DC,-6.333847,38.259817,coastal
PORI LA AKIBA MASWA,123606-6,public,Simiyu,Meatu DC,-3.20807,34.42691,lake
Potea,113589-6,public,Dodoma,Kondoa DC,-4.63948,35.91462,central
POTWE,107028-3,public,Tanga,Muheza DC,-5.20696,38.61807,coastal
POVERTY AFRICA KITUNDA CHARITABLE,107029-1,private,Dar Es Salaam,Ilala MC,-6.89903,39.19764,coastal
POZO,115244-6,public,Tanga,Handeni DC,-5.85643,38.49577,coastal
PRECIOUS HEARTS PEDIATRIC,124387-2,private,Dar Es Salaam,Kinondoni MC,-6.13567,39.25326,coastal
PREMIER,114369-2,private,Kagera,Missenyi DC,-1.00312,31.41293,lake
PREMIER CARE,123214-9,private,Dar Es Salaam,Kinondoni MC,-6.77841,39.26969,coastal
PREMIER CARE CLINIC LIMITED,107032-5,private,Dar Es Salaam,Kinondoni MC,-6.77842,39.26914,coastal
PRIDE,113125-9,private,Singida,Singida MC,,,central
PRIDE,112255-5,private,Singida,Singida MC,-4.81612,34.75035,central
PRIMARY HEALTH CARE INSTITUTE IRINGA,122937-6,public,Iringa,Iringa MC,-7.77247,35.70191,shighland
PRIME,123735-3,private,Dar Es Salaam,Kinondoni MC,-6.78127,39.28339,coastal
PRIME CARE,107033-3,private,Dar Es Salaam,Ubungo MC,-6.77497,39.10893,coastal
PRIMETEL,124540-6,private,Arusha,Monduli DC,-3.31406,36.44953,northern
PRINCE,113543-3,private,Arusha,Arusha CC,-3.37626,36.66222,northern
PRINCE SAUD,107035-8,private,Dar Es Salaam,Ilala MC,-6.82947,39.22316,coastal
PRINCES,112623-4,private,Mbeya,Mbeya CC,-8.92144,33.42889,shighland
PRINMAT EKISHA,108900-2,private,Kagera,Bukoba MC,-1.32392,31.81978,lake
PRINMAT MUSE,110956-0,private,Mwanza,Nyamagana MC,-2.554986,32.953449,lake
PRINMAT NANA,110958-6,private,Mwanza,Nyamagana MC,-2.545433,32.979045,lake
PRINMAT PEJA,110964-4,private,Mwanza,Ilemela MC,-2.51709,32.974,lake
PRISON,109662-7,public,Mara,Tarime TC,-1.34846,34.37122,lake
PRISON,109722-9,public,Tanga,Pangani DC,-5.42718,38.97184,coastal
PROHEALTH,110686-3,private,Dar Es Salaam,Ubungo MC,-6.74015,39.15467,coastal
PROPHET SUGUYE  HEALTH LABORATORY SERVICES LIMITED,124946-5,private,Dar Es Salaam,Ilala MC,-6.80389,39.27869,coastal
PROSATRA YOMBO,114558-0,private,Dar Es Salaam,Temeke MC,-6.88319,39.23282,coastal
PROTUS CRCT,114824-6,private,Kilimanjaro,Mwanga DC,-3.78371,37.61178,northern
PUBLIC HOPE,112799-2,private,Tabora,Nzega DC,,,central
PUGE,107037-4,public,Tabora,Nzega DC,-4.73412,33.17467,central
PUGU,112813-1,public,Simiyu,Bariadi DC,-2.82271,33.84395,lake
PUMA,113132-5,private,Singida,Ikungi DC,-5.00099,34.4527,central
PUMA,107040-8,public,Singida,Ikungi DC,-5.002661,34.754231,central
PUNGUTINI,122172-0,public,Lindi,Kilwa DC,-8.38661,39.02312,southern
Pwaga,107043-2,public,Dodoma,Mpwapwa DC,-6.6919,36.56195,central
QAMEYU,107044-0,public,Manyara,Babati DC,-4.18902,35.48317,northern
QANDACH,122281-9,public,Manyara,Mbulu DC,-4.08997,35.14265,northern
Qangded,107045-7,private,Arusha,Karatu DC,-3.50801,35.39382,northern
QARU,107046-5,private,Arusha,Karatu DC,-3.523203,35.625352,northern
QASH,107047-3,public,Manyara,Babati DC,-4.32285,35.86963,northern
QATESH,120627-5,public,Manyara,Mbulu TC,-3.48101,35.36301,northern
QUALITAS,120767-9,private,Dar Es Salaam,Kigamboni MC,-6.82874,39.31062,coastal
QUALITY,113315-6,private,Mwanza,Nyamagana MC,-2.518543,32.904289,lake
QUALITY,114223-1,private,Dodoma,Dodoma CC,-6.13158,35.76317,central
QUBE,113631-6,private,Arusha,Arusha CC,-3.37452,36.73815,northern
QUEEN OF UNIVERSAL,107049-9,private,Singida,Ikungi DC,-4.99242,34.75629,central
QURUS,107052-3,public,Arusha,Karatu DC,-3.433426,35.610985,northern
R & D,121375-0,private,Arusha,Arusha CC,,,northern
R&D,122155-5,private,Arusha,Arusha CC,,,northern
R.M,113382-6,private,Mwanza,Nyamagana MC,-2.55532,32.95145,lake
RAA,107053-1,public,Kilimanjaro,Mwanga DC,-3.60986,37.65515,northern
RABININSIA MEMORIAL,104853-7,private,Dar Es Salaam,Kinondoni MC,-6.65531,39.17621,coastal
RABOUR,121390-9,public,Mara,Rorya DC,-1.46047,34.03062,lake
RAD TECH,114490-6,private,Dar Es Salaam,Temeke MC,-6.86474,39.26196,coastal
RADIANCE,125118-0,private,Arusha,Arusha CC,-3.43755,36.65222,northern
RADIANT,124524-0,private,Dar Es Salaam,Kinondoni MC,-6.80619,39.25724,coastal
RADIENYA,107054-9,public,Mara,Rorya DC,-1.28883,34.00464,lake
RADTECH,112040-1,private,Dar Es Salaam,Ilala MC,-6.82865,39.25619,coastal
RAFANE,122028-4,private,Dar Es Salaam,Ubungo MC,-6.4911,39.07553,coastal
RAFIKI,123014-3,private,Mbeya,Mbarali DC,-8.73977,33.78773,shighland
RAGATA,123086-1,public,Mara,Bunda DC,-2.12983,33.58118,lake
RAHA,108769-1,private,Mtwara,Mtwara MC,-10.28308,40.18608,southern
RAHA LEO,111252-3,public,Ruvuma,Mbinga DC,-10.748621,34.868823,shighland
RAHMA,113962-5,private,Geita,Chato DC,-2.63769,31.75463,lake
RAHSAL,123938-3,private,Dar Es Salaam,Kinondoni MC,-6.75597,39.24694,coastal
Railway,107056-4,public,Dodoma,Dodoma CC,-6.184612,35.74996,central
RAINBOW,114562-2,private,Mwanza,Nyamagana MC,-2.52877,32.92239,lake
RAJM,123074-7,private,Pwani,Mkuranga DC,-7.10868,39.20655,coastal
RALLY,122938-4,private,Dar Es Salaam,Ubungo MC,-6.79465,39.21539,coastal
Ram Clinical,121904-7,private,Tanga,Mkinga DC,-4.86957,38.80573,coastal
Ramadhani,109640-3,public,Njombe,Njombe TC,-9.330517,34.74547,shighland
RAMAH,121279-4,private,Dar Es Salaam,Ilala MC,,,coastal
RAMBO,124067-0,private,Mbeya,Mbeya DC,-8.93312,33.34644,shighland
RAMEDICS,125162-8,private,Tanga,Handeni DC,-5.50461,38.47981,coastal
Ramon,122296-7,private,Mbeya,Kyela DC,-9.57906,33.77508,shighland
RAMSHAN,112376-9,private,Mtwara,Tandahimba DC,-10.91383,39.5634,southern
RANDA,121389-1,public,Mara,Rorya DC,-1.29424,34.11215,lake
RANGWI GOVERNMENT,107058-0,public,Tanga,Lushoto DC,-4.56989,38.2531,coastal
RANGWI MISSION,107059-8,private,Tanga,Lushoto DC,-4.5713,38.2518,coastal
RANI,112193-8,private,Dar Es Salaam,Kinondoni MC,-6.74643,39.23534,coastal
RANNAH,114693-5,private,Dar Es Salaam,Ilala MC,,,coastal
RAO,107060-6,private,Mara,Rorya DC,-1.15809,34.0331,lake
RAPHA,124615-6,private,Dar Es Salaam,Kinondoni MC,-6.72839,39.21432,coastal
RAPHACONS,124866-5,private,Njombe,Ludewa DC,,34.51929,shighland
RARANYA,109786-4,public,Mara,Rorya DC,-1.20865,34.10023,lake
RASHEED,107061-4,private,Tanga,Tanga CC,-5.08115,39.09787,coastal
RASHID,114330-4,private,Dar Es Salaam,Ilala MC,-6.88216,39.16014,coastal
RASHID MEDICAL,123842-7,private,Shinyanga,Msalala DC,,,lake
RATH-FISHA,112438-7,private,Dar Es Salaam,Temeke MC,-6.89096,39.24073,coastal
RATIFA MEDICAL,124167-8,private,Mtwara,Tandahimba DC,-10.87268,39.42866,southern
RAU,107062-2,public,Kilimanjaro,Moshi MC,-3.32348,37.35024,northern
RAUYA,107063-0,private,Kilimanjaro,Moshi DC,-3.32885,37.54128,northern
RAYMA'S,113482-4,private,Dar Es Salaam,Kinondoni MC,-6.791275,39.243385,coastal
RAYMAS,102268-0,private,Dar Es Salaam,Ilala MC,-6.82753,39.25847,coastal
RAYS EYE CENTRE,112759-6,private,Dar Es Salaam,Kinondoni MC,,,coastal
RC HEALTH CARE,112588-9,private,Dar Es Salaam,Kinondoni MC,,,coastal
RC IYUNGA,107065-5,private,Mbeya,Mbeya CC,-8.92595,33.40546,shighland
RC MISSION,107068-9,private,Simiyu,Meatu DC,-3.52659,34.31254,lake
RC/KNDEGE,110428-0,private,Morogoro,Morogoro MC,-6.8227,37.6498,coastal
RCH A MOROTONGA,105638-1,public,Mara,Serengeti DC,-1.845377,34.681607,lake
REACH TANZANIA,123184-4,private,Dar Es Salaam,Kinondoni MC,-6.67332,39.18211,coastal
REBU,112558-2,private,Mara,Tarime TC,-1.34754,34.38607,lake
RECHRIS,122191-0,private,Dodoma,Dodoma CC,,,central
RECHRIS,120728-1,private,Dodoma,Dodoma CC,,,central
RED CROSS HUMANITARIAN,108700-6,private,Dar Es Salaam,Kinondoni MC,-6.73965,39.22361,coastal
RED CROSS MAKOLE,104116-9,private,Dodoma,Dodoma CC,-6.176027,35.759109,central
REDATA,122086-2,private,Lindi,Kilwa DC,,,southern
REGENCY,112636-6,private,Dar Es Salaam,Ilala MC,-6.815688,39.283424,coastal
REGENCY,120405-6,private,Dar Es Salaam,Ilala MC,,,coastal
REGENCY MEDICAL CENTRE,107076-2,private,Dar Es Salaam,Ilala MC,-6.81292,39.27939,coastal
REGENCY POLYCLINIC,120425-4,private,Dar Es Salaam,Ilala MC,-6.72572,39.38341,coastal
REHA RC,113697-7,private,Kilimanjaro,Rombo DC,-3.03042,37.60847,northern
REHANI,123290-9,private,Dar Es Salaam,Kinondoni MC,-6.37426,39.09037,coastal
Rehema,107078-8,private,Mtwara,Newala TC,-10.9402,39.2669,southern
REHEMA COGI,113692-8,private,Manyara,Mbulu DC,-4.15431,35.09264,northern
REHEMTULLA,107080-4,private,Dar Es Salaam,Ilala MC,-6.81886,39.28247,coastal
REHMTULLA,121088-9,private,Dar Es Salaam,Ilala MC,-6.81889,39.28257,coastal
REHOBOTH,113436-0,private,Dar Es Salaam,Ilala MC,,,coastal
REHOBOTH,114321-3,private,Dar Es Salaam,Kinondoni MC,-6.78007,39.24095,coastal
REHOBOTH,121571-4,private,Geita,Bukombe DC,-3.3466,31.5261,lake
REIJA,123096-0,private,Tanga,Tanga CC,,,coastal
RELIABLE,123783-3,private,Dar Es Salaam,Kinondoni MC,-6.75653,39.24628,coastal
RELIANCE,123129-9,private,Morogoro,Morogoro MC,-6.48285,37.39013,coastal
REMAKI HEALTHCARE,124004-3,private,Mwanza,Nyamagana MC,-2.62765,32.94458,lake
REMLE,122707-3,private,Pwani,Bagamoyo DC,-6.44432,38.88811,coastal
REMONA,125197-4,private,Mwanza,Magu DC,-2.52801,33.02839,lake
REMTULLA,114450-0,private,Tabora,Tabora MC,-5.017648,32.81321,central
REMUNG'ORORI,107082-0,public,Mara,Serengeti DC,-1.752453,34.273076,lake
RESA,112347-0,private,Dar Es Salaam,Kinondoni MC,-6.66413,39.20596,coastal
RESPECT,113547-4,private,Arusha,Arusha CC,-3.38497,36.68385,northern
RESTIANA MEDICAL LABORATORY,122027-6,private,Dar Es Salaam,Ubungo MC,-6.47171,39.09481,coastal
REVA EYE WEAR AT BLOCK 57,121649-8,private,Dar Es Salaam,Ilala MC,,,coastal
REVIMMHOPE,123052-3,private,Dar Es Salaam,Kinondoni MC,-6.45027,39.16483,coastal
REVIVE,112630-9,private,Dar Es Salaam,Ilala MC,-6.81061,39.29507,coastal
REVIVE,121280-2,private,Dar Es Salaam,Kinondoni MC,-6.74643,,coastal
REX,124323-7,private,Dar Es Salaam,Temeke MC,-6.86807,39.27783,coastal
REYKA,120711-7,private,Dar Es Salaam,Kigamboni MC,-6.88463,39.33302,coastal
REYNA,124104-1,private,Kilimanjaro,Moshi MC,-3.34522,37.33556,northern
REYNA AND DIALYSIS CENTRE,114592-9,private,Kilimanjaro,Moshi MC,-3.34542,37.33541,northern
RHOTIA,107083-8,private,Arusha,Karatu DC,-3.310809,35.737693,northern
RHOTIA KAINAM,108505-9,public,Arusha,Karatu DC,-3.3353,35.7318,northern
RIBE MEDICAL,112715-8,private,Dar Es Salaam,Ilala MC,-6.86469,39.62816,coastal
RICH,125085-1,private,Songwe,Tunduma TC,-9.15415,32.49887,shighland
RICHIDADI LABORATORY,113769-4,private,Iringa,Mafinga TC,-8.278184,35.309416,shighland
RIDGE,114599-4,private,Shinyanga,Msalala DC,-3.9045393,32.946922,lake
RIGHT SIGHT OPTICALS,120381-9,private,Dodoma,Dodoma CC,,,central
RIGHTCARE CENTER,123762-7,private,Mara,Musoma MC,-1.53142,33.81845,lake
RIGICHA,107086-1,public,Mara,Serengeti DC,-1.926967,34.346506,lake
RIJAL,122728-9,private,Morogoro,Kilosa DC,-6.82953,36.98562,coastal
RIKA,114324-7,private,Dar Es Salaam,Ilala MC,,,coastal
RIMOCARE,121055-8,private,Dar Es Salaam,Ilala MC,-6.83011,39.22732,coastal
RING'WANI,114967-3,public,Mara,Serengeti DC,-1.72359,34.41499,lake
RINO,122072-2,private,Arusha,Arusha CC,,,northern
RIO,122984-8,private,Morogoro,Kilosa DC,-6.46324,36.87247,coastal
RIRODA PUBLIC,110705-1,public,Manyara,Babati DC,-4.30053,35.64894,northern
RISALA,122565-5,private,Dar Es Salaam,Ubungo MC,-6.78615,39.22348,coastal
RISO EYE CARE,121629-0,private,Singida,Singida MC,,,central
RITA,123674-4,private,Geita,Geita TC,-2.90099,32.23212,lake
Riverside,115109-1,private,Morogoro,Kilosa DC,-6.51969,37.21266,coastal
RM,114305-6,private,Dar Es Salaam,Temeke MC,-6.89364,39.23499,coastal
RM,123057-2,private,Dodoma,Mpwapwa DC,-6.71927,36.37127,central
RM  MEDICAL LABORATORY,121456-8,private,Pwani,Mkuranga DC,-7.03243,39.2818,coastal
ROBANDA,107092-9,public,Mara,Serengeti DC,-2.149691,34.699118,lake
ROBEN ISLAND,124465-6,private,Dar Es Salaam,Ubungo MC,-6.34504,39.53173,coastal
ROBRON,123289-1,private,Dar Es Salaam,Ilala MC,-6.85236,39.15521,coastal
ROCA HEALTH,123010-1,private,Mbeya,Rungwe DC,-9.26019,33.64284,shighland
ROCHE SHEDF-VLOP,121003-8,private,Mara,Rorya DC,-1.086188,34.171157,lake
ROCK CITY,113674-6,private,Mwanza,Ilemela MC,-2.502254,32.901292,lake
ROCK CITY EYE CARE,121630-8,private,Mwanza,Nyamagana MC,-2.514819002551,32.905222388926,lake
ROCKCITY,120566-5,private,Mwanza,Nyamagana MC,-2.518315,32.903556,lake
Rocky City,121207-5,private,Mwanza,Ilemela MC,-2.47277,32.91173,lake
ROFATI,124203-1,public,Dodoma,Chemba DC,-5.34057,35.78582,central
ROLAND HEALTH CARE,123714-8,private,Arusha,Arusha CC,-3.39363,36.70389,northern
Rombo DC,124704-8,public,Kilimanjaro,Rombo DC,,,northern
RONGAI,107099-4,public,Kilimanjaro,Rombo DC,-2.932232,37.462056,northern
RONSOTI GOVERNMENT,123829-4,public,Mara,Tarime TC,-1.20146,34.22559,lake
ROONHAJ,123917-7,private,Pwani,Kisarawe DC,,,coastal
ROPHEKA,124085-2,private,Morogoro,Morogoro MC,-6.77574,37.75075,coastal
RORYA,124326-0,private,Geita,Geita DC,-3.01881,31.94441,lake
RORYA,112559-0,private,Mara,Musoma MC,-1.49626,33.8103,lake
Rorya DC,124728-7,public,Mara,Rorya DC,,,lake
ROSELINE,120482-5,public,Kilimanjaro,Siha DC,,,northern
ROSEMYSTICA,113782-7,private,Tabora,Nzega TC,-4.21619,33.18627,central
ROSHA,122731-3,private,Tanga,Tanga CC,-5.05626,39.05898,coastal
ROSHA,113220-8,private,Tanga,Tanga CC,-5.05793,39.05573,coastal
ROSHAN,121268-7,private,Arusha,Arusha CC,,,northern
ROSMINIAN,107105-9,private,Tanga,Korogwe DC,-4.97728,38.14971,coastal
ROWINDA,112850-3,private,Geita,Geita TC,-2.86952,32.23751,lake
ROYAL,114085-4,private,Mwanza,Ilemela MC,-2.49126,32.90256,lake
ROYAL,122192-8,private,Morogoro,Kilosa DC,,,coastal
ROYAL,108457-3,private,Pwani,Kibaha TC,-6.79156,38.98609,coastal
ROYAL,113126-7,private,Singida,Iramba DC,-4.60084,34.35549,central
ROYAL,114535-8,private,Mara,Musoma MC,-1.49538,33.80624,lake
ROYAL,122330-4,private,Dar Es Salaam,Ilala MC,-6.82805,39.26185,coastal
ROYAL,122955-8,private,Dar Es Salaam,Ilala MC,-6.99007,39.15786,coastal
ROYAL CARE,122643-0,private,Morogoro,Kilosa DC,-6.38087,37.33581,coastal
ROYAL MALAMBA,125007-5,private,Dar Es Salaam,Ubungo MC,-6.80976,39.10741,coastal
Royal Medical,114665-3,private,Dar Es Salaam,Ilala MC,-6.97593,39.17894,coastal
ROYAL WABORI,121283-6,private,Dar Es Salaam,Ilala MC,,,coastal
ROZANA,107104-2,private,Mara,Tarime DC,-1.37613,34.4802,lake
RS,121946-8,private,Tanga,Mkinga DC,,,coastal
RTS KIHANGAIKO,111350-5,public,Pwani,Chalinze DC,-6.273644,38.388209,coastal
RUAHA,123631-4,public,Morogoro,Ulanga DC,-8.89365,36.72689,coastal
Ruaha,111054-3,public,Morogoro,Kilosa DC,,,coastal
RUAHA,120862-8,public,Lindi,Lindi MC,-10.10136,39.57161,southern
Ruaha Darajani,112734-9,public,Morogoro,Kilosa DC,-7.462535,36.519427,coastal
RUAHA MBUYUNI,107108-3,private,Iringa,Kilolo DC,-7.4659,36.50481,shighland
RUAHA MBUYUNI,120434-6,public,Iringa,Kilolo DC,-7.48649,36.47237,shighland
RUAHA RC,107110-9,private,Morogoro,Ulanga DC,-8.90135,36.72057,coastal
RUAHA RC MISSION,107109-1,private,Morogoro,Kilosa DC,,,coastal
RUANDA,107116-6,private,Ruvuma,Mbinga DC,-10.54244,34.91173,shighland
RUANDA,107113-3,public,Mbeya,Mbeya CC,-8.90922,33.45991,shighland
RUANDA,111309-1,public,Ruvuma,Mbinga DC,-10.533629,34.917008,shighland
RUANDA,107112-5,public,Songwe,Mbozi DC,-8.96922,33.103575,shighland
RUANDA CHUO,107114-1,public,Mbeya,Mbeya CC,-8.90077,33.44996,shighland
RUANDA II,107115-8,public,Mbeya,Mbeya DC,-9.176643,33.359918,shighland
RUANDA PRISON,107117-4,public,Mbeya,Mbeya CC,-8.90118,33.44724,shighland
RUANGWA,114821-2,public,Lindi,Ruangwa DC,-10.09002,38.91934,southern
Ruangwa DC,124713-9,public,Lindi,Ruangwa DC,,,southern
RUANGWA MJINI,107118-2,public,Lindi,Ruangwa DC,-10.072478,38.935904,southern
RUARUKE,107119-0,public,Pwani,Kibiti DC,-7.76754,39.1712,coastal
RUBALE,107122-4,public,Kagera,Bukoba DC,-1.59787,31.5202,lake
RUBALE,112070-8,public,Kagera,Karagwe DC,-1.74694,31.16044,lake
RUBANA,122716-4,public,Mara,Bunda TC,-2.05169,33.87901,lake
RUBEHO,107123-2,public,Morogoro,Gairo DC,-6.261638,36.862007,coastal
RUBONDO,103613-6,public,Geita,Geita DC,-2.29064,31.85069,lake
RUBYA,107124-0,public,Mwanza,Ukerewe DC,-2.05205,32.86324,lake
RUBYA,107125-7,private,Kagera,Muleba DC,-1.74956,31.6204,lake
Rudewa,107126-5,public,Morogoro,Kilosa DC,-6.68333,37.1333,coastal
RUDI,107127-3,public,Dodoma,Mpwapwa DC,-6.96276,36.2539,central
Rufiji DC,124785-7,public,Pwani,Rufiji DC,,,coastal
RUGAMBWA,107129-9,public,Kagera,Bukoba MC,-1.34692,31.80458,lake
RUGANDO,107130-7,public,Kagera,Muleba DC,-1.59064,31.59364,lake
RUGANZO,107131-5,public,Kagera,Ngara DC,-2.54773,30.68624,lake
RUGANZU,107132-3,public,Kagera,Biharamulo DC,-3.11129,31.13704,lake
RUGASHA,107133-1,public,Kagera,Kyerwa DC,-1.11088,30.67244,lake
RUGAZE,107134-9,public,Kagera,Bukoba DC,-1.581535,31.428998,lake
RUGONGWE,124299-9,public,Kigoma,Kibondo DC,-3.90086,30.50496,central
RUGU,107135-6,public,Kagera,Karagwe DC,-1.82922,31.15933,lake
RUGUNGA,107136-4,public,Kigoma,Kibondo DC,-3.63048,30.63947,central
RUHANGA,107137-2,public,Kagera,Muleba DC,-1.59453,31.664,lake
Ruhangas,121159-8,private,Mwanza,Ilemela MC,-2.25707,32.306,lake
RUHATWE,107138-0,public,Lindi,Kilwa DC,-8.78252,39.1866,southern
Ruhembe,107139-8,public,Morogoro,Kilosa DC,-7.55325,37.0469,coastal
RUHITA,107140-6,public,Kagera,Karagwe DC,-1.84366,31.17538,lake
RUHITA,107141-4,public,Kigoma,Kasulu TC,-4.56004,30.21389,central
RUHOMA,122388-2,public,Lindi,Lindi MC,-9.94466,39.37336,southern
RUHU,107142-2,public,Mara,Rorya DC,-1.35438,33.8263,lake
RUHUNGA,107144-8,public,Kagera,Bukoba DC,-1.47617,31.4377,lake
RUHUWIKO,110243-3,public,Ruvuma,Songea MC,-10.67421,35.59495,shighland
RUHUWIKO JWTZ,107146-3,public,Ruvuma,Songea MC,-10.67001,35.61164,shighland
RUIWA,107147-1,public,Mbeya,Mbarali DC,-8.76656,33.63952,shighland
RUJEWA,104571-5,public,Mbeya,Mbarali DC,-8.71104,34.37474,shighland
RUJEWA MUSLIM,107148-9,private,Mbeya,Mbarali DC,-8.704424,34.375312,shighland
RUJU,124419-3,private,Rukwa,Kalambo DC,-8.17931,31.31379,shighland
RUKALE,113919-5,public,Kagera,Karagwe DC,-1.69587,31.12991,lake
RUKAMWO,121875-9,private,Geita,Chato DC,-6.448742,35.804692,lake
RUKARAGATA,107149-7,public,Kagera,Biharamulo DC,-2.65109,31.30928,lake
RUKOLE,121355-2,public,Kagera,Karagwe DC,-1.54459,31.07175,lake
RUKOMA,111140-0,public,Kigoma,Uvinza DC,-5.92604,29.93559,central
RUKUBA,107152-1,public,Mara,Musoma DC,-1.39918,33.69786,lake
RUKULAIJO,108549-7,public,Kagera,Kyerwa DC,-1.44289,30.86448,lake
RUKUNDO,123869-0,private,Mbeya,Chunya DC,-7.27411,33.25471,shighland
RUKWA,109526-4,public,Songwe,Songwe DC,-8.09773,32.60416,shighland
RULENGE,107153-9,private,Kagera,Ngara DC,-2.72021,30.63218,lake
RULENGE,123031-7,public,Kagera,Ngara DC,-2.42924,30.37857,lake
RUMA,121508-6,public,Pwani,Kibiti DC,-8.19103,39.31205,coastal
RUMASHI,107154-7,public,Kigoma,Kakonko DC,-3.04297,30.82336,central
RUMI,113174-7,private,Morogoro,Morogoro MC,,,coastal
RUNAZI,107156-2,public,Kagera,Biharamulo DC,-2.79683,31.43202,lake
RUNDUGAI,107157-0,public,Kilimanjaro,Hai DC,-3.41428,37.1924,northern
RUNERE,107158-8,public,Mwanza,Kwimba DC,-3.10585,33.26892,lake
RUNG'ABURE,107159-6,public,Mara,Serengeti DC,-1.7508,34.620329,lake
RUNGEMBA,107160-4,public,Iringa,Mafinga TC,-8.202553,35.375432,shighland
RUNGUNGU,107161-2,public,Pwani,Kibiti DC,-7.77585,39.0713,coastal
RUNGWA,107162-0,public,Singida,Itigi DC,-6.93707,33.52339,central
Rungwe DC,124739-4,public,Mbeya,Rungwe DC,,,shighland
RUNGWE MISSION,107163-8,private,Mbeya,Rungwe DC,-9.167916,33.590839,shighland
RUNGWE MPYA,120858-6,public,Kigoma,Kasulu DC,-4.76447,30.21031,central
Rungwe Mpya,107164-6,public,Kigoma,Kasulu DC,-4.786278,30.210661,central
RUO,107165-3,public,Lindi,Mtama DC,-10.2167,39.5833,southern
RUPA MEMORIAL,123320-4,private,Mara,Bunda TC,-2.01431,33.87336,lake
RUPENDA,113998-9,private,Kagera,Biharamulo DC,-2.79213,31.4722,lake
RUPONDA,107166-1,public,Lindi,Nachingwea DC,-10.2475,38.6964,southern
RUPUNGWI,107167-9,public,Pwani,Chalinze DC,-6.162457,38.345367,coastal
RURUMA,107168-7,public,Singida,Iramba DC,-4.33549,34.4094,central
RUSABA,107169-5,public,Kigoma,Buhigwe DC,-4.62053,29.79363,central
RUSENGA,121347-9,public,Kigoma,Kakonko DC,-3.15139,30.92495,central
RUSESA,107170-3,public,Kigoma,Kasulu DC,-4.820554,30.016594,central
RUSHUNGI,107171-1,public,Lindi,Kilwa DC,-9.42826,39.6008,southern
RUSHWA,107172-9,public,Kagera,Muleba DC,-1.78329,31.49404,lake
RUSIMBI,107173-7,public,Kigoma,Kigoma Ujiji MC,-4.90087,29.67369,central
RUSOHOKO,107174-5,public,Kigoma,Kibondo DC,-3.65821,30.68007,central
RUSOLI,107175-2,public,Mara,Musoma DC,-1.86728,33.4174,lake
RUSUMO,107176-0,public,Kagera,Ngara DC,-2.39832,30.76984,lake
RUSUMO,115248-7,public,Kagera,Ngara DC,-2.33671,30.47583,lake
RUTAMBA,107178-6,public,Lindi,Lindi MC,-10.04037,39.45173,southern
RUTORO,120936-0,public,Kagera,Muleba DC,-1.68167,31.34139,lake
RUTUNGURU,121683-7,public,Kagera,Kyerwa DC,-1.249775,30.641125,lake
RUVU,107183-6,private,Kilimanjaro,Same DC,-4.18,37.56603,northern
RUVU,110338-1,public,Lindi,Lindi MC,-9.64366,39.71309,southern
RUVU  -MUUNGANO,121804-9,public,Kilimanjaro,Same DC,-4.24455,37.50534,northern
RUVU DARAJANI,110938-8,public,Pwani,Chalinze DC,-6.68767,38.68961,coastal
RUVU JKT,107181-0,public,,,-6.693611,38.738059,
RUVU KOMBO,108481-3,public,Kilimanjaro,Same DC,-4.384146,37.627448,northern
RUVU MARWA,107182-8,public,Kilimanjaro,Same DC,-4.18943,37.896438,northern
RUVU MEDICAL LABORATORY SERVICES,120645-7,private,Pwani,Chalinze DC,,,coastal
RUVU REMIT,107184-4,public,Manyara,Simanjiro DC,-4.55899,37.6864,northern
RUVU SEC,107185-1,public,Pwani,Kibaha DC,-6.70629,38.71026,coastal
RUVU STATION,107186-9,public,Pwani,Kibaha DC,-6.811631,38.657959,coastal
RUVUMA,113888-2,public,Ruvuma,Namtumbo DC,-10.46322,35.8084,shighland
RUVUMA,107543-1,public,Ruvuma,Songea MC,-10.68087,35.65112,shighland
RUVUMA,113585-4,private,Pwani,Kibaha TC,-6.75328,38.90342,coastal
RUVUMA,113669-6,public,Ruvuma,Songea MC,-10.69386,35.63677,shighland
Ruvuma,112414-8,private,Ruvuma,Songea MC,-10.67881,35.6473,shighland
RUVUMACHINI,107187-7,public,Ruvuma,Mbinga TC,-11.180643,35.324406,shighland
RUWE,107188-5,public,Pwani,Rufiji DC,-7.9166,38.8203,coastal
RUZINGA,107189-3,public,Kagera,Missenyi DC,-1.07935,31.66887,lake
RWABWERE,107190-1,public,Kagera,Kyerwa DC,-1.5079,30.9061,lake
RWAKALEMERA,121987-2,public,Kagera,Ngara DC,-2.53516,30.61664,lake
RWAMCHANGA,107192-7,public,Mara,Serengeti DC,-1.88446,34.731655,lake
RWAMISHENYE,107193-5,public,Kagera,Bukoba MC,-1.32241,31.79518,lake
RWAMKOMA,107194-3,public,Mara,Butiama DC,-1.8078,34.0023,lake
RWAMKOMA JKT,107195-0,public,Mara,Butiama DC,-1.83129,33.98587,lake
RWAMLIMI,107196-8,public,Mara,Musoma MC,-1.53142,33.81844,lake
RWAMULUMBA,107197-6,public,Kagera,Bukoba DC,-1.3493,31.7434,lake
RWANG'ENYI,107199-2,public,Mara,Rorya DC,-1.2093,33.94379,lake
RWANTEGE,107200-8,private,Kagera,Muleba DC,-1.77598,31.54971,lake
RWANYANGO,122858-4,public,Kagera,Kyerwa DC,-1.26165,30.68547,lake
RWASERETA,103163-2,public,Mara,Butiama DC,-1.71329,34.1781,lake
RWEGASILA,114379-1,private,Mwanza,Ilemela MC,,,lake
Rwegasira,122725-5,private,Geita,Geita DC,,,lake
RWEJE,107201-6,public,Lindi,Nachingwea DC,-10.12698,38.77594,southern
RWELE,107202-4,public,Kagera,Kyerwa DC,-1.38097,30.89667,lake
RWELU,107203-2,public,Mtwara,Mtwara MC,-10.32646,40.08126,southern
RWENKENDE,107204-0,private,Kagera,Kyerwa DC,-1.19819,30.6411,lake
RWIGEMBE,107205-7,private,Kagera,Muleba DC,-1.77643,31.4494,lake
RWIMBOGO,107206-5,public,Kagera,Ngara DC,-2.93652,30.72521,lake
RWINYANA,115252-9,public,Kagera,Ngara DC,-2.8335512,30.532622,lake
RWOGA,121239-8,private,Kagera,Muleba DC,-1.62455,31.71229,lake
RYAMISANGA,107208-1,public,Mara,Butiama DC,-1.58792,34.06708,lake
RYAMUGABO,107207-3,public,Mara,Butiama DC,-1.71627,33.79139,lake
S-PEAK,124324-5,private,Dar Es Salaam,Ilala MC,-6.81581,39.28388,coastal
S.D.A.,107209-9,private,Tabora,Urambo DC,-5.07231,32.06944,central
S.SAMARITAN,123526-6,private,Dar Es Salaam,Ilala MC,-6.84124,39.21627,coastal
S.T JOSEPH,111776-1,private,Tanga,Lushoto DC,-4.79241,38.29225,coastal
SAADANI,107223-0,public,Pwani,Chalinze DC,-6.04268,38.77731,coastal
SAAWE,107212-3,public,Kilimanjaro,Hai DC,-3.20852,37.18877,northern
SABASABA,107216-4,public,Kilimanjaro,Moshi MC,-3.359797,37.320097,northern
SABASABA,107215-6,public,Morogoro,Morogoro MC,-6.82457,37.65919,coastal
SABASABA,107213-1,public,Iringa,Iringa MC,-7.76841,35.70376,shighland
SABASABINI,111083-2,public,Shinyanga,Ushetu DC,-3.91557,32.35207,lake
SABATO,107333-7,private,Rukwa,Sumbawanga MC,-7.961342,31.616464,shighland
SABATO,107217-2,private,Mtwara,Mtwara MC,-10.27543,40.18259,southern
SABEEVE PRINMAT,111235-8,private,Geita,Geita TC,-2.86742,32.23422,lake
SABILO,108515-8,private,Manyara,Babati TC,-4.21375,35.73888,northern
SABILO,107218-0,public,Manyara,Babati DC,-4.344606,35.479432,northern
SABINA,112581-4,private,Dar Es Salaam,Kinondoni MC,,,coastal
SABINA AND GLORY,123259-4,private,Kagera,Bukoba MC,-1.30522,31.77882,lake
SABNIA,121853-6,private,Pwani,Kibaha TC,-6.716151,39.035988,coastal
SABODO,107219-8,public,Mtwara,Mtwara DC,-10.266991,40.077442,southern
SABRINA,124560-4,private,Pwani,Mkuranga DC,-7.00655,39.30774,coastal
SACHEDINA,125153-7,private,Tanga,Tanga CC,-5.07161,39.10247,coastal
SADANI,107224-8,public,Iringa,Mufindi DC,-8.24301,35.0346,shighland
SADANI,107222-2,private,Iringa,Mufindi DC,-8.24255,35.0154,shighland
SAE,108516-6,private,Mbeya,Mbeya CC,-8.91236,33.49422,shighland
SAENI,121593-8,public,Pwani,Kibaha TC,-6.77441,38.81882,coastal
SAFARI,113545-8,private,Arusha,Arusha DC,-3.31559,36.641,northern
SAFARI B,123541-5,private,Arusha,Arusha CC,-3.39156,36.71307,northern
SAFARI MEDICS POLYCLINIC,115266-9,private,Singida,Singida MC,,,central
SAFE HEALTH,120789-3,private,Dar Es Salaam,Kigamboni MC,-6.87811,39.33613,coastal
SAFE MASUNGA,122108-4,private,Singida,Mkalama DC,,,central
SAFECARE,120253-0,private,Dar Es Salaam,Kinondoni MC,-6.48895,39.24319,coastal
SAFECARE,120338-9,private,Dar Es Salaam,Kinondoni MC,-6.48895,39.24319,coastal
SAFI,113096-2,private,Ruvuma,Songea MC,-10.6777,35.64875,shighland
SAFI,112150-8,private,Dar Es Salaam,Ilala MC,,,coastal
SAFI MEDICS,107225-5,private,Tanga,Tanga CC,-5.06786,39.10979,coastal
SAFINA,122970-7,private,Mwanza,Ilemela MC,,,lake
SAFINA,112570-7,private,Mara,Tarime TC,-1.34375,34.3795,lake
SAFINA,115272-7,private,Dodoma,Dodoma CC,-6.18035,35.75917,central
SAFINA,121102-8,private,Mwanza,Ilemela MC,-2.53639,33.00894,lake
SAFINA GK,123525-8,private,Singida,Singida DC,-4.76027,34.84498,central
SAFINA HR,122190-2,private,Morogoro,Morogoro MC,,,coastal
SAFINA MEDICAL,123695-9,private,Mbeya,Mbeya DC,-8.85973,33.63411,shighland
SAFINA YA NUHU,107226-3,private,Dodoma,Kondoa DC,-4.46428,35.73424,central
SAFINA-kiloleli,123792-4,private,Mwanza,Ilemela MC,,,lake
SAFINERY,122541-6,private,Tabora,Igunga DC,-4.23607,33.46903,central
SAFU,115003-6,public,Rukwa,Kalambo DC,-8.62538,31.50629,shighland
SAGAMAGANGA,107227-1,public,Morogoro,Ifakara TC,-8.09369,36.68094,coastal
SAGANI,124604-0,public,Mwanza,Magu DC,-2.63045,33.42166,lake
SAGARA,123228-9,public,Singida,Singida DC,-4.67981,35.10843,central
SAGARA,107228-9,public,Dodoma,Kongwa DC,-6.25083,36.5406,central
SAGARA B,113154-9,public,Dodoma,Kongwa DC,-6.25061,36.54841,central
SAGATA,107229-7,public,Simiyu,Itilima DC,-2.77746,34.24234,lake
SAGHANA,110735-8,private,Kilimanjaro,Moshi DC,-3.40345,37.55778,northern
SAHWA,107230-5,public,Mwanza,Nyamagana MC,-2.60254,32.97145,lake
SAID SAID KALEMBO,107210-7,public,Ruvuma,Mbinga TC,-11.041,35.22794,shighland
SAIFEE,121001-2,private,Dar Es Salaam,Kinondoni MC,-6.78146,39.27394,coastal
SAINT BENEDICTA,123588-6,private,Dar Es Salaam,Kinondoni MC,,,coastal
SAINT CATHERINE OF SIENA,125081-0,private,Songwe,Tunduma TC,-9.31223,32.76671,shighland
SAINT GRIFFIN,120413-0,private,Dar Es Salaam,Temeke MC,-6.89273,39.27626,coastal
SAINT HELLEN,123814-6,private,Dar Es Salaam,Kinondoni MC,-6.7698,39.25725,coastal
SAINT YOSEPHA,125079-4,private,Songwe,Tunduma TC,-9.24824,32.84834,shighland
Saja Health Centre,107231-3,public,Njombe,Wanging'ombe DC,-8.72185,34.76635,shighland
SAJIF,122053-2,private,Dar Es Salaam,Ilala MC,,,coastal
SAJORA,107232-1,private,Mtwara,Mtwara MC,-10.28331,40.18337,southern
SAKALA,107233-9,public,Arusha,Ngorongoro DC,-2.05967,35.60012,northern
SAKALENGA,123432-7,public,Njombe,Wanging'ombe DC,-8.67655,34.65434,shighland
Sakalilo,107234-7,public,Rukwa,Sumbawanga DC,-8.20622,31.9733,shighland
Sakami,107235-4,public,Dodoma,Kondoa DC,-4.625422,35.691889,central
SAKAMU,107236-2,private,Geita,Geita TC,-2.87963,32.21887,lake
SAKAMWELA,109947-2,public,Songwe,Mbozi DC,-9.15531,32.81628,shighland
SAKASAKA,107237-0,public,Simiyu,Meatu DC,-3.17038,34.37833,lake
SAKAWA,107238-8,public,Mara,Rorya DC,-1.15855,34.1924,lake
SAKILA,107239-6,public,Arusha,Meru DC,-3.3426,36.9562,northern
SAKILA INTERNATIONAL,111270-5,private,Arusha,Meru DC,-3.35181,36.96474,northern
SAKIM,113658-9,private,Arusha,Meru DC,-3.37348,36.75667,northern
SAKINA,110911-5,private,Arusha,Arusha CC,-3.36137,36.67014,northern
SAKULI,123220-6,private,Dar Es Salaam,Ilala MC,-6.82561,39.21331,coastal
SAKURA ESTATE,107241-2,private,Tanga,Pangani DC,-5.618142,38.88288,coastal
SAKWE,107242-0,public,Simiyu,Bariadi DC,-2.76766,33.85957,lake
SALA,122700-8,public,Tabora,Uyui DC,-4.94843,32.30958,central
SALAAM MEDICS,123313-9,private,Tanga,Tanga CC,-5.09203,39.09631,coastal
SALAAMAN,111384-4,private,Dar Es Salaam,Kinondoni MC,-6.80499,39.26032,coastal
SALAAMAN,111003-0,private,Dar Es Salaam,Temeke MC,-6.86272,39.25739,coastal
SALAAMAN,107243-8,private,Mwanza,Nyamagana MC,-2.51961,32.90771,lake
SALAFIA,122520-0,private,Pwani,Kibiti DC,,,coastal
SALALE,107244-6,public,Pwani,Kibiti DC,-7.834958,39.329716,coastal
SALALILYA,120756-2,public,Simiyu,Bariadi DC,-2.39285,34.12631,lake
SALAMA,113142-4,private,Singida,Mkalama DC,-4.30651,34.70478,central
SALAMA -1 TANDALE,113838-7,private,Dar Es Salaam,Kinondoni MC,-6.79164,39.24077,coastal
SALAMA 1,111380-2,private,Dar Es Salaam,Ubungo MC,-6.79293,39.18769,coastal
SALAMA A,107245-3,public,Mara,Bunda DC,-1.91494,34.1124,lake
SALAMA KATI,107246-1,public,Mara,Bunda DC,-1.87451,34.1055,lake
SALAMA MOSHI,124230-4,private,Kilimanjaro,Moshi MC,-3.20551,37.20246,northern
SALAMABUGATU,107248-7,public,Mwanza,Magu DC,-2.58921,33.62186,lake
Salanka,110998-2,public,Dodoma,Kondoa DC,-4.48841,35.7286,central
SALARE,122366-8,public,Dodoma,Kondoa DC,-4.61511,35.91087,central
SALASALA,110385-2,public,Dar Es Salaam,Kinondoni MC,-6.70671,39.19754,coastal
SALBA MEDICAL CARE,120274-6,private,Dar Es Salaam,Ubungo MC,-6.789167,39.113853,coastal
SALE,107251-1,public,Arusha,Ngorongoro DC,-2.29707,35.68771,northern
SALENI,110145-0,public,Pwani,Chalinze DC,-6.42481,38.34056,coastal
SALI,107252-9,private,Morogoro,Ulanga DC,-8.96591,36.68937,coastal
SALI GOVERNMENT,120611-9,public,Morogoro,Ulanga DC,-8.966339,36.684063,coastal
SALI INTERNATIONAL,110750-7,private,Dar Es Salaam,Kinondoni MC,-6.74223,39.27696,coastal
SALMA,114251-2,private,Dar Es Salaam,Ilala MC,,,coastal
SALOME,124412-8,private,Mwanza,Magu DC,-2.55635,33.04796,lake
SALONG'WE,114580-4,public,Mwanza,Magu DC,-2.66242,33.40204,lake
SALVATORIANE MM,123165-3,private,Dar Es Salaam,Ilala MC,-6.50543,39.96591,coastal
SAM,122535-8,private,Mara,Serengeti DC,-1.85102,34.68243,lake
SAM,125105-7,private,Songwe,Mbozi DC,-9.01004,33.00285,shighland
SAMA,110598-0,private,Dar Es Salaam,Temeke MC,-6.91701,39.27931,coastal
SAMA,122543-2,private,Tabora,Kaliua DC,-4.75142,32.35621,central
SAMANG'OMBE,109894-6,public,Songwe,Momba DC,-8.355767,32.482798,shighland
SAMARIA,111131-9,private,Singida,Mkalama DC,-4.27169,34.87536,central
SAMARIA,107258-6,public,Arusha,Meru DC,-3.433471,36.974467,northern
SAMARIA,107256-0,private,Kilimanjaro,Rombo DC,-2.99467,37.56456,northern
SAMARIA,107255-2,public,Njombe,Wanging'ombe DC,-9.305763,34.57553,shighland
SAMARIA,113024-4,private,Kigoma,Kibondo DC,-3.58449,30.7246,central
SAMARIA,110279-7,private,Dar Es Salaam,Temeke MC,-6.92856,39.25727,coastal
SAMARITAN CHARITABLE,123124-0,private,Geita,Geita TC,-2.88317,32.21615,lake
SAMARITAN VILLAGE,114422-9,private,Arusha,Arusha CC,-3.40194,36.74548,northern
SAMARTAN,111238-2,private,Geita,Geita TC,-2.88126,32.26812,lake
SAMASI RANGITATU,100164-3,private,Dar Es Salaam,Temeke MC,-6.925501,39.268401,coastal
SAMAZI,107260-2,public,Rukwa,Kalambo DC,-8.36476,31.08173,shighland
SAMBARU,107261-0,public,Singida,Ikungi DC,-5.28375,35.08676,central
SAMBASHA,109545-4,public,Arusha,Arusha DC,-3.293279,36.673411,northern
SAMBENI,110836-4,public,Kilimanjaro,Same DC,-4.37569,37.9015,northern
SAMBEWE,109625-4,public,Songwe,Mbozi DC,-8.892226,33.054696,shighland
SAMBU,107264-4,public,Tanga,Kilindi DC,-5.72815,37.2104,coastal
Same DC,124705-5,public,Kilimanjaro,Same DC,,,northern
SAME SECONDARY,124365-8,public,Kilimanjaro,Same DC,-4.04098,37.44418,northern
SAME TOWN,107265-1,public,Kilimanjaro,Same DC,-4.06443,37.74732,northern
SAMI,113038-4,private,Kagera,Bukoba MC,-1.331,31.80821,lake
SAMIA,124934-1,private,Mara,Tarime TC,-1.34866,34.38663,lake
SAMMY EYE CARE,112899-0,private,Kilimanjaro,Moshi MC,,,northern
SAMMY EYE CARE,112315-7,private,Arusha,Arusha CC,-3.36999,36.685859,northern
SAMMY EYE CARE,113177-0,private,Morogoro,Morogoro MC,,,coastal
SAMORA,107268-5,public,Tabora,Nzega TC,-4.22129,33.1951,central
SAMSON,121029-3,private,Mtwara,Mtwara MC,,,southern
SAMUA,112838-8,private,Geita,Geita TC,-2.87313,32.22824,lake
SAMUNGE,107269-3,public,Arusha,Ngorongoro DC,-2.16265,35.70087,northern
SAMUYE,107270-1,public,Shinyanga,Shinyanga DC,-3.808997,33.3281,lake
SAMVAI MEDICARE,123095-2,private,Arusha,Meru DC,-3.39303,36.93563,northern
SAMVURA,107271-9,public,Kigoma,Kibondo DC,-3.56634,30.61107,central
SAMWA,122277-7,public,Kigoma,Kigoma DC,-4.79703,29.73235,central
SAMY,112647-3,private,Dar Es Salaam,Kigamboni MC,-6.821108,39.306202,coastal
SAN KIMASA,122601-8,private,Pwani,Chalinze DC,-6.63801,38.13171,coastal
SAN PIO,107667-8,private,Geita,Bukombe DC,-3.45488,31.91531,lake
SAN RITA,125303-8,private,Geita,Bukombe DC,-3.45837,31.90305,lake
SANAWARI,107272-7,private,Arusha,Arusha CC,-3.362164,36.695852,northern
Sandali,110280-5,public,Dar Es Salaam,Temeke MC,-6.85637,39.2461,coastal
SANDARYA HEALTH,112341-3,private,Dar Es Salaam,Kinondoni MC,-6.61425,39.11389,coastal
Sandulula,107273-5,public,Rukwa,Sumbawanga DC,-8.18457,31.8251,shighland
SANENE,110880-2,private,Morogoro,Mvomero DC,-6.13835,37.63784,coastal
SANEV,122863-4,private,Dar Es Salaam,Ubungo MC,-6.71699,39.14411,coastal
SANGA,120812-3,public,Simiyu,Busega DC,-2.53873,33.799995,lake
SANGA'S EYE CENTRE,123774-2,private,Dar Es Salaam,Kinondoni MC,,,coastal
SANGABUYE,107276-8,public,Mwanza,Ilemela MC,-2.38637,33.0446,lake
SANGAIWE,107277-6,public,Manyara,Babati DC,-3.94035,35.82351,northern
SANGAMBI,109165-1,public,Mbeya,Chunya DC,-8.531438,33.606123,shighland
SANGAMWALUGESHA,107280-0,public,Simiyu,Maswa DC,-3.41741,34.09796,lake
SANGASANGA,107283-4,public,Pwani,Mkuranga DC,-7.36362,39.2456,coastal
SANGASANGA,110803-4,public,Morogoro,Morogoro DC,-6.75896,38.18072,coastal
SANGE,107284-2,public,Tanga,Pangani DC,-5.68635,38.87518,coastal
SANGE,107285-9,public,Songwe,Ileje DC,-9.405735,33.506335,shighland
SANGILWA,107286-7,public,Shinyanga,Kahama MC,-3.86568,32.72754,lake
SANGO,123755-1,private,Shinyanga,Kahama MC,-3.83333,32.61527,lake
SANGO,107287-5,public,Kilimanjaro,Moshi DC,-3.34109,37.42072,northern
SANGOS,110162-5,private,Rukwa,Sumbawanga MC,-7.95167,31.62788,shighland
SANGU,109514-0,public,Mwanza,Kwimba DC,-3.31612,33.07529,lake
SANGULAE,123304-8,private,Mbeya,Mbarali DC,-8.75547,34.38726,shighland
SANJARANDA,107290-9,public,Singida,Itigi DC,-5.65262,34.5249,central
SANJE,107291-7,public,Morogoro,Ifakara TC,-7.78333,36.93211,coastal
SANJO,120964-2,public,Mwanza,Misungwi DC,-2.67603,33.00369,lake
SANJO   MILOLA,120506-1,private,Morogoro,Ulanga DC,,,coastal
SANKA A -,123232-1,private,Manyara,Mbulu TC,-3.85096,35.56608,northern
SANKWALETO,124236-1,public,Dodoma,Chemba DC,-5.39483,35.50065,central
SANTA CLARA,123770-0,private,Kilimanjaro,Same DC,-4.08458,37.97431,northern
SANTA MARIA MAGGIORE,115230-5,private,Geita,Geita DC,-3.042783,31.94744,lake
SANTE,123003-6,private,Singida,Itigi DC,-5.70427,34.49552,central
SANTE,121387-5,public,Songwe,Momba DC,-8.43975,32.52711,shighland
SANTILYA,107292-5,public,Mbeya,Mbeya DC,-9.109932,33.356443,shighland
SANTOS,114389-0,private,Mwanza,Nyamagana MC,-2.54775,32.98061,lake
SANUNGU,114887-3,public,Simiyu,Bariadi TC,-2.76431,34.02303,lake
SANYA JUU,111060-0,private,Kilimanjaro,Siha DC,-3.18407,37.06535,northern
SANYA JUU LUTHERAN,107294-1,private,Kilimanjaro,Siha DC,-3.22778,37.05364,northern
SANYA STATION,107296-6,public,Kilimanjaro,Hai DC,-3.389272,37.116382,northern
SANZA,107297-4,public,Singida,Manyoni DC,-6.3566,35.216,central
SANZA,121807-2,public,Singida,Manyoni DC,-6.22295,35.12135,central
SANZATE,113908-8,public,Mara,Bunda DC,-1.91419,34.15864,lake
SANZAWA,107298-2,public,Dodoma,Chemba DC,-5.386211,35.318976,central
SAO-HILL,111558-3,public,Iringa,Mafinga TC,-8.325685,35.20562,shighland
SAPIWI,107300-6,public,Simiyu,Bariadi DC,-2.37285,33.96306,lake
SARAH DAVY,115275-0,private,Dodoma,Dodoma CC,,,central
SARANDA,107301-4,public,Singida,Manyoni DC,-5.70731,34.9795,central
SARANGA,124475-5,public,Dar Es Salaam,Ubungo MC,-6.82075,39.12363,coastal
SARANGA,113251-3,private,Dar Es Salaam,Ubungo MC,,,coastal
SARATEIN,107249-5,private,Morogoro,Kilosa DC,-7.40189,36.9849,coastal
SARAWE,107302-2,public,Mara,Bunda DC,-1.93472,34.0297,lake
SARDON MEDICAL,122681-0,private,Pwani,Chalinze DC,-6.52279,38.31193,coastal
SARIB HEALTH CARE,114694-3,private,Dar Es Salaam,Ilala MC,,,coastal
SASAJILA,107305-5,public,Dodoma,Chamwino DC,-6.691306,35.885508,central
SASHA,110693-9,private,Dar Es Salaam,Temeke MC,-6.87811,39.24967,coastal
SASILO,107306-3,public,Singida,Manyoni DC,-6.2616,34.8252,central
SASU,107307-1,public,Tabora,Kaliua DC,-4.46457001,32.32089001,central
SAUNYI,107308-9,public,Tanga,Kilindi DC,-5.05287,37.62299,coastal
SAUT,106836-0,private,Mwanza,Nyamagana MC,-2.59473,32.903056,lake
SAUT,122317-1,private,Mwanza,Nyamagana MC,-2.59399,32.90386,lake
SAVANAH PLAIN INTERNATIONAL SCHOOL,107309-7,private,Shinyanga,Shinyanga MC,-3.65227,33.47621,lake
SAVIOUR,123531-6,private,Dar Es Salaam,Ubungo MC,-6.42364,39.41063,coastal
SAWALA,107310-5,public,Iringa,Mufindi DC,-8.53114,35.3363,shighland
SAWENI -,121830-4,public,Kilimanjaro,Same DC,,,northern
SAWIDA,107313-9,public,Simiyu,Itilima DC,-2.86858,33.69363,lake
SAYAKA,107314-7,public,Mwanza,Magu DC,-2.52942,33.55529,lake
SAYARI,124609-9,private,Mtwara,Mtwara MC,-10.28075,40.18628,southern
SAYARI,120633-3,private,Mwanza,Nyamagana MC,-2.520454,32.908576,lake
SAYONA,114353-6,private,Mwanza,Ilemela MC,,,lake
SAYUNI,111287-9,private,Mbeya,Mbeya CC,-8.89863,33.5039,shighland
SAYUNI,107317-0,private,Mara,Rorya DC,-1.45228,34.1219,lake
SAYUSAYU,107318-8,private,Simiyu,Maswa DC,-3.17133,33.73315,lake
SAZA,109175-0,public,Songwe,Songwe DC,-8.387387,33.000314,shighland
SAZIMA,107320-4,public,Dodoma,Mpwapwa DC,-6.5871,36.09954,central
SAZIRA,107321-2,public,Mara,Bunda TC,-2.0038,33.8984,lake
SCOLASTICA,120327-2,private,Kilimanjaro,Hai DC,-3.3332898,37.15266396,northern
SD,107323-8,private,Dar Es Salaam,Ilala MC,-6.81889,39.28568,coastal
SDA,107324-6,private,Katavi,Mpanda MC,-6.35002,31.07072,shighland
SDA,107328-7,private,Dodoma,Kongwa DC,-5.813854,36.438604,central
SDA,107329-5,private,Kigoma,Kigoma Ujiji MC,-4.88549,29.64687,central
SDA,107335-2,private,Mbeya,Mbeya CC,-8.87698,33.45496,shighland
SDA,107334-5,private,Tabora,Tabora MC,-5.01738,32.81115,central
SDA,107331-1,private,Njombe,Njombe TC,-9.32975,34.76726,shighland
SDA KASULU,107337-8,private,Kigoma,Kasulu TC,-4.57398,30.09829,central
SDA TARIME,107340-2,private,Mara,Tarime TC,-1.3435,34.3807,lake
SECHEDA,107341-0,public,Manyara,Babati DC,-4.27833,35.26288,northern
SEED FARM,112538-4,public,Ruvuma,Songea MC,-10.6808,35.66833,shighland
SEEKE,107342-8,public,Shinyanga,Kahama MC,-3.85432,32.49664,lake
SEELA,107343-6,public,Arusha,Meru DC,-3.32961,36.78751,northern
SEFUNGA MANGIDA,107344-4,public,Singida,Singida DC,-4.6585,35.08655,central
SEGALA,107345-1,public,Dodoma,Chamwino DC,-5.57757,36.129083,central
SEGERA,107346-9,public,Tanga,Handeni DC,-5.3242,38.54242,coastal
SEGEREA MAGEREZA,110568-3,public,Dar Es Salaam,Ilala MC,-6.839195,39.179858,coastal
SEGESE,107349-3,public,Shinyanga,Msalala DC,-3.53232,32.41965,lake
SEGESE,120576-4,private,Shinyanga,Msalala DC,-3.532517,32.419727,lake
Segga Health Laboratory,122802-2,private,Mbeya,Mbarali DC,,,shighland
SEGOMA,114791-7,public,Tanga,Mkinga DC,-4.99752,38.76688,coastal
SEJELI,107350-1,public,Dodoma,Kongwa DC,-6.06903,36.34291,central
SEJELI,114776-8,public,Dodoma,Kongwa DC,-6.096389,36.317778,central
SEKA,107351-9,public,Mara,Musoma DC,-1.81976,33.5889,lake
SEKA,123517-5,private,Kilimanjaro,Moshi MC,-3.33951,37.29979,northern
SEKEBUGORO,107352-7,public,Shinyanga,Kishapu DC,-3.31307,33.51693,lake
SEKEI,111974-2,private,Arusha,Arusha CC,-3.36287,36.70447,northern
SEKO OPTOMETRIC SERVIES CENTRE,112190-4,private,Dar Es Salaam,Ubungo MC,,,coastal
SEKOU-TOURE,107354-3,public,Mwanza,Nyamagana MC,-2.5119,32.90465,lake
SEL,122357-7,private,Pwani,Kibaha TC,-6.78344,38.98929,coastal
SELELA,107355-0,public,Arusha,Monduli DC,-3.211605,35.947715,northern
SELELI,107356-8,public,Tabora,Kaliua DC,-4.326931,32.328331,central
SELENGOMA,111753-0,public,Rukwa,Kalambo DC,-8.593284,31.702551,shighland
SELIAN,109595-9,private,Arusha,Arusha DC,-3.32548,36.6501,northern
SELOUS,120497-3,public,Lindi,Kilwa DC,-8.84613,38.85358,southern
SELUKA,107359-2,public,Dodoma,Mpwapwa DC,-6.86122,36.04017,central
SELYA,121408-9,public,Mbeya,Busokelo DC,-9.29891,33.87281,shighland
SEM,113260-4,private,Dar Es Salaam,Ubungo MC,-6.78294,39.13767,coastal
SEM,113274-5,private,Dar Es Salaam,Ubungo MC,-6.80579,39.20151,coastal
SEMBONI,122539-0,private,Tanga,Muheza DC,,,coastal
SEMEMBELA,107360-0,public,Tabora,Nzega DC,-4.32718,32.6662,central
SEMENI,109131-3,public,Ruvuma,Tunduru DC,-11.22313,37.28876,shighland
SEMU,107361-8,public,Simiyu,Meatu DC,-3.46593,34.23193,lake
SEMWALI,112728-1,public,Morogoro,Mvomero DC,,,coastal
SEMWI,121028-5,private,Dar Es Salaam,Kinondoni MC,-6.66411,39.18051,coastal
SENANI,107364-2,public,Simiyu,Itilima DC,-2.83604,34.23016,lake
SENANI,107363-4,public,Simiyu,Maswa DC,-3.17386,34.06005,lake
SENENE MFURU,107365-9,public,Singida,Singida DC,-4.5692,34.67945,central
SENG'WA,107372-5,public,Simiyu,Maswa DC,-3.42211,33.70399,lake
SENGA,107367-5,public,Rukwa,Sumbawanga MC,-7.91276,31.62632,shighland
SENGA,121349-5,private,Kigoma,Kigoma DC,-4.82939,29.65771,central
SENGA,122359-3,public,Songwe,Momba DC,-8.33802,32.36244,shighland
SENGA,107366-7,public,Geita,Geita DC,-2.61717,31.9738,lake
SENGA,121171-3,private,Kigoma,Kigoma Ujiji MC,-4.85576,29.62763,central
SENGENYA,107368-3,public,Mtwara,Nanyumbu DC,-10.901323,38.352458,southern
SENGEREMA,107369-1,public,Mwanza,Sengerema DC,-2.654007,32.638108,lake
SENGEREMA,110966-9,private,Mwanza,Sengerema DC,-2.65353,32.64172,lake
SENGEREMA (A),113312-3,private,Mwanza,Sengerema DC,-2.65287,32.64219,lake
SENGEREMA (B),113313-1,private,Mwanza,Sengerema DC,-2.6377,32.65596,lake
SENGEREMA CDH,120763-8,private,Mwanza,Sengerema DC,-2.63947,32.65562,lake
Sengerema DC,124767-5,public,Mwanza,Sengerema DC,,,lake
SENGEREMA SECONDARY,107371-7,public,Mwanza,Sengerema DC,-2.66072,32.647568,lake
SENJELE,107373-3,public,Songwe,Mbozi DC,-8.940434,33.161572,shighland
SENTOS,120385-0,private,Mwanza,Nyamagana MC,-2.5475256,32.9805648,lake
SEPUKA,109799-7,public,Singida,Ikungi DC,-4.74762,34.5241,central
SEPUKILA,107375-8,public,Ruvuma,Mbinga TC,-11.02383,34.98146,shighland
SEREGETE B,110802-6,public,Morogoro,Morogoro DC,,,coastal
SERENE OPTICS,121040-0,private,Dar Es Salaam,Ilala MC,,,coastal
SERENEDERM,120731-5,private,Dar Es Salaam,Kinondoni MC,-6.64821,39.17331,coastal
SERENGETI,112542-6,private,Mara,Serengeti DC,-1.84185,34.67271,lake
Serengeti,112280-3,private,Morogoro,Kilosa DC,-6.78381,37.13791,coastal
SERENGETI,122320-5,private,Dar Es Salaam,Kigamboni MC,-6.89472,39.45273,coastal
SERENGETI  HUDUMA,101396-0,private,Mara,Serengeti DC,-1.841777,34.67278,lake
Serengeti DC,124729-5,public,Mara,Serengeti DC,,,lake
SERENOX AFRICA,122893-1,private,Dar Es Salaam,Ilala MC,-6.80371,39.27856,coastal
Serikali za Mitaa,110790-3,public,Dodoma,Dodoma CC,-5.96057,35.9752,central
SERO,107378-2,public,Arusha,Ngorongoro DC,-1.82559,35.33282,northern
SERONERA NATIONAL PARK,107379-0,public,Mara,Serengeti DC,-2.436236,34.820486,lake
SERYA,121793-4,public,Dodoma,Kondoa TC,-4.92625,35.65856,central
SESE,109277-4,public,Mwanza,Magu DC,-2.44957,33.06198,lake
SESEKO,107381-6,public,Shinyanga,Shinyanga MC,-3.59227,33.44791,lake
SESEKO,107380-8,public,Shinyanga,Kishapu DC,-3.81508,33.53394,lake
SESEKO-SONGWA,115064-8,public,Shinyanga,Kishapu DC,-3.49516,33.47811,lake
SESENGA,121852-8,public,Morogoro,Morogoro DC,-7.38342,37.53554,coastal
SETCHET,109708-8,public,Manyara,Hanang DC,-4.3514,35.26122,northern
SETH BENJAMIN,107384-0,public,Mwanza,Misungwi DC,-2.66418,32.92411,lake
SEURI,109600-7,public,Arusha,Arusha DC,-3.30744,36.63943,northern
SEZA KOFI,111799-3,public,Tanga,Handeni DC,-5.52688,38.37214,coastal
SHAAMAM,115302-2,private,Dodoma,Dodoma CC,-6.15401,35.89229,central
SHABAKA,107386-5,public,Geita,Nyang'hwale DC,-2.99217,32.4527,lake
SHABANI,113255-4,private,Dar Es Salaam,Ubungo MC,-6.78785,39.05613,coastal
SHADI,107388-1,public,Mwanza,Nyamagana MC,-2.64069,32.8817,lake
SHAGIHILU,107389-9,public,Shinyanga,Kishapu DC,-3.71407,33.93127,lake
SHAJI,112180-5,public,Songwe,Mbozi DC,-9.05597,33.04174,shighland
SHALLOM,114333-8,private,Morogoro,Malinyi DC,,,coastal
SHALOM,110427-2,private,Morogoro,Morogoro MC,-6.80218,37.64376,coastal
SHALOM,113361-0,private,Mwanza,Nyamagana MC,-2.54438,32.98244,lake
SHALOM,113616-7,private,Mbeya,Mbeya CC,-8.90792,33.46421,shighland
SHALOM,112604-4,private,Mbeya,Mbeya CC,-8.91353,33.48804,shighland
SHALOM,121396-6,private,Morogoro,Ifakara TC,,,coastal
SHALOM DENTAL,114533-3,private,Tanga,Tanga CC,-5.07271,39.10091,coastal
SHALOM KIVUKONI,112711-7,private,Morogoro,Ulanga DC,-8.20381,36.69359,coastal
SHALOM MEDICAL,123536-5,private,Mwanza,Nyamagana MC,-2.58043,32.91896,lake
SHALOM MEDICAL,123691-8,private,Katavi,Mpanda MC,-6.34329,31.07358,shighland
SHAMA,113341-2,private,Mwanza,Nyamagana MC,-2.6050404,32.9313623,lake
SHAMAH,110726-7,private,Arusha,Arusha CC,-3.384721,36.681034,northern
SHAMAJALA,107385-7,private,Dodoma,Kondoa TC,-4.89858,35.77801,central
SHAMALIWA,124147-0,private,Mwanza,Nyamagana MC,-2.55231,32.98747,lake
SHAMBARAI BURKA,124996-0,public,Arusha,Meru DC,-3.56553,36.89719,northern
SHAMIM,121730-6,private,Morogoro,Morogoro MC,,,coastal
SHAMSI,112007-0,private,Arusha,Arusha CC,-3.37261,36.66517,northern
SHAMWENGO,115224-8,public,Mbeya,Mbeya DC,-8.81332,33.68889,shighland
SHANGA,107395-6,public,Kagera,Ngara DC,-2.53605,30.54378,lake
SHANGANI,112982-4,private,Mtwara,Nanyamba TC,-10.68577,39.79366,southern
SHANGANI,107396-4,private,Mtwara,Mtwara MC,-10.25648,40.18135,southern
SHANGO,107397-2,public,Mbeya,Mbeya DC,-8.983364,33.789056,shighland
SHANGWE,120241-5,private,Kigoma,Kigoma DC,,,central
SHANGWE,121082-2,private,Kigoma,Kigoma DC,-4.662441,29.77045,central
SHANTY TOWN,107398-0,private,Kilimanjaro,Moshi MC,-3.33754,37.32155,northern
SHANWE,120595-4,public,Katavi,Mpanda MC,-6.32209,31.070345,shighland
SHAPREMA,120465-0,private,Geita,Geita DC,-3.01811,32.109332,lake
SHASA,120427-0,private,Dar Es Salaam,Ilala MC,,,coastal
SHASYA,109435-8,public,Songwe,Mbozi DC,-8.960807,32.854151,shighland
SHAURIMOYO,107401-2,public,Mtwara,Masasi DC,,,southern
SHAURIMOYO,107402-0,public,Njombe,Ludewa DC,-9.85553,34.799005,shighland
SHAURIMOYO,107400-4,public,Manyara,Babati DC,-3.91395,35.69272,northern
SHAYOH,125125-5,private,Morogoro,Gairo DC,-6.13811,36.86875,coastal
SHEANNA,113947-6,private,Kigoma,Kigoma Ujiji MC,-4.87587,29.659202,central
Shechambo,121695-1,private,Tanga,Tanga CC,-5.10494,39.11953,coastal
SHECKY,122045-8,private,Tanga,Tanga CC,-5.111438,39.092628,coastal
SHEFA,112262-1,private,Dar Es Salaam,Temeke MC,-6.90866,39.25797,coastal
SHEIMAA,124133-0,private,Dar Es Salaam,Ilala MC,-6.84934,39.26328,coastal
SHEKEMU,114267-8,private,Pwani,Kibaha TC,,,coastal
SHEKINAH,112671-3,private,Morogoro,Ulanga DC,-8.67436,36.70987,coastal
SHEKYANDUMI,121588-8,private,Dar Es Salaam,Ubungo MC,,,coastal
SHELUI,107403-8,public,Singida,Iramba DC,-4.33752,34.19991,central
SHENGANO,123859-1,private,Dodoma,Kongwa DC,-6.07964,36.65047,central
SHENGENA,107404-6,public,Kilimanjaro,Same DC,-4.26267,37.8965,northern
SHEPHERD FLORIDA MEDICAL LABORATORY,122800-6,private,Mbeya,Chunya DC,,,shighland
SHEREMBI,122750-3,private,Pwani,Bagamoyo DC,,,coastal
SHESHE,114388-2,private,Mwanza,Ilemela MC,,,lake
SHEYO,107407-9,public,Songwe,Ileje DC,-9.34046,33.363436,shighland
SHIA,107408-7,public,Kilimanjaro,Moshi DC,-3.32391,37.41383,northern
SHIBALANGA,114669-5,public,Geita,Nyang'hwale DC,-2.96181,32.57687,lake
SHIBITALI,123955-7,private,Dodoma,Dodoma CC,-6.23917,35.83229,central
SHIBUMBA,122420-3,public,Geita,Nyang'hwale DC,-3.18289,32.48942,lake
SHIFA PAN AFRICAN,123509-2,private,Dar Es Salaam,Kinondoni MC,-6.79205,39.27421,coastal
SHIFA'A EYE CARE,125230-3,private,Singida,Singida MC,-4.79917,34.72261,central
SHIFAA,107410-3,private,Tanga,Lushoto DC,-4.79153,38.29316,coastal
SHIGALA,107412-9,public,Simiyu,Busega DC,-2.39462,33.6805,lake
SHIGAMBA,107413-7,public,Tabora,Nzega DC,-4.202311,33.063021,central
SHIGHATINI,107414-5,public,Kilimanjaro,Mwanga DC,-3.671273,37.643133,northern
SHIJA,112963-4,private,Lindi,Kilwa DC,-8.79843,39.35113,southern
SHILA,107415-2,public,Tabora,Nzega DC,-4.24951,33.1034,central
SHILABELA,107416-0,public,Shinyanga,Shinyanga DC,-3.55603,33.29855,lake
Shilalo,114115-9,public,Mwanza,Misungwi DC,-3.130967,33.054308,lake
SHILANGA,109937-3,public,Songwe,Mbozi DC,-9.16273,32.88951,shighland
SHILE,112334-8,private,Dar Es Salaam,Ubungo MC,-6.80288,39.19666,coastal
SHILELA,107417-8,public,Shinyanga,Msalala DC,-3.454559,32.41532,lake
SHILEMBO,107418-6,public,Mwanza,Kwimba DC,-3.2481,33.28787,lake
SHILO,113510-2,private,Dar Es Salaam,Ilala MC,,,coastal
SHILOH,120526-9,private,Dar Es Salaam,Ubungo MC,,,coastal
SHILOLELI,113935-1,public,Geita,Geita TC,-2.84976,32.52756,lake
SHIMANI,113314-9,private,Mwanza,Magu DC,-2.59301,33.43594,lake
SHIMBALA,114378-3,private,Geita,Chato DC,-2.637704,31.76431,lake
SHIMBI,107419-4,public,Kilimanjaro,Rombo DC,-3.22188,37.60364,northern
SHIMBI KATI,121206-7,public,Kilimanjaro,Rombo DC,-3.21465,37.62025,northern
SHIMBO,122185-2,private,Mbeya,Mbeya CC,,33.505936,shighland
SHIMBWE,109413-5,public,Kilimanjaro,Moshi DC,-3.26529,37.372233,northern
SHINAMWENDWA,122805-5,public,Geita,Geita TC,-3.01708,32.37573,lake
SHINE,122744-6,private,Pwani,Kibaha DC,-6.71641,38.74214,coastal
SHINJI,107422-8,public,Songwe,Ileje DC,-9.357759,32.924975,shighland
SHINYANGA,120243-1,private,Shinyanga,Shinyanga MC,-3.65144,33.423367,lake
Shinyanga DC,124804-6,public,Shinyanga,Shinyanga DC,,,lake
Shinyanga MC,124805-3,public,Shinyanga,Shinyanga MC,,,lake
SHINYANGA OPTOMETRIC SERV. & OPTICAL W/SHOP,113339-6,private,Shinyanga,Kahama MC,,,lake
SHINYANGA SEC SCHOOL,107425-1,public,Shinyanga,Kishapu DC,-3.54947,33.5918,lake
SHINYANGAMWENGE,107426-9,public,Simiyu,Maswa DC,-3.54014,34.0256,lake
SHINZINGO,107427-7,public,Mbeya,Mbeya DC,-9.078769,33.247451,shighland
SHIRA,122918-6,private,Dar Es Salaam,Ilala MC,-7.03483,39.09923,coastal
SHIRATI KMT,107428-5,private,Mara,Rorya DC,-1.15371,34.0307,lake
SHIRIMA,123837-7,private,Manyara,Kiteto DC,,,northern
SHIRIMATUNDA,107429-3,public,Kilimanjaro,Moshi MC,-3.36341,37.31306,northern
SHIRIMGUNGANI,107430-1,public,Kilimanjaro,Hai DC,-3.380744,37.294029,northern
SHIRINGA,111766-2,public,Songwe,Ileje DC,-9.18441,33.26351,shighland
SHIRINJORO,123080-4,public,Kilimanjaro,Hai DC,-3.29078,37.24103,northern
SHISHANI,107431-9,public,Mwanza,Magu DC,-2.75755,33.70395,lake
SHISHI,112898-2,private,Geita,Chato DC,-2.37379,31.7351,lake
SHISHIYU,107433-5,public,Simiyu,Maswa DC,-2.95251,33.60189,lake
SHISHTONI,107434-3,public,Arusha,Meru DC,-3.21714,36.9618,northern
SHISONTA,107435-0,public,Mbeya,Mbeya DC,-9.05745,33.26959,shighland
SHISYETE,107436-8,public,Mbeya,Mbeya DC,,33.413013,shighland
SHITAGE,107437-6,public,Tabora,Uyui DC,-4.28046,32.5151,central
SHITETE,114309-8,public,Mbeya,Mbeya DC,-9.059308,33.320835,shighland
SHITITI,123147-1,public,Songwe,Mbozi DC,-9.15561,32.59241,shighland
SHITUNGURU,107438-4,public,Songwe,Mbozi DC,-8.837594,32.733865,shighland
SHIVUTA,125128-9,private,Mara,Rorya DC,-1.29019,34.21627,lake
SHIWINGA,114114-2,public,Songwe,Mbozi DC,-8.90863,32.96171,shighland
SHIZA,122454-2,private,Tanga,Tanga CC,-5.10831,39.08373,coastal
SHIZUVI,107439-2,public,Mbeya,Mbeya DC,-9.265471,33.396994,shighland
SHOGA,107440-0,public,Mbeya,Chunya DC,-8.431926,33.659871,shighland
SHOKONY,114851-9,private,Kilimanjaro,Moshi DC,-3.295312,37.572616,northern
Shongo,107441-8,public,Mbeya,Mbeya DC,-9.009244,33.429306,shighland
SHREE HARI,101372-1,private,Mwanza,Nyamagana MC,-2.53306,32.90892,lake
SHREE HINDU,107442-6,private,Arusha,Arusha CC,-3.37712,36.68922,northern
SHREE HINDU MANDAL,114184-5,private,Dar Es Salaam,Kinondoni MC,-6.66107,39.20223,coastal
SHREE HINDU MANDAL,101369-7,private,Dar Es Salaam,Ilala MC,-6.81515,39.28482,coastal
SHREE HINDU MANDAL ALAF,112483-3,private,Dar Es Salaam,Temeke MC,-6.84654,39.24994,coastal
SHUFAA,124066-2,private,Pwani,Mkuranga DC,-7.02299,39.27243,coastal
SHUKA,107444-2,public,Lindi,Mtama DC,-10.01083,39.82696,southern
SHUMAHOFA DENTAL CLINIC,120379-3,private,Dodoma,Dodoma CC,,,central
SHUME,107446-7,public,Tanga,Lushoto DC,-4.53333,38.2167,coastal
SHUNGA,107447-5,private,Kigoma,Kasulu DC,-4.344785,30.225293,central
SHUNGUBWENI,107448-3,public,Pwani,Mkuranga DC,-7.19269,39.38297,coastal
SHUNGUBWENI-MSORWA,121450-1,public,Pwani,Mkuranga DC,-7.16922,39.30291,coastal
SHUNGULIBA,107449-1,public,Kigoma,Kasulu DC,-4.723872,30.254277,central
SHUNU,113175-4,private,Shinyanga,Kahama MC,,,lake
SHUSHI,107450-9,public,Mwanza,Kwimba DC,-2.88622,33.44078,lake
SHUWA,107451-7,public,Mbeya,Mbeya DC,-9.063202,33.371844,shighland
SIA,122546-5,private,Shinyanga,Kahama MC,,,lake
SIAY HEALHTH DIAGNOSIS,122002-9,private,Manyara,Babati TC,-4.01671,35.76667,northern
SIBABA,114525-9,private,Mara,Musoma MC,-1.49848,33.80768,lake
SIBE,121097-0,private,Dodoma,Dodoma CC,-6.15623,35.70775,central
SIBWESA,107455-8,public,Katavi,Tanganyika DC,-6.49603,30.74912,shighland
SIBWESA,111141-8,public,Kigoma,Uvinza DC,-6.497792,29.953247,central
SIFIKA,107458-2,private,Songwe,Mbozi DC,-9.106424,32.934337,shighland
Sigara,107459-0,public,Dar Es Salaam,Temeke MC,-6.886965,39.217057,coastal
SIGARA MEDICAL,121983-1,private,Dar Es Salaam,Temeke MC,-6.888256,39.219051,coastal
SIGHT PARK OPTICAL SERVICES,112890-9,private,Kilimanjaro,Moshi MC,,,northern
SIGHT PLUS,113337-0,private,Shinyanga,Kahama MC,-3.832965,32.59634,lake
SIGHT PLUS,121034-3,private,Dar Es Salaam,Ubungo MC,,,coastal
SIGHT PLUS,125242-8,private,Dar Es Salaam,Ilala MC,-6.48073,39.16281,coastal
SIGHT PLUS,120466-8,private,Dar Es Salaam,Kinondoni MC,-6.48073,39.16281,coastal
SIGHT PLUS-MWANZA,122759-4,private,Mwanza,Nyamagana MC,,,lake
SIGILI,107460-8,public,Tabora,Nzega DC,-3.92933,32.9918,central
SIGINO,120562-4,public,Manyara,Babati TC,-4.12456,35.45121,northern
SIGINO,121596-1,public,Manyara,Babati TC,-4.12801,35.45121,northern
SIGNAL,108482-1,public,Morogoro,Ifakara TC,-8.02277,36.83591,coastal
SIGUNGA,107461-6,public,Kigoma,Uvinza DC,-5.57431,29.84471,central
SIHA,107463-2,public,Kilimanjaro,Siha DC,-3.21778,37.043542,northern
SIHA,114596-0,private,Tanga,Tanga CC,-5.07105,39.10096,coastal
SIHA,123392-3,private,Tanga,Tanga CC,,,coastal
Siha DC,124706-3,public,Kilimanjaro,Siha DC,,,northern
SIHA KARIAKOO,111828-0,private,Dar Es Salaam,Ilala MC,-6.82086,39.27567,coastal
SIHA OPTICAL AND EYE CENTRE,112997-2,private,Mtwara,Mtwara MC,-10.27217,40.18631,southern
SIHA OPTICAL CENTRE,110930-5,private,Dar Es Salaam,Kinondoni MC,-6.7694,39.26991,coastal
SIIMA,107464-0,private,Kilimanjaro,Moshi MC,-3.35511,37.33538,northern
SIKAF,121245-5,private,Dar Es Salaam,Ilala MC,,,coastal
SIKONGE,122146-4,private,Tabora,Sikonge DC,-5.616807,32.747948,central
SIKONGE,107466-5,public,Tabora,Sikonge DC,-5.61992,32.753001,central
Sikonge DC,124833-5,public,Tabora,Sikonge DC,,,central
SIKONGE DISTRICT HOSPITAL,113977-3,public,Tabora,Sikonge DC,-5.59981,32.73093,central
SIKONGE RC,107468-1,private,Tabora,Sikonge DC,-5.60463,32.741108,central
SILABU,111401-6,public,Mtwara,Masasi TC,-10.7429,38.82104,southern
SILAJI HEALTH,124441-7,private,Mtwara,Nanyumbu DC,-10.93344,38.38478,southern
SILALODA,122513-5,public,Manyara,Mbulu TC,-3.84747,35.46858,northern
SILAMILA,122300-7,public,Geita,Bukombe DC,-3.39749,31.89132,lake
SILIMUKA,120624-2,public,Tabora,Nzega TC,-4.2511,33.2087,central
SILOAM,110992-5,private,Mbeya,Mbeya CC,-8.89164,33.46972,shighland
SILOAM,122134-0,private,Mbeya,Mbeya CC,,33.469704,shighland
SILOAM,123942-5,private,Geita,Geita DC,-2.59618,31.55798,lake
SILVER,121187-9,private,Dodoma,Dodoma CC,-6.12059,35.84745,central
SIMA,107470-7,public,Mwanza,Sengerema DC,-2.71433,32.55271,lake
SIMA,121745-4,public,Mwanza,Sengerema DC,-2.71433,32.55271,lake
SIMAMA,113327-1,private,Mwanza,Ilemela MC,-2.49093,32.89823,lake
SIMAMA,114595-2,private,Pwani,Kibaha TC,-6.75828,38.93154,coastal
SIMAMBWE,107471-5,public,Mbeya,Mbeya DC,-8.982942,33.620213,shighland
SIMANA,107472-3,public,Lindi,Mtama DC,-10.142,39.75298,southern
SIMANJIRO,107473-1,private,Manyara,Simanjiro DC,-3.97526,36.43892,northern
Simanjiro DC,124721-2,public,Manyara,Simanjiro DC,,,northern
SIMBA,120584-8,private,Dar Es Salaam,Kigamboni MC,-6.836697,39.347154,coastal
SIMBA,124917-6,private,Shinyanga,Msalala DC,-3.53416,32.41723,lake
SIMBALIKAMBAKO,114079-7,private,Iringa,Mufindi DC,,,shighland
SIMBANGURU,107474-9,public,Singida,Manyoni DC,-6.64238,35.0117,central
SIMBAY,107475-6,public,Manyara,Hanang DC,-4.55617,35.56239,northern
SIMBO,107476-4,public,Kigoma,Kigoma DC,-4.88333,29.7333,central
SIMBO,121772-8,public,Kigoma,Kigoma DC,-4.89442,29.74551,central
SIMBO,107477-2,public,Tabora,Igunga DC,-4.65565,33.4314,central
SIMBO.,122210-8,private,Tabora,Igunga DC,-4.29022,33.88421,central
SIMBODAMALU,124212-2,public,Tabora,Uyui DC,-4.97122,33.48672,central
Simemba,123105-9,private,Katavi,Mpimbwe DC,,,shighland
SIMIKE,107478-0,public,Mbeya,Mbarali DC,-8.71001,33.8084,shighland
SIMIKE,107479-8,public,Mbeya,Rungwe DC,-9.26038,33.59676,shighland
SIMIYU,113724-9,public,Simiyu,Bariadi TC,-2.72458,33.99038,lake
SIMIYU VISION CENTRE & OPTICAL HOUSE,110372-0,private,Simiyu,Bariadi TC,-2.80764,33.98415,lake
SIMKO,122735-4,private,Dodoma,Dodoma CC,-6.24944,36.16888,central
SINA,114764-4,public,Morogoro,Morogoro MC,-6.78011,37.68005,coastal
SINAI,107480-6,public,Ruvuma,Songea MC,-10.688917833333,35.448845,shighland
SINAI,114373-4,private,Mwanza,Kwimba DC,-3.16727,33.29974,lake
SINAI,109810-2,public,Kilimanjaro,Siha DC,-3.34401,37.10675,northern
SINAI,124007-6,private,Mbeya,Mbeya CC,-8.91843,33.40511,shighland
SINAI HEALTH CARE,121717-3,private,Dar Es Salaam,Kinondoni MC,-6.63338,39.14652,coastal
SINAI MOUNTAIN,114663-8,private,Morogoro,Morogoro MC,-6.80002,37.65689,coastal
SINDANO,107482-2,public,Mtwara,Masasi DC,-11.109014,39.058926,southern
SINDENI,107483-0,public,Tanga,Handeni DC,-5.347129,38.233988,coastal
SINDENI,120946-9,public,Tanga,Handeni DC,,,coastal
SINGA,107484-8,public,Singida,Mkalama DC,-4.35558,34.85569,central
SINGAPORE,124391-4,private,Singida,Singida MC,-4.81612,34.74966,central
SINGE,111178-0,public,Manyara,Babati TC,-4.24822,35.74853,northern
SINGIDA,122730-5,private,Singida,Singida MC,,,central
SINGIDA DC,113963-3,public,Singida,Singida DC,,,central
Singida DC,124820-2,public,Singida,Singida DC,,,central
SINGIDA GOLD MINE,122915-2,private,Singida,Ikungi DC,-5.13491,34.59275,central
Singida MC,124821-0,public,Singida,Singida MC,,,central
SINGIDA TUMAINI,107927-6,private,Singida,Singida MC,-4.81625,34.74966,central
SINGINO,107486-3,public,Lindi,Kilwa DC,-8.75824,39.41245,southern
SINGISA,113417-0,public,Morogoro,Morogoro DC,-7.28291,37.67071,coastal
SINGISA MISSION,110406-6,private,Morogoro,Morogoro DC,-7.26868,37.67419,coastal
SINGISI,114972-3,public,Mara,Serengeti DC,-2.01466,34.37618,lake
SINGIWE,109257-6,public,Rukwa,Kalambo DC,-8.24824,31.52661,shighland
SINGONHALI,121062-4,public,Dodoma,Mpwapwa DC,-7.04383,36.25121,central
SINO,125207-1,private,Dar Es Salaam,Kinondoni MC,-6.76682,39.26189,coastal
SINO TANZANIA KANGNING,124145-4,private,Dar Es Salaam,Kinondoni MC,-6.82872,39.31079,coastal
SINONI,110727-5,private,Arusha,Arusha CC,-3.41708,36.6876,northern
Sintali,107492-1,public,Rukwa,Nkasi DC,-7.752951,31.431569,shighland
SINYA,107493-9,public,Arusha,Longido DC,-2.78272,36.95407,northern
SINYANGA,107494-7,public,Mbeya,Kyela DC,-9.522585,33.802529,shighland
SINYANGWE,114456-7,private,Tabora,Uyui DC,-5.12698,32.52086,central
SINZA MICO,110645-9,private,Dar Es Salaam,Ubungo MC,-6.7803,39.21972,coastal
SINZA MICO,110633-5,private,Dar Es Salaam,Ubungo MC,-6.78032,39.21972,coastal
SIPHA,122925-1,private,Dodoma,Dodoma CC,-6.20243,35.73028,central
SIRAJUDDIN,109579-3,private,Iringa,Kilolo DC,-7.69184,36.02706,shighland
SIROP,107499-6,public,Manyara,Hanang DC,-4.58934,35.6322,northern
Sisa,104375-1,private,Dar Es Salaam,Kinondoni MC,-6.78452,39.25049,coastal
SISA CARE,122668-7,private,Dar Es Salaam,Ilala MC,-6.98069,39.09328,coastal
SISI KWA SISI,112833-9,private,Geita,Chato DC,-3.03381,31.75855,lake
SISI KWA SISI,111456-0,private,Geita,Geita DC,-3.00263,31.93223,lake
SISTERS OF ST. JOSEPH,125204-8,private,Dar Es Salaam,Kigamboni MC,-6.89866,39.34064,coastal
SITALIKE,107503-5,public,Katavi,Nsimbo DC,-6.61836,31.14241,shighland
SIVIERI MARRAJENI,125068-7,private,Mwanza,Sengerema DC,-2.41219,32.65653,lake
SIYA,122228-0,private,Mara,Butiama DC,-1.76789,33.96553,lake
SIZU,107506-8,public,Mwanza,Ukerewe DC,-1.94241,33.05902,lake
SJJ,122949-1,private,Tanga,Tanga CC,,,coastal
SK,122234-8,private,Tanga,Korogwe DC,-4.88945,38.29109,coastal
SK MEDICAL HEALTH,123866-6,private,Dar Es Salaam,Ilala MC,-6.82843,39.16701,coastal
SKY,122656-2,private,Mwanza,Nyamagana MC,-2.54763,32.98936,lake
SKY HEART,124126-4,private,Dar Es Salaam,Kinondoni MC,-6.72372,39.41079,coastal
Slahhamo,107507-6,private,Arusha,Karatu DC,-3.249617,35.82774,northern
SM,123180-2,private,Dar Es Salaam,Ubungo MC,-10.95022,35.00105,coastal
SMAGORWA EYE CENTER,112763-8,private,Dar Es Salaam,Kinondoni MC,-4.90714,29.66171,coastal
Smai,121464-2,private,Mara,Musoma MC,-1.49762,33.80842,lake
SMART,111114-5,private,Dar Es Salaam,Kinondoni MC,-6.7783,39.24996,coastal
SMART,113629-0,private,Arusha,Arusha CC,-3.37187,36.69877,northern
SMART,113640-7,private,Arusha,Arusha CC,-3.405221,36.645555,northern
SMART,114855-0,private,Iringa,Iringa MC,-7.77169,35.70945,shighland
SMART CARE,123749-4,private,Singida,Manyoni DC,-5.74995,34.82798,central
SMART CARE,123873-2,private,Kigoma,Kigoma Ujiji MC,-4.85754,29.64647,central
SMART VISION EYE CARE,124225-4,private,Dodoma,Dodoma CC,-6.17334,35.74531,central
SMART VISION EYE CARE,114555-6,private,Dodoma,Dodoma CC,,,central
SMATI AFYA LABORATORY,121522-7,private,Dodoma,Dodoma CC,,,central
SMC,123468-1,private,Simiyu,Busega DC,-2.39182,33.67601,lake
SMILE,114655-4,private,Mbeya,Mbeya CC,-8.89178,33.43561,shighland
SMILE,112113-6,private,Dar Es Salaam,Ilala MC,-6.81565,39.28711,coastal
SMILE,110763-0,private,Dar Es Salaam,Ilala MC,-6.816679,39.284615,coastal
SMILE,110755-6,private,Dar Es Salaam,Kinondoni MC,-6.72996,39.21568,coastal
SMILE,123189-3,private,Dar Es Salaam,Kinondoni MC,-6.75539,39.27491,coastal
SOBAREVO,124280-9,private,Pwani,Bagamoyo DC,-6.62434,39.06922,coastal
SOBORA,122448-4,public,Geita,Geita DC,-3.13558,31.95052,lake
SODOCARE,124517-4,private,Dar Es Salaam,Ilala MC,-6.82627,39.26432,coastal
SOFI MAJIJI,107510-0,public,Morogoro,Malinyi DC,-8.9295,36.266,coastal
SOFI MISSION,107511-8,private,Morogoro,Malinyi DC,-8.97732,36.3036,coastal
SOFTMED,111996-5,private,Arusha,Arusha CC,-3.43811,36.70531,northern
SOFU,107512-6,public,Pwani,Kisarawe DC,-7.27418,38.65374,coastal
SOFU,121909-6,public,Pwani,Kibaha TC,-6.78747,38.94299,coastal
SOFU,122977-2,private,Pwani,Kibaha TC,-6.72127,38.94913,coastal
SOGA,107530-8,public,Pwani,Kibaha DC,-6.83087,38.865856,coastal
SOGEA,121912-0,public,Songwe,Tunduma TC,-9.18473,32.47275,shighland
SOGOSO,107513-4,public,Mwanza,Sengerema DC,-2.7495,32.58385,lake
SOGOTI,114968-1,public,Mara,Serengeti DC,-1.65918,34.56002,lake
SOHODE,112487-4,private,Arusha,Meru DC,-3.37235,36.88349,northern
SOITSAMBU,107515-9,public,Arusha,Ngorongoro DC,-1.90634,35.42008,northern
SOKENY,120306-6,private,Dar Es Salaam,Ubungo MC,-6.807588,39.219837,coastal
SOKO MEMORIAL,113700-9,private,Tabora,Urambo DC,-5.08244,32.04785,central
SOKOINE BARRACKS,107518-3,public,Arusha,Monduli DC,-3.426838,36.456869,northern
SOKOINE UNIVERSITY,112876-8,private,Morogoro,Morogoro MC,-6.79611,37.632483,coastal
SOKOLABORO,107519-1,public,Mara,Rorya DC,-1.26046,34.0897,lake
SOKONI,108435-9,private,Dar Es Salaam,Ilala MC,-6.81982,39.27573,coastal
SOKONI,109518-1,private,Iringa,Iringa MC,-7.78205,35.69692,shighland
Sokoni One Modern,121964-1,private,Arusha,Arusha CC,,,northern
SOLIDODI,122223-1,private,Arusha,Meru DC,,,northern
Solola,107521-7,public,Rukwa,Sumbawanga DC,-8.26651,32.0158,shighland
SOLOWU,110455-3,public,Dodoma,Chamwino DC,-5.651149,35.935664,central
SOLWA,107523-3,public,Shinyanga,Shinyanga DC,-3.40342,32.89727,lake
SOLWE,107524-1,public,Mwanza,Kwimba DC,-2.88015,33.39016,lake
SOLYA,124359-1,public,Singida,Manyoni DC,-7.08972,32.72412,central
SOLYA GIRL'S SECONDARY SCHOOL,124973-9,public,Singida,Manyoni DC,-5.82238,34.97298,central
SOMAGEDI,107525-8,public,Shinyanga,Kishapu DC,-3.80863,34.09951,lake
SOMANDA,112566-5,private,Mara,Musoma MC,-1.50826,33.80494,lake
SOMANGA,107526-6,public,Lindi,Kilwa DC,-8.39247,39.2869,southern
SOMANGA,113957-5,public,Lindi,Kilwa DC,-8.39221,39.02862,southern
SOMANGA,112965-9,private,Lindi,Kilwa DC,-8.39377,39.28098,southern
SOMBETINI,107527-4,public,Arusha,Arusha CC,-3.39463,36.665003,northern
SOME,101260-8,public,Songwe,Songwe DC,-7.85407,32.4849,shighland
SOMEDICS HEALTH CARE,107528-2,private,Dar Es Salaam,Ilala MC,-6.81162,39.27405,coastal
SOMO,107529-0,private,Mtwara,Mtwara MC,-10.29261,40.18445,southern
SONGA,107531-6,public,Tanga,Muheza DC,-5.2805,38.64079,coastal
SONGA NDOGO,114908-7,public,Singida,Ikungi DC,-4.80075,34.40916,central
SONGAMBELE,107535-7,public,Tabora,Urambo DC,-4.93337,32.09261,central
SONGAMBELE,112392-6,public,Morogoro,Gairo DC,-5.96335,36.96785,coastal
SONGAMBELE,107538-1,public,Kigoma,Buhigwe DC,-4.47753,29.97362,central
SONGAMBELE,113887-4,public,Ruvuma,Namtumbo DC,-10.07905,35.90041,shighland
SONGAMBELE,122476-5,public,Simiyu,Itilima DC,-2.96137,34.13673,lake
SONGAMBELE,124259-3,public,Arusha,Arusha DC,-3.55963,36.81094,northern
SONGAMBELE,107534-0,public,Kagera,Kyerwa DC,-1.5504,30.87546,lake
SONGAMBELE,107536-5,public,Dodoma,Kongwa DC,-5.89887,36.44713,central
SONGAMBELE,107539-9,public,Shinyanga,Shinyanga MC,-3.69148,33.43098,lake
SONGAMBELE,107537-3,public,Manyara,Kiteto DC,-5.67839,36.47692,northern
SONGAMBELE,107541-5,private,Simiyu,Bariadi DC,-2.64311,34.16288,lake
SONGAMBELE,111142-6,public,Kigoma,Uvinza DC,-5.314892,29.907677,central
SONGAMBELE,123970-6,public,Katavi,Mlele DC,-6.68743,32.14757,shighland
Songambele Azimio,107540-7,public,Rukwa,Sumbawanga DC,-8.05479,31.8283,shighland
Songea DC,124797-2,public,Ruvuma,Songea DC,,,shighland
Songea MC,124798-0,public,Ruvuma,Songea MC,,,shighland
SONGIWE,114201-7,public,Mwanza,Misungwi DC,-3.02166,32.97553,lake
SONGOA,107545-6,public,Kilimanjaro,Mwanga DC,-3.71682,37.62152,northern
SONGOMNARA,113959-1,public,Lindi,Kilwa DC,-9.42926,39.60408,southern
SONGORO,113023-6,private,Kigoma,Kibondo DC,-3.58469,30.72481,central
SONGORO,113796-7,public,Arusha,Meru DC,-3.31642,36.81707,northern
SONGOSONGO,107546-4,public,Lindi,Kilwa DC,-8.52401,39.5081,southern
SONGWA,107547-2,public,Shinyanga,Kishapu DC,-3.49818,33.52303,lake
SONGWE,120626-7,public,Songwe,Mbozi DC,-9.13798,32.96319,shighland
SONGWE,107304-8,private,Mbeya,Mbeya DC,-8.943972,33.23646,shighland
Songwe DC,124826-9,public,Songwe,Songwe DC,,,shighland
SONGWE DC,113845-2,public,Songwe,Songwe DC,-8.4447,33.04256,shighland
SONGWE MAGEREZA,107549-8,public,Mbeya,Mbeya DC,-8.94392,33.2364,shighland
SONGWE VIWANDANI,114329-6,public,Mbeya,Mbeya DC,-8.948035,33.243934,shighland
SONI,107550-6,public,Tanga,Bumbuli DC,-4.84525,38.36966,coastal
SONJO,107551-4,public,Morogoro,Ifakara TC,-7.81588,36.90217,coastal
SONVID,122332-0,private,Geita,Chato DC,-3.00526,31.92187,lake
Sopa,107553-0,public,Rukwa,Kalambo DC,-8.44576,31.51099,shighland
SOPHADON HEALTH CARE,123564-7,private,Pwani,Chalinze DC,-6.64608,38.35455,coastal
SOPHIA,125124-8,private,Dar Es Salaam,Kigamboni MC,-6.87985,39.32871,coastal
SOROMA,121313-1,private,Mwanza,Magu DC,-2.55359,33.04629,lake
SORONETA,120816-4,public,Mara,Tarime DC,-1.35541,34.44851,lake
SOSWA,123599-3,public,Mwanza,Buchosa DC,-2.38126,32.49454,lake
SOTA,108497-9,public,Mara,Rorya DC,-1.11815,33.99425,lake
SOTA,107554-8,private,Mara,Rorya DC,-1.12298,33.9838,lake
SOTCO,123685-0,private,Simiyu,Busega DC,-2.24369,33.84994,lake
SOTELE,107555-5,public,Pwani,Mkuranga DC,-7.302823,39.22047,coastal
SOTTA,108488-8,public,Mwanza,Sengerema DC,-2.984955,32.711655,lake
SOUTHERN ANGELS,121024-4,private,Njombe,Njombe TC,,,shighland
SOUTHERN ANGELS,121299-2,private,Njombe,Njombe TC,-9.91954,34.467,shighland
SOUTHLAND,120449-4,private,Dar Es Salaam,Ilala MC,,,coastal
SOVI,121982-3,public,Njombe,Njombe DC,-9.33845,34.81601,shighland
SOWETO,107556-3,public,Mbeya,Chunya DC,-8.58041,33.3517,shighland
SOWETO,122883-2,public,Dodoma,Dodoma CC,-6.18006,35.56723,central
SOWETO,122648-9,private,Geita,Geita TC,-2.87848,32.26556,lake
SOWETO,122435-1,public,Mbeya,Mbarali DC,-8.76688,33.75226,shighland
SOWETO HEALTH,121986-4,private,Lindi,Kilwa DC,-9.11571,39.55578,southern
SOYA,107558-9,public,Dodoma,Chemba DC,-5.22091,36.16433,central
SOZIA,122933-5,public,Mara,Bunda DC,-2.28803,33.33589,lake
SPARTIAL HEALTH,114014-4,private,Dar Es Salaam,Ubungo MC,-6.77447,39.2211,coastal
SPECTACLE FITTING CENTRE,121654-8,private,Dar Es Salaam,Ilala MC,,,coastal
SPRF YOMBO VITUKA,110611-1,private,Dar Es Salaam,Temeke MC,-6.874311,39.225112,coastal
ST AGNES,105918-7,private,Singida,Mkalama DC,-4.27823,34.19019,central
ST BENEDICT,103659-9,private,Dar Es Salaam,Ubungo MC,-6.79778,39.09051,coastal
ST CAMILUS,112659-8,private,Morogoro,Morogoro MC,-6.823548,37.662083,coastal
ST CAROLUS,105570-6,private,Singida,Singida DC,-4.54873,34.84298,central
ST CASSIAN,125135-4,private,Songwe,Tunduma TC,-9.30431,32.77804,shighland
ST CLARA,111698-7,private,Mbeya,Mbeya CC,-8.94035,33.38889,shighland
ST EBERHARD,120599-6,private,Arusha,Meru DC,-3.38429,36.89577,northern
ST ELIZABETH,114077-1,private,Mwanza,Ilemela MC,-2.31565,32.58568,lake
ST ELIZABETH SPECIALIZED,112381-9,private,Mbeya,Mbeya CC,-8.89535,33.44752,shighland
ST ELMO,112501-2,private,Kilimanjaro,Moshi MC,-3.35241,37.33967,northern
ST FRANCIS RC,109502-5,private,Kilimanjaro,Hai DC,-3.35108,37.12065,northern
ST GASPAR,124390-6,private,Morogoro,Mvomero DC,-6.08825,37.41459,coastal
ST GEMA,114497-1,private,Arusha,Arusha CC,-3.37477,36.69964,northern
ST GEORGE,120588-9,private,Songwe,Tunduma TC,-9.3079,32.76336,shighland
ST GIOVANNA,114662-0,private,Morogoro,Morogoro MC,-6.750533,37.635517,coastal
ST HARRY,107563-9,private,Morogoro,Morogoro MC,-6.81991,37.66497,coastal
ST HILDERGARD,112053-4,private,Kilimanjaro,Siha DC,-3.14541,36.92936,northern
ST JAMES,112722-4,private,Morogoro,Malinyi DC,,,coastal
ST JANETH,123745-2,private,Mbeya,Chunya DC,-8.03763,33.26026,shighland
ST JOHN,121286-9,private,Mbeya,Mbeya CC,-8.9094,33.4608,shighland
ST JOHN MEDICAL,124929-1,private,Mbeya,Mbarali DC,-6.36902,34.88882,shighland
ST JOHN PAUL II,102251-6,private,Tabora,Kaliua DC,-5.05639,31.7946,central
ST JOSE,123867-4,private,Dodoma,Kondoa TC,-4.90438,35.79438,central
ST JOSEPH,108001-9,private,Kilimanjaro,Moshi DC,-3.39551,37.46883,northern
ST JOSEPH COLLEGE OF ENGINEERING,112191-2,private,Dar Es Salaam,Ubungo MC,-6.793324,39.088874,coastal
St Joseph Health Care International,112912-1,private,Arusha,Arusha CC,-3.360253,36.658594,northern
ST JOSEPH MAPAMBAZUKO,110949-5,private,Ruvuma,Tunduru DC,-11.0352,37.32849,shighland
ST JOSEPH MBWENI MISSION,104684-6,private,Dar Es Salaam,Kinondoni MC,-6.57999,39.12739,coastal
ST JUDE THADDEUS,104620-0,private,Morogoro,Mlimba DC,-8.17262,36.25092,coastal
ST KAROLI LUANGA,110292-0,private,Morogoro,Morogoro MC,-6.80586,37.684,coastal
ST LUKES,107564-7,private,Dodoma,Mpwapwa DC,-6.3635,36.49508,central
ST LUKES MILO,104931-1,private,Njombe,Ludewa DC,-9.87956,34.63704,shighland
ST MAGDALENA,110289-6,private,Morogoro,Morogoro MC,-6.82165,37.65409,coastal
ST MAGDALENA,107565-4,private,Pwani,Mkuranga DC,-7.10486,39.32146,coastal
ST MARTIN DE PORES,112333-0,private,Dar Es Salaam,Ubungo MC,-6.82001,39.15505,coastal
ST MARY,105013-7,private,Tanga,Pangani DC,-5.31145,38.90773,coastal
ST MARY MEMORIAL,112966-7,private,Ruvuma,Songea MC,,,shighland
ST MARY'S WENDE,112133-4,private,Njombe,Njombe TC,-9.34724,34.80304,shighland
ST MATHAYO,114679-4,private,Dar Es Salaam,Ilala MC,-6.924025,39.144958,coastal
ST MICHAEL,111397-6,private,Mtwara,Masasi DC,,,southern
ST MONICA,113980-7,private,Kilimanjaro,Moshi DC,-3.28758,37.44769,northern
ST NATHAN'S MTEWELE,124893-9,private,Njombe,Njombe TC,-9.20144,34.46606,shighland
ST NDAHANI,113839-5,private,Dar Es Salaam,Kinondoni MC,-6.73702,39.22376,coastal
ST PAUL,104049-2,private,Mtwara,Mtwara MC,-10.30311,40.17547,southern
ST PETER,125069-5,private,Singida,Manyoni DC,-5.89691,35.21184,central
ST PHILIPO,110858-8,private,Tabora,Tabora MC,-5.04705,32.80169,central
ST RAPHAEL,111488-3,private,Arusha,Arusha CC,-3.36065,36.69618,northern
ST RAPHAEL SAMBARAI RC,125168-5,private,Kilimanjaro,Moshi DC,-10.58579,37.31483,northern
ST THERESIA,102199-7,private,Kagera,Missenyi DC,-1.24282,31.48279,lake
ST THOMAS,113402-2,private,Dar Es Salaam,Ubungo MC,-6.80389,39.20949,coastal
ST THOMASVUHC EYE CLINIC,121641-5,private,Arusha,Arusha CC,,,northern
ST YOSEPHA,115227-1,private,Songwe,Tunduma TC,-9.24824,32.84834,shighland
ST' ANN' MISSION,101837-3,private,Tabora,Tabora MC,-5.014753,32.843983,central
ST. AGNES,111044-4,private,Morogoro,Mvomero DC,-6.900365,37.486839,coastal
ST. ALBERT THE GREAT,120719-0,private,Dar Es Salaam,Ubungo MC,-6.77167,39.09442,coastal
ST. ALOICE,101085-9,private,Manyara,Mbulu DC,-3.78451,35.39649,northern
ST. ALPHONSA,107568-8,private,Morogoro,Ifakara TC,-8.08861,36.75241,coastal
ST. ANN'S (MBULU) CATHOLIC,104655-6,private,Shinyanga,Kahama MC,-3.833,32.64231,lake
ST. ANNA,124864-0,private,Kagera,Biharamulo DC,-5.78084,38.29046,lake
ST. ANNA ARAFA,111662-3,private,Dar Es Salaam,Ilala MC,-6.84382,39.21831,coastal
ST. ANNA'S,108228-8,private,Njombe,Njombe TC,-9.47326,34.78256,shighland
ST. ANNES,103560-9,private,Ruvuma,Nyasa DC,-11.09796,34.6409,shighland
ST. ANTHONY HEALTH CARE,124906-9,private,Mwanza,Ilemela MC,-2.48896,33.00782,lake
ST. AUGUSTINE'S KILEGURU MISSION,121288-5,private,Tanga,Kilindi DC,-5.45586,37.61039,coastal
ST. BENEDICT,107572-0,private,Dar Es Salaam,Ilala MC,-6.90348,39.19098,coastal
ST. BENEDICT,107569-6,private,Ruvuma,Songea MC,-10.67344,35.67218,shighland
ST. BENEDICT,107570-4,private,Katavi,Nsimbo DC,-6.4535,31.36068,shighland
ST. BENEDICTS,107571-2,private,Mtwara,Masasi DC,-10.49819,39.02691,southern
ST. BENJAMIN,111818-1,private,Ruvuma,Songea MC,-10.65077,35.64879,shighland
ST. BERNADETA,111323-2,private,Ruvuma,Madaba DC,-9.96732,35.63402,shighland
ST. BERNADETHA,120250-6,private,Dar Es Salaam,Ubungo MC,-6.815959,39.138138,coastal
ST. BERNARD,107574-6,private,Shinyanga,Ushetu DC,-4.19513,32.27919,lake
ST. BERNARD HANGA,101317-6,private,Ruvuma,Namtumbo DC,-10.43874,35.79273,shighland
ST. BONIPHANCE MADIBIRA MISSION,115207-3,private,Mbeya,Mbarali DC,-8.1254,34.4951,shighland
ST. BRENDAN,107576-1,private,Dar Es Salaam,Kinondoni MC,-6.73615,39.22094,coastal
ST. BRIGITA,112408-0,private,Dar Es Salaam,Ilala MC,-6.87926,39.15722,coastal
ST. CAMILIUS,107578-7,private,Ruvuma,Songea MC,-10.68007,35.64685,shighland
ST. CAMILIUS,107577-9,private,Dar Es Salaam,Ilala MC,-6.86328,39.23515,coastal
ST. CAMILLUS,123583-7,private,Dodoma,Dodoma CC,-6.14791,35.80735,central
ST. CATHERINE,107579-5,private,Mbeya,Mbeya DC,-9.001969,33.655463,shighland
ST. CATHERRINE,103358-8,private,Tanga,Lushoto DC,-4.72779,38.35631,coastal
ST. CHARLES,102577-4,private,Iringa,Mufindi DC,-8.59682,35.2852,shighland
ST. CHARLES BORROMEUS,100969-5,private,Singida,Singida DC,-4.45635,34.96344,central
ST. CLARA,110647-5,private,Dar Es Salaam,Temeke MC,-6.94135,39.24629,coastal
ST. CLARA,101332-5,private,Dar Es Salaam,Kinondoni MC,-6.76646,39.23076,coastal
ST. CLARENT,104111-0,private,Mara,Musoma MC,-1.495547,33.772846,lake
ST. DIDAS HEALTH CARE,120262-1,private,Dar Es Salaam,Kinondoni MC,,,coastal
ST. ELIZABETH,108079-5,private,Njombe,Njombe TC,-9.59962,34.87434,shighland
ST. ELIZABETH,107581-1,private,Arusha,Arusha CC,-3.368883,36.677593,northern
ST. ELIZABETH,107580-3,private,Pwani,Bagamoyo DC,-6.434835,38.898268,coastal
ST. ETHAN,121095-4,private,Dar Es Salaam,Ilala MC,,,coastal
ST. FRANCIS,123288-3,private,Dar Es Salaam,Kigamboni MC,-6.56439,39.28119,coastal
ST. FRANCIS,107585-2,private,Morogoro,Ifakara TC,-8.14481,36.68246,coastal
ST. FRANCIS KWAMKONO,103374-5,private,Tanga,Handeni DC,-5.44955,38.26137,coastal
ST. FRANCIS RWAMBAIZI,107191-9,private,Kagera,Karagwe DC,-1.34677,31.11921,lake
ST. FRANCIS XAVIER,107586-0,private,Pwani,Mkuranga DC,-7.1162,39.20819,coastal
ST. FRANCIS XAVIER,110703-6,private,Dar Es Salaam,Temeke MC,-6.853455,39.264307,coastal
ST. GASPAR,107588-6,private,Singida,Itigi DC,-5.6984,34.4991,central
ST. GEMMA,107590-2,private,Dodoma,Dodoma CC,-6.107776,35.757239,central
ST. GETRUDE,107591-0,private,Pwani,Kibaha DC,-6.72038,38.74029,coastal
ST. GIANNA,121152-3,private,Dodoma,Dodoma CC,,,central
ST. GLORY,112158-1,private,Dar Es Salaam,Ilala MC,,,coastal
ST. J. BAKHITA HEALTH CARE,121198-6,private,Mwanza,Nyamagana MC,-2.5410803,32.9212477,lake
ST. JMA,114729-7,private,Dar Es Salaam,Ubungo MC,,,coastal
ST. JOHN,106224-9,private,Njombe,Makambako TC,-8.84894,34.82252,shighland
ST. JOHN,111871-0,private,Kagera,Bukoba MC,-1.34183,31.81246,lake
ST. JOHN PAUL THE SECOND,122533-3,private,Mwanza,Magu DC,-2.561363,33.083601,lake
ST. JOHN UNIVERSITY,107594-4,private,Dodoma,Dodoma CC,-6.197705,35.730955,central
ST. JOHN'S,103637-5,private,Njombe,Ludewa DC,-9.80659,34.71475,shighland
ST. JOHNS,107595-1,private,Njombe,Makete DC,-8.97364,33.95181,shighland
ST. JOSEPH,101803-5,private,Njombe,Njombe TC,-9.59294,34.63068,shighland
ST. JOSEPH,107603-3,private,Tanga,Korogwe TC,-5.09708,38.50259,coastal
ST. JOSEPH,120485-8,private,Kilimanjaro,Moshi MC,-3.35527,37.31747,northern
ST. JOSEPH,121240-6,private,Dar Es Salaam,Kinondoni MC,,,coastal
ST. JOSEPH,101327-5,private,Songwe,Mbozi DC,-9.14666,33.00649,shighland
ST. JOSEPH,110835-6,private,Morogoro,Kilosa DC,-6.38451,37.32531,coastal
ST. JOSEPH,123007-7,private,Dodoma,Chamwino DC,-6.50151,35.83679,central
ST. JOSEPH BUGANGA GROUP,107598-5,private,Shinyanga,Shinyanga MC,-3.6674,33.41971,lake
St. Joseph Hospital,107597-7,private,Kilimanjaro,Moshi MC,-3.35488,37.31768,northern
ST. JOSEPH IKELU.,107600-9,private,Njombe,Makambako TC,-8.98953,34.82256,shighland
ST. JOSEPH'S MISSION,120483-3,private,Ruvuma,Songea DC,,,shighland
ST. JOSEPH'S MISSION  PERAMIHO,106990-5,private,Ruvuma,Songea DC,-10.63771,35.46306,shighland
ST. JUDA THADEO,105740-5,private,Mbeya,Mbeya DC,-8.851798,33.245398,shighland
ST. KIZITO,111050-1,private,Morogoro,Kilosa DC,-7.40612,36.97765,coastal
ST. LAWRENCE DIABETIC,110687-1,private,Dar Es Salaam,Kinondoni MC,-6.768736,39.270713,coastal
ST. LEOPARD,121012-9,private,Dar Es Salaam,Kinondoni MC,,,coastal
ST. LIDWINA,121759-5,private,Morogoro,Morogoro MC,,,coastal
ST. LIVINGSTONE & HAVIEE,122953-3,private,Dodoma,Dodoma CC,-6.19148,35.71985,central
ST. LONGINUS,107605-8,private,Kagera,Karagwe DC,-1.7259,30.96314,lake
ST. LUISE,111373-7,private,Ruvuma,Namtumbo DC,-10.562,36.263,shighland
ST. LUKE,107606-6,private,Iringa,Iringa DC,-7.32846,35.54939,shighland
ST. LUKE'S,121139-0,private,Mtwara,Masasi TC,-10.4437,38.4924,southern
ST. MARTIN DEPORES,114097-9,private,Ruvuma,Mbinga TC,-10.960428,34.985878,shighland
ST. MARTINS,102997-4,private,Lindi,Kilwa DC,-8.48149,38.9218,southern
ST. MARY OF FATIMA,110762-2,private,Manyara,Mbulu TC,-3.73806,35.55654,northern
ST. MARY'S,112693-7,private,Morogoro,Malinyi DC,,,coastal
ST. MARY'S,102584-0,private,Mara,Bunda DC,-2.15445,33.46762,lake
ST. MARY'S ISINGIRO,101915-7,private,Kagera,Kyerwa DC,-1.37097,30.68886,lake
ST. MARY'S' MASONGA,104420-5,private,Mara,Rorya DC,-1.10779,34.03887,lake
ST. MICHAEL,111794-4,private,Pwani,Kibaha DC,-6.77787,38.72805,coastal
ST. MICHAEL,107616-5,private,Tanga,Lushoto DC,-4.818,38.30614,coastal
ST. MICHAEL HEALTH CARE,124006-8,private,Arusha,Arusha CC,-3.38433,36.67871,northern
ST. MONICA,112517-8,private,Tanga,Handeni DC,-5.531395,38.457622,coastal
ST. MONICA MODERN,107617-3,private,Dar Es Salaam,Ubungo MC,-6.798686,39.231334,coastal
ST. NORBERT VISITATION,107618-1,private,Ruvuma,Songea MC,-10.6647,35.6478,shighland
ST. OTTO,107619-9,private,Kagera,Biharamulo DC,-2.66854,31.36311,lake
ST. PAUL,112287-8,private,Mbeya,Kyela DC,-9.57592,33.84857,shighland
ST. PAUL,111137-6,private,Iringa,Mafinga TC,-8.30622,35.24436,shighland
ST. PETER,107623-1,private,Geita,Geita TC,-2.900802,32.23013,lake
ST. PETER,123353-5,private,Geita,Geita DC,-3.11118,32.23571,lake
ST. PETER AND PAUL,107622-3,private,Mbeya,Mbeya DC,-8.950442,33.240216,shighland
ST. PHILIPO,120249-8,private,Dar Es Salaam,Ubungo MC,,,coastal
ST. PIO,123158-8,private,Shinyanga,Kahama MC,-3.87258,32.76341,lake
ST. RAPHAEL,100129-6,private,Njombe,Njombe TC,-9.34974,34.77148,shighland
ST. RAPHAEL,107625-6,private,Tanga,Korogwe TC,-5.15553,38.472,coastal
ST. RAPHAEL,107627-2,private,Tanga,Bumbuli DC,-4.86278,38.37471,coastal
ST. RAPHAEL,100057-9,private,Dar Es Salaam,Temeke MC,-6.866646,39.258316,coastal
ST. RAPHAEL'S  NYAKAIGA,106659-6,private,Kagera,Karagwe DC,-1.73125,30.96309,lake
ST. RITA MEDICAL,124910-1,private,Mwanza,Misungwi DC,-2.64723,32.96434,lake
ST. RITA'S,122905-3,private,Dar Es Salaam,Kigamboni MC,-6.88715,39.33849,coastal
ST. RITACASCIA,123207-3,private,Tabora,Tabora MC,-5.02652,32.84388,central
ST. SUSANA,121272-9,private,Mwanza,Nyamagana MC,-2.576554,32.993331,lake
ST. TERESA MISSION,112521-0,private,Tabora,Kaliua DC,-4.62941,32.16546,central
ST. THADEO,113160-6,private,Shinyanga,Shinyanga MC,-3.66942,33.42619,lake
ST. THERESA,104506-1,private,Iringa,Kilolo DC,-8.06559,35.69945,shighland
ST. THERESA,108361-7,private,Iringa,Iringa DC,-7.90329,35.58642,shighland
St. Therese Bukoba,107634-8,private,Kagera,Bukoba MC,-1.32732,31.81132,lake
ST. THERESE MIBIKIMITALI,124868-1,private,Iringa,Iringa DC,-7.81133,35.60286,shighland
ST. THERESE OF ALENSON,123473-1,private,Pwani,Kisarawe DC,-6.56809,39.00072,coastal
ST. THERESIA,106148-0,private,Mtwara,Masasi DC,-11.033011,39.156211,southern
ST. THERESIA MILALA,104923-8,private,Katavi,Mpanda MC,-6.30556,31.02929,shighland
ST. THOMAS,107637-1,private,Arusha,Arusha CC,-3.37242,36.68847,northern
ST. THOMAS,110291-2,private,Morogoro,Morogoro MC,-6.82514,37.68822,coastal
ST. VICENT,109176-8,private,Mbeya,Chunya DC,-8.030167,33.266296,shighland
ST. VICENT,107641-3,private,Ruvuma,Mbinga TC,-10.94907,34.99049,shighland
ST. VICTOR,113048-3,private,Kagera,Muleba DC,,,lake
ST. VINCENT,107642-1,private,Pwani,Mkuranga DC,-7.02419,39.29764,coastal
ST. WALBURGE,107643-9,private,Lindi,Mtama DC,-10.33113,39.29659,southern
ST. Y'SALEM,123952-4,private,Dar Es Salaam,Kinondoni MC,-6.72883,39.23024,coastal
ST.ALFRED RIRODA RC,107089-5,private,Manyara,Babati DC,-4.18033,35.3892,northern
ST.ALOYCE,108689-1,private,Katavi,Mpanda MC,-6.34059,31.07432,shighland
ST.ALTHO,121146-5,private,Mbeya,Mbeya CC,-8.88044,33.45941,shighland
ST.BAJO,123273-5,private,Arusha,Arusha DC,-3.36133,36.70523,northern
ST.BAKHITA,108045-6,private,Mbeya,Mbarali DC,-8.68181,34.31223,shighland
St.Bakhita,122106-8,private,Iringa,Iringa MC,,,shighland
ST.BENEDICT,123213-1,private,Ruvuma,Songea MC,,,shighland
ST.CAMILLIUS,113556-5,private,Dodoma,Dodoma CC,-6.18016,35.74521,central
ST.CAMILLUS WELL POINT,121692-8,private,Mwanza,Nyamagana MC,-2.59841,32.8962,lake
ST.CHALE,114325-4,private,Morogoro,Ulanga DC,,,coastal
ST.CLARA,108750-1,private,Kagera,Biharamulo DC,-2.87464,31.40698,lake
ST.Clare,114686-9,private,Mwanza,Nyamagana MC,-2.51659,32.8996,lake
ST.COLETHA,113439-4,private,Dar Es Salaam,Ilala MC,,,coastal
ST.COLIN,124142-1,private,Mwanza,Ilemela MC,-2.32551,32.35621,lake
ST.DIONYSIUS RUHITA,108634-7,private,Kagera,Kyerwa DC,-1.22374,30.89326,lake
ST.DORCAS MEDICAL LABORATORY,122647-1,private,Tanga,Handeni TC,-5.42073,38.01631,coastal
ST.DORINE MEDICAL,125097-6,private,Songwe,Tunduma TC,-9.30457,32.77905,shighland
ST.E,122315-5,private,Kigoma,Uvinza DC,-4.99511,30.00097,central
ST.ELIZABETH,113171-3,private,Shinyanga,Kahama MC,-3.8729784,32.76259,lake
ST.EMERENCE,122474-0,private,Dodoma,Dodoma CC,,,central
ST.FRANCIS,108884-8,private,Ruvuma,Songea MC,-10.67125,35.66927,shighland
ST.GABRIEL,110218-5,private,Ruvuma,Mbinga TC,-10.941419,35.012808,shighland
ST.GALLEN,120580-6,private,Morogoro,Ulanga DC,,,coastal
ST.GAU,123711-4,private,Ruvuma,Mbinga DC,-10.75443,35.14687,shighland
ST.GETRUDE JINO,120772-9,private,Njombe,Njombe TC,-9.34969,34.76941,shighland
ST.GREM,113250-5,private,Katavi,Mpanda MC,-6.33196,31.08223,shighland
ST.JOSEPH,111084-0,private,Tanga,Lushoto DC,-4.79244,38.29227,coastal
ST.JOSEPH,122560-6,private,Dar Es Salaam,Kinondoni MC,-6.71529,39.47194,coastal
ST.JOSEPH SIUYU,107505-0,private,Singida,Ikungi DC,-4.897561,34.87801,central
ST.JOSEPH'S,121617-5,private,Dar Es Salaam,Ilala MC,-6.41609,39.86525,coastal
ST.JOSHUA,123765-0,private,Pwani,Mkuranga DC,-7.11625,39.20285,coastal
ST.JOSHUA,124141-3,private,Pwani,Mkuranga DC,-7.11673,39.20359,coastal
ST.LUZIA(LUSIA)-ELIZABETH,123518-3,private,Ruvuma,Namtumbo DC,-10.51747,35.78966,shighland
ST.MARIE VIANEY,113054-1,private,Njombe,Ludewa DC,,,shighland
ST.MATHIAS,110396-9,private,Morogoro,Morogoro DC,-6.832917,37.817693,coastal
ST.MILLY FAMILY,121719-9,private,Lindi,Kilwa DC,-8.4046226,39.2822807,southern
ST.NIKOLOUS,121878-3,private,Iringa,Iringa DC,-7.708838,35.508138,shighland
ST.OCTAVE AND TROMAN,120430-4,private,Ruvuma,Songea MC,-10.67484,35.63956,shighland
ST.OCTAVE AND TROMAN,120574-9,private,Ruvuma,Songea MC,-10.67484,35.63956,shighland
ST.PETER CLAVERY,121057-4,private,Mwanza,Nyamagana MC,-2.584105,32.95521,lake
ST.PETER DIAGNOSTIC,123656-1,private,Arusha,Arusha CC,,,northern
ST.RAPHAEL,123660-3,private,Njombe,Njombe TC,,,shighland
St.Raphael Kilimani,121673-8,private,Dar Es Salaam,Ubungo MC,-6.47634,39.13619,coastal
ST.RITHA,113389-1,private,Mwanza,Ilemela MC,-2.49218,32.89773,lake
ST.THERESIA,111834-8,private,Iringa,Mufindi DC,-8.572543,35.624632,shighland
ST.THERESIA,110233-4,private,Rukwa,Sumbawanga MC,-7.982182,31.619786,shighland
ST.VINCENT DE PAUL'S BUSINDE,100604-8,private,Kagera,Kyerwa DC,-1.13651,30.94367,lake
ST.VINCENT PALLOTTI,122706-5,private,Morogoro,Mvomero DC,-6.48872,37.52127,coastal
ST.YOHANE,122968-1,private,Dar Es Salaam,Ubungo MC,-6.72502,39.13924,coastal
STAHABU,107645-4,public,Tanga,Pangani DC,-5.56317,38.90891,coastal
STAMICO,112823-0,private,Geita,Geita DC,-3.00001,31.93035,lake
STAMIGOLD BIHARAMULO MINE,108547-1,private,Kagera,Biharamulo DC,-3.20635,31.5419,lake
STAMILI,125144-6,private,Tanga,Handeni DC,-5.64861,38.16337,coastal
STANDARD EYE CARE,114198-5,private,Iringa,Mafinga TC,-8.25783,35.32519,shighland
STAR,112795-0,private,Mwanza,Nyamagana MC,-2.5438517004753,32.95423025476,lake
STAR HEALTH CARE,121201-8,private,Mwanza,Ilemela MC,-2.53218,32.94603,lake
STAR MEDICARE,110827-3,private,Mwanza,Nyamagana MC,-2.52544,32.91844,lake
STAR MISSION,113895-7,private,Manyara,Babati DC,-3.69516,35.93505,northern
STAR OPTOMETRY,112317-3,private,Arusha,Arusha CC,-3.361102,36.684911,northern
STAR VISION LABORATORY,123761-9,private,Mtwara,Mtwara MC,,,southern
STATION ROAD,121536-7,private,Morogoro,Morogoro MC,,,coastal
STAZIA,124086-0,private,Pwani,Kibaha TC,-6.72375,38.94822,coastal
STELLA HEALTH,114181-1,private,Dar Es Salaam,Temeke MC,-6.91614,39.31971,coastal
STEPGAIN,124047-2,private,Dodoma,Dodoma CC,-6.39031,35.74684,central
STEPHANIA,111216-8,private,Mtwara,Masasi TC,-10.694325,38.847709,southern
STESO,122294-2,private,Mara,Butiama DC,-1.80292,34.10704,lake
STEVEN,114520-0,private,Morogoro,Morogoro MC,-6.767474,37.648129,coastal
STEVEN OPTICAL STORE,121653-0,private,Dar Es Salaam,Ilala MC,,,coastal
SUBIRA,121883-3,public,Ruvuma,Songea MC,-10.71674,35.59301,shighland
SUBIRA,107649-6,public,Ruvuma,Songea MC,-10.71562,35.57933,shighland
Suby,107650-4,private,Dar Es Salaam,Kinondoni MC,-6.800339,39.244272,coastal
SUCA PURITY HEALTH CARE,123720-5,private,Dar Es Salaam,Ubungo MC,-6.79234,39.14898,coastal
SUDI,107651-2,public,Lindi,Mtama DC,-10.16163,39.95636,southern
SUGUTA,109540-5,public,Dodoma,Kongwa DC,-6.293529,36.686686,central
SUGUTI,107652-0,public,Mara,Musoma DC,-1.79509,33.6433,lake
SUJI GONJANZA,107653-8,public,Kilimanjaro,Same DC,-4.38533,37.9013,northern
SUJI MALINDI,121797-5,public,Kilimanjaro,Same DC,-4.36439,37.89483,northern
SUJI SDA,107654-6,private,Kilimanjaro,Same DC,-4.36558,37.89507,northern
SUKA,120726-5,private,Shinyanga,Kahama MC,-3.8046267,32.603302,lake
SUKA MEDICAL,112698-6,private,Dar Es Salaam,Kigamboni MC,-6.886037,39.436901,coastal
SUKAMAHELA,107655-3,public,Singida,Manyoni DC,-5.77736,35.0078,central
SUKENYA,110912-3,public,Arusha,Ngorongoro DC,-1.95633,35.51165,northern
SUKUMA,107656-1,public,Mwanza,Buchosa DC,-2.54851,32.40906,lake
SUKURO,107657-9,public,Manyara,Simanjiro DC,-4.04417,36.5584,northern
SULAYMAN,122611-7,private,Dar Es Salaam,Ilala MC,-6.86631,39.19181,coastal
SULEIMAN,113621-7,private,Tabora,Kaliua DC,-4.472641,32.006713,central
SULI,107659-5,public,Dodoma,Chamwino DC,-6.74684,35.92917,central
SULTAN,121191-1,public,Morogoro,Morogoro MC,-6.87769,37.65293,coastal
SULU,107660-3,public,Simiyu,Maswa DC,-3.34553,33.94537,lake
SULUTI,107661-1,public,Ruvuma,Namtumbo DC,,,shighland
SUMA,107662-9,public,Mbeya,Rungwe DC,-9.210577,33.711734,shighland
SUMAWE,114770-1,public,Arusha,Karatu DC,-3.336506,35.65855,northern
SUMBALWELA,109906-8,public,Songwe,Mbozi DC,-9.102392,32.867984,shighland
SUMBAWANGA,107663-7,public,Rukwa,Sumbawanga MC,-7.96641,31.61406,shighland
SUMBAWANGA ASILIA,115111-7,public,Rukwa,Sumbawanga MC,-7.94725,31.60946,shighland
Sumbawanga DC,124789-9,public,Rukwa,Sumbawanga DC,,,shighland
Sumbawanga MC,124790-7,public,Rukwa,Sumbawanga MC,,,shighland
SUMBAWANGA MUNICIPAL,114518-4,public,Rukwa,Sumbawanga MC,-7.96269,31.56729,shighland
SUMBAWANGA SPECIALIZED,114087-0,private,Rukwa,Sumbawanga MC,-7.97444,31.60995,shighland
SUMBIGU,107664-5,public,Shinyanga,Shinyanga DC,-3.71585,33.26368,lake
SUMBUGU,107665-2,public,Mwanza,Misungwi DC,-2.86505,32.95206,lake
SUMMIT,111690-4,private,Rukwa,Sumbawanga MC,-7.95989,31.61292,shighland
SUMMIT MEDSERVE,125145-3,private,Kilimanjaro,Moshi MC,-3.03512,37.20329,northern
SUMVE,107666-0,private,Mwanza,Kwimba DC,-2.751281,33.229181,lake
SUN,113750-4,private,Dar Es Salaam,Ubungo MC,-6.787335,39.201172,coastal
Sun Shine Muslim Volunteers,107677-7,private,Dar Es Salaam,Ilala MC,-6.82805,39.261851,coastal
SUNA,110278-9,private,Dar Es Salaam,Temeke MC,-6.87761,39.22826,coastal
SUNBEAM OPTICAL CENTRE,112314-0,private,Arusha,Arusha CC,-3.374242,36.684171,northern
SUNCLARA,114222-3,private,Dodoma,Dodoma CC,,,central
SUNGA,107668-6,public,Tanga,Lushoto DC,-4.52776,38.2371,coastal
SUNGAMILA.,121706-6,public,Katavi,Mpanda MC,-6.27402,31.12937,shighland
SUNGAMILE,122862-6,public,Shinyanga,Msalala DC,-3.87642,32.83828,lake
SUNGO,107669-4,public,Kilimanjaro,Mwanga DC,-3.655783,37.665186,northern
SUNGU,107670-2,public,Simiyu,Meatu DC,-3.52561,34.62074,lake
SUNGUSIRA,123591-0,public,Geita,Geita DC,-2.54045,32.34044,lake
SUNGUVUNI,121446-9,public,Pwani,Mkuranga DC,-7.11993,39.26437,coastal
SUNGWI,107671-0,public,Pwani,Kisarawe DC,-7.04361,38.9755,coastal
SUNGWIZI,107672-8,public,Tabora,Igunga DC,-4.454863,33.525285,central
SUNJI,107674-4,private,Njombe,Makete DC,-9.54109,34.35462,shighland
SUNLIGHT,121947-6,private,Arusha,Monduli DC,,,northern
SUNNI MUSLIM CHARITABLE,108580-2,private,Arusha,Arusha CC,-3.37178,36.68668,northern
SUNRISE,124354-2,private,Tabora,Urambo DC,-5.07045,32.07074,central
SUNRISE,124128-0,private,Dar Es Salaam,Ilala MC,-6.82737,39.21144,coastal
SUNSHINE,120895-8,private,Arusha,Arusha CC,-3.40321,36.75906,northern
SUNSHINE.,122006-0,private,Pwani,Kibaha DC,-6.72367,38.74065,coastal
SUNSI,107678-5,public,Mara,Bunda DC,-2.1361,33.2122,lake
SUNSIGHT OPTICAL CENTRE,121035-0,private,Dar Es Salaam,Ubungo MC,,,coastal
SUNUKA,107679-3,public,Kigoma,Uvinza DC,-5.34924,29.78476,central
SUNYA,107680-1,public,Manyara,Kiteto DC,-5.72709,37.09665,northern
SUNZULA,107681-9,public,Simiyu,Itilima DC,-2.88118,33.81311,lake
SURA,107683-5,public,Arusha,Meru DC,-3.330077,36.799585,northern
SURUBU,107684-3,public,Mara,Tarime DC,-1.4473,34.2276,lake
SURVEY,107685-0,private,Dar Es Salaam,Ubungo MC,-6.773947,39.222077,coastal
SURVIVAL,124151-2,private,Kagera,Kyerwa DC,-1.21841,30.94687,lake
SUSANNAH WESLEY,120260-5,private,Morogoro,Morogoro MC,,,coastal
SUWA,107687-6,public,Tanga,Handeni DC,-5.701075,38.202732,coastal
SUZAN,123950-8,private,Mtwara,Masasi DC,-10.62023,39.01454,southern
SUZANA,112978-2,private,Mtwara,Masasi DC,-10.60185,38.89653,southern
Swaila,107688-4,public,Rukwa,Nkasi DC,-7.566697,31.377534,shighland
swash,120419-7,private,Dar Es Salaam,Temeke MC,,,coastal
SWAYA,107690-0,public,Mbeya,Rungwe DC,-9.06726,33.50359,shighland
SWAYA,120872-7,public,Mbeya,Mbeya DC,-8.95741,33.42957,shighland
SWAYA,107689-2,public,Mbeya,Mbeya DC,-8.951041,33.444955,shighland
SWAYA A,120693-7,public,Mbeya,Rungwe DC,-9.07861,33.53124,shighland
Sweet Corner,114484-9,private,Dar Es Salaam,Ubungo MC,-6.790579,39.23365,coastal
SWIHATULKHAIR,112100-3,private,Pwani,Mafia DC,-7.92099,39.66813,coastal
SWILLA SECONDARY,110746-5,private,Mbeya,Mbeya DC,-8.92575,33.33546,shighland
SYNAPSE,123500-1,private,Dar Es Salaam,Ilala MC,-6.81419,39.29388,coastal
SYRIAN,120736-4,private,Dar Es Salaam,Kinondoni MC,,,coastal
T-MAM MEDICAL,109371-5,private,Mbeya,Kyela DC,-9.48286,33.87708,shighland
T.S EYE CARE,121659-7,private,Tanga,Korogwe DC,,,coastal
TABASAMU,120877-6,private,Arusha,Arusha CC,-3.3667,36.68798,northern
TABASAMU,122337-9,private,Njombe,Njombe TC,,34.461,shighland
TABATA A,107696-7,public,Dar Es Salaam,Ilala MC,-6.83031,39.2265,coastal
Tabata General,107698-3,private,Dar Es Salaam,Ilala MC,-6.84503,39.19533,coastal
TABATA KISIWANI,110550-1,public,Dar Es Salaam,Ilala MC,-6.830199,39.226479,coastal
TABATA NBC,107699-1,public,Dar Es Salaam,Ilala MC,-6.83634,39.2126,coastal
TABILUGU,124583-6,public,Kigoma,Kasulu TC,-4.06748,30.11403,central
Tabora MC,124834-3,public,Tabora,Tabora MC,,,central
TABUHOTEL,121721-5,public,Morogoro,Gairo DC,-6.13491,36.93767,coastal
TADI,113214-1,private,Tanga,Tanga CC,-5.10131,39.10633,coastal
TAE,107706-4,public,Kilimanjaro,Same DC,-4.33775,37.8946,northern
TAG BMCC,113374-3,private,Mwanza,Nyamagana MC,-2.597493430193,32.897311697295,lake
TAGAMENDA,121295-0,public,Njombe,Njombe DC,-9.13497,34.97794,shighland
TAHERI,114285-0,private,Morogoro,Morogoro MC,,,coastal
TAHFIFU,111960-1,private,Arusha,Arusha CC,-3.37467,36.67456,northern
TAHFIFU,114264-5,private,Morogoro,Morogoro MC,,,coastal
TAIFA HEALTH,124426-8,private,Pwani,Mkuranga DC,-6.59213,39.11916,coastal
TAIFO KUNDUCHI,111382-8,private,Dar Es Salaam,Kinondoni MC,-6.67648,39.20514,coastal
TAIFO SHUKURU,111381-0,private,Dar Es Salaam,Kinondoni MC,-6.74078,39.20731,coastal
TAITAA,124410-2,private,Mwanza,Nyamagana MC,-2.33371,32.54512,lake
TALAGA,107719-7,public,Mwanza,Kwimba DC,-2.93351,33.46511,lake
TALAWANDA,107720-5,public,Pwani,Chalinze DC,-6.49258,38.46635,coastal
TALYIAH,123743-7,private,Dar Es Salaam,Ilala MC,-6.84341,39.23072,coastal
TAMALAKI,125054-7,private,Dar Es Salaam,Kinondoni MC,-6.49268,39.28339,coastal
TAMAR,120301-7,private,Dar Es Salaam,Kinondoni MC,,,coastal
TAMASENGA,107722-1,public,Rukwa,Sumbawanga MC,-8.136599,31.670927,shighland
TAMBAA,122677-8,private,Dodoma,Dodoma CC,-6.19019,35.72636,central
TAMBALALE,107724-7,public,Tabora,Igunga DC,-4.628508,33.532204,central
TAMBARUKA,115055-6,public,Rukwa,Nkasi DC,-7.29521,31.18572,shighland
TAMBI,107726-2,public,Dodoma,Mpwapwa DC,-6.40633,36.6767,central
Tambuka reli,109474-7,public,Mwanza,Nyamagana MC,-2.56732,32.93412,lake
Tambukareli,110560-0,public,Dar Es Salaam,Temeke MC,-6.877689,39.264878,coastal
TAMKERI,108950-7,public,Mara,Serengeti DC,-1.764032,34.77976,lake
TAMOTA,107730-4,public,Tanga,Korogwe DC,-5.076256,38.392062,coastal
TAMOTA,107729-6,public,Tanga,Kilindi DC,-5.59491,37.5482,coastal
Tamota,107731-2,public,Tanga,Bumbuli DC,-4.93802,38.49394,coastal
TAMPORI,120683-8,public,Dodoma,Kondoa TC,-5.09467,35.75136,central
TAMTA CHARITABLE,107733-8,private,Tanga,Tanga CC,-5.07483,39.10195,coastal
TAN OPTIC CO. LTD,121664-7,private,Kilimanjaro,Moshi MC,,,northern
TANANGOZI,107734-6,public,Iringa,Iringa DC,-7.95102,35.56516,shighland
Tandahimba DC,124759-2,public,Mtwara,Tandahimba DC,,,southern
TANDALA,107737-9,public,Dodoma,Chemba DC,-4.955677,36.017738,central
TANDALE,123672-8,private,Morogoro,Mlimba DC,-8.20924,36.22904,coastal
TANDALE,107738-7,public,Dar Es Salaam,Kinondoni MC,-6.79664,39.23774,coastal
TANDALE,114335-3,private,Dar Es Salaam,Kinondoni MC,-6.796355,39.236717,coastal
TANDALE RC,107739-5,private,Dar Es Salaam,Kinondoni MC,-6.79704,39.24109,coastal
TANDANGONGORO,120861-0,public,Lindi,Lindi MC,-10.04388,39.50228,southern
TANDIKA,114167-0,public,Dar Es Salaam,Temeke MC,-6.86539,39.25098,coastal
TANESCO KIDATU,107741-1,public,Morogoro,Ifakara TC,-7.670174,36.974052,coastal
TANESCO KIHANSI,107742-9,public,Morogoro,Mlimba DC,-8.63728,36.05011,coastal
TANGA,107743-7,public,Ruvuma,Songea MC,-10.56044,35.66962,shighland
TANGA,100405-0,public,Tanga,Tanga CC,-5.06535,39.11155,coastal
TANGA,108483-9,public,Morogoro,Malinyi DC,-9.01091,36.03883,coastal
Tanga CC,124848-3,public,Tanga,Tanga CC,,,coastal
TANGA CEMENT,107303-0,private,Tanga,Tanga CC,-5.11075,38.99511,coastal
TANGA CENTRAL,107744-5,private,Tanga,Tanga CC,-5.07961,39.1053,coastal
TANGA CITY,113213-3,private,Tanga,Tanga CC,-5.11679,39.07025,coastal
TANGA CITY,108630-5,public,Tanga,Tanga CC,-5.115887,39.070198,coastal
TANGA OPTICAL CENTRE,112934-5,private,Tanga,Tanga CC,-5.08163,39.11099,coastal
TANGANYIKA,107751-0,private,Morogoro,Mlimba DC,-9.12612,35.62993,coastal
TANGANYIKA,122310-6,private,Kigoma,Kigoma Ujiji MC,-4.86683,29.65673,central
TANGANYIKA CARE,122353-6,private,Shinyanga,Kahama MC,-3.82943,32.57384,lake
Tanganyika DC,124686-7,public,Katavi,Tanganyika DC,,,shighland
TANGANYIKA JKT,124603-2,public,Katavi,Tanganyika DC,-5.73294,30.79678,shighland
TANGANYIKA PACKERS,109790-6,public,Arusha,Arusha CC,-3.408887,36.745975,northern
TANGANYIKA RURAL,114013-6,public,Morogoro,Mlimba DC,-9.10991,35.63493,coastal
TANGANYIKA'S HEALTH,122010-2,private,Kigoma,Kigoma Ujiji MC,-4.8557667,29.667074,central
TANGAZO,107754-4,public,Mtwara,Mtwara DC,-10.461149,40.321754,southern
TANGENI,107755-1,public,Morogoro,Mvomero DC,-6.94235,37.6166,coastal
TANGENI MISSION,107756-9,private,Morogoro,Mvomero DC,-6.92607,37.60233,coastal
TANGI BOVU,123799-9,private,Dar Es Salaam,Kinondoni MC,,,coastal
TANGIBLE,125229-5,private,Njombe,Njombe TC,-9.54295,35.10202,shighland
TANKI BOVU,110624-4,private,Dar Es Salaam,Kinondoni MC,-6.72885,39.21451,coastal
TANWAT,107759-3,private,Njombe,Njombe TC,-9.29339,34.77871,shighland
TANYA,121379-2,private,Arusha,Arusha CC,,,northern
TANZANIA ADVENTIST,107760-1,private,Arusha,Meru DC,-3.32587,36.8803,northern
TANZANIA BREWERIES,107762-7,public,Dar Es Salaam,Ilala MC,-6.8234,39.26735,coastal
TANZANIA BREWERIES,107761-9,private,Mwanza,Ilemela MC,-2.47544,32.90367,lake
TANZANIA BREWERIES,100420-9,private,Kilimanjaro,Moshi MC,-3.36275,37.34018,northern
Tanzania Breweries,122549-9,private,Dar Es Salaam,Ilala MC,-6.82319,39.26789,coastal
TANZANIA CHRISTIAN,109774-0,private,Arusha,Monduli DC,-3.29202,36.42228,northern
TANZANIA MILITARY ACADEMY(TMA),109428-3,public,Arusha,Monduli DC,-3.347076,36.459154,northern
Tanzania Nordic,120712-5,private,Dar Es Salaam,Kinondoni MC,,,coastal
TANZANIA OPTOMETRIC VISION CENTRE,112959-2,private,Iringa,Iringa MC,,,shighland
Tanzania Railway Company MARINE,107883-1,public,Mwanza,Nyamagana MC,-2.53486,32.90114,lake
TANZANIA RAILWAYS CORPORATION (TRC),107880-7,public,Dar Es Salaam,Ilala MC,-6.82656,39.27888,coastal
TANZANIA SIGHT GIFT CENTRE,111909-8,private,Dar Es Salaam,Ilala MC,-6.82871,39.25683,coastal
TANZANITE,114261-1,private,Pwani,Bagamoyo DC,-6.451071,38.894608,coastal
TANZANITE,114683-6,private,Mwanza,Nyamagana MC,-2.57226,32.90912,lake
TANZANITE BRAIN AND SPINE CENTRE,112569-9,private,Dar Es Salaam,Kinondoni MC,,,coastal
TANZANITE MEDICARE,125169-3,private,Mtwara,Mtwara MC,-10.27192,40.10319,southern
TAPIKA,107768-4,public,Pwani,Rufiji DC,-8.29916,38.56995,coastal
TARAFANI,122018-5,private,Mbeya,Mbeya DC,,33.351532,shighland
TARAGWE,122555-6,private,Morogoro,Gairo DC,,,coastal
TARAKEA,107770-0,public,Kilimanjaro,Rombo DC,-3.003267,37.564824,northern
TARAKEA,107771-8,private,Kilimanjaro,Rombo DC,-3.00297,37.56337,northern
TARANGIRE,107772-6,public,Manyara,Babati DC,-3.75304,35.97075,northern
TARANI,123245-3,public,Mara,Butiama DC,-1.47137,34.03402,lake
TARIC,114078-9,private,Dar Es Salaam,Kigamboni MC,-6.83828,39.31756,coastal
TARIME,109895-3,public,Mara,Tarime TC,-1.34656,34.36909,lake
Tarime DC,124730-3,public,Mara,Tarime DC,,,lake
TARIME DC,106751-1,public,Mara,Tarime DC,-1.39433,34.5774,lake
TARIME GOODWILL FOUNDATION,107774-2,private,Mara,Tarime TC,-1.34747,34.38347,lake
Tarime TC,124731-1,public,Mara,Tarime TC,,,lake
TARUHODA,120572-3,private,Morogoro,Morogoro DC,,,coastal
TATA KIBACHO,122653-9,private,Mara,Tarime TC,-1.35414,34.39074,lake
TATANDA,107778-3,public,Rukwa,Kalambo DC,-8.49647,31.50463,shighland
TAULA,107779-1,public,Tanga,Handeni DC,-5.4594,38.49931,coastal
TAUSI,125179-2,private,Geita,Chato DC,-2.89725,31.74537,lake
TAWA,110356-3,public,Morogoro,Morogoro DC,-7.01687,37.72916,coastal
TAWAKAL,112906-3,private,Iringa,Iringa MC,-7.77974,35.69771,shighland
TAWAKALI,122239-7,private,Pwani,Kibaha DC,-6.802143,38.57682,coastal
TAWALA,107781-7,public,Mtwara,Newala TC,-10.9252,39.401,southern
TAWETA,107782-5,private,Morogoro,Mlimba DC,-9.0216,35.6066,coastal
TAWFIIQ MEDICAL,124938-2,private,Katavi,Mpanda MC,-6.20791,31.04245,shighland
TAWHEED,120450-2,private,Dar Es Salaam,Temeke MC,-6.87075,39.25772,coastal
TAWI,107784-1,public,Pwani,Rufiji DC,-8.279814,38.857009,coastal
TAYMA,113349-5,private,Mwanza,Nyamagana MC,-2.62678,32.94364,lake
TAYMA,111117-8,private,Dar Es Salaam,Kinondoni MC,-6.79118,39.23996,coastal
TAYMA BUBUBU,120414-8,private,Dar Es Salaam,Temeke MC,,,coastal
TAYMA BUZA,114511-9,private,Dar Es Salaam,Temeke MC,-6.89436,39.22744,coastal
TAYMA KIMANZICHANA,102334-0,private,Pwani,Mkuranga DC,-7.36316,39.0636,coastal
TAYMA MBAGALA,107220-6,private,Dar Es Salaam,Temeke MC,-6.895705,39.267596,coastal
TAYMA SANDALI,110630-1,private,Dar Es Salaam,Temeke MC,-6.85665,39.25048,coastal
TAYMA SWEET,111903-1,private,Dar Es Salaam,Kigamboni MC,-6.87085,39.31755,coastal
TAYMA VETENARY,107974-8,private,Dar Es Salaam,Temeke MC,-6.853649,39.252703,coastal
TAYMA YOMBO SUNRISE,110608-7,private,Dar Es Salaam,Temeke MC,-6.87489,39.24137,coastal
TAZAMA NA TUNZA,113578-9,private,Dodoma,Dodoma CC,-6.12869,35.75082,central
TAZARA,121926-0,private,Mbeya,Mbeya CC,,33.416046,shighland
TAZARA,107791-6,private,Morogoro,Mlimba DC,-8.7861,35.7968,coastal
TAZARA,107790-8,public,Mbeya,Mbeya CC,-8.92888,33.41579,shighland
TAZARA,121925-2,private,Dar Es Salaam,Ilala MC,,,coastal
TBL,111223-4,private,Arusha,Arusha CC,-3.38329,36.69911,northern
TCC,107794-0,private,Dar Es Salaam,Temeke MC,-6.84127,39.25257,coastal
TCHENZEMA,107795-7,public,Morogoro,Mvomero DC,-7.10373,37.584,coastal
Tegere,123083-8,private,Tanga,Lushoto DC,,,coastal
TEGERUKA,107798-1,public,Mara,Musoma DC,-1.75256,33.7346,lake
TEGETA,107799-9,public,Dar Es Salaam,Kinondoni MC,-6.66459,39.19244,coastal
TEGETA MISSION,107800-5,private,Dar Es Salaam,Kinondoni MC,-6.66779,39.19209,coastal
TEGETERO MISSION,111306-7,private,Morogoro,Morogoro DC,-6.94233,37.7181,coastal
TEKWA,124287-4,public,Tanga,Bumbuli DC,-4.89119,38.44348,coastal
TEL AVIV,125122-2,private,Arusha,Arusha DC,-3.36981,36.58044,northern
TELLA,107804-7,public,Kilimanjaro,Moshi DC,-3.306691,37.395071,northern
TEMA,113946-8,public,Kilimanjaro,Moshi DC,-3.28643,37.42042,northern
TEMA,111726-6,public,Tanga,Lushoto DC,-4.53137,38.21569,coastal
TEMBELA,113730-6,public,Mbeya,Mbeya CC,-8.946389,33.48849,shighland
TEMBO LONGALOMBOGO,107432-7,public,Simiyu,Itilima DC,-2.93012,34.41071,lake
TEMBO NICKEL PROJECT,121369-3,private,Kagera,Ngara DC,-2.88537,30.56037,lake
TEMBONI,114984-8,public,Dar Es Salaam,Ubungo MC,-6.80045,39.12872,coastal
Temeke MC,124651-1,public,Dar Es Salaam,Temeke MC,,,coastal
TEMEKE OPTOMETRY CENTRE,111620-1,private,Dar Es Salaam,Temeke MC,-6.86903,39.26352,coastal
TEMEKE SDA,107327-9,private,Dar Es Salaam,Temeke MC,-6.854226,39.263505,coastal
TEMEKE VISION CENTRE,114195-1,private,Dar Es Salaam,Temeke MC,,,coastal
TEMI HEALTH CARE,122289-2,private,Dar Es Salaam,Ilala MC,-6.98541,39.09196,coastal
TEN MEDICAL,120503-8,private,Songwe,Songwe DC,-8.26327,33.00505,shighland
TENENDE,107807-0,public,Mbeya,Kyela DC,-9.550997,33.89133,shighland
TENGELEA,121448-5,public,Pwani,Mkuranga DC,-7.11354,39.16155,coastal
Tentula,107808-8,public,Rukwa,Sumbawanga DC,-8.428658,31.905157,shighland
TERASHO,123854-2,private,Manyara,Hanang DC,-4.52231,35.38162,northern
TERMINAL,123976-3,private,Dar Es Salaam,Ubungo MC,-6.79082,39.21433,coastal
TERRAT,107810-4,public,Manyara,Simanjiro DC,-3.88118,36.5877,northern
TERRAT,107809-6,public,Arusha,Arusha CC,-3.454225,36.652426,northern
TERRAT,121555-7,public,Manyara,Simanjiro DC,-3.89075,36.36478,northern
TETE,109163-6,public,Songwe,Songwe DC,-8.589708,33.112512,shighland
TEWE,107814-6,public,Tanga,Korogwe DC,-5.020225,38.457809,coastal
TEWE,107815-3,public,Tanga,Lushoto DC,-4.52084,38.34855,coastal
THAWI,107816-1,public,Dodoma,Kondoa DC,-4.39101,35.40531,central
THAWI JUU,111312-5,public,Dodoma,Kondoa DC,-4.70229,35.75929,central
THE AGA KHAN,112120-1,private,Tanga,Tanga CC,-5.07866,39.09809,coastal
THE AGA KHAN GEITA,120265-4,private,Geita,Geita TC,-2.88317,32.21615,lake
THE BEST CHOICE  EYE CENTRE-POSTA,121663-9,private,Dar Es Salaam,Ilala MC,,,coastal
THE BEST CHOICE EYE CENTRE,123753-6,private,Dar Es Salaam,Ilala MC,-6.49196,39.17074,coastal
THE CITIZEN,124317-9,private,Mwanza,Nyamagana MC,-2.50484,32.92457,lake
THE CURE,124107-4,private,Dar Es Salaam,Ilala MC,-6.80579,39.27609,coastal
THE DENTAL PLAZA LIMITED,111255-6,private,Arusha,Arusha CC,-3.40854,36.70658,northern
THE GREEN ZONE,112403-1,private,Iringa,Iringa MC,-7.78262,35.69599,shighland
THE HOME PEACE&LOVE,122465-8,private,Dar Es Salaam,Ubungo MC,,,coastal
THE MWALIMU NYERERE MEMORIAL ACADEMY,110697-0,public,Dar Es Salaam,Kigamboni MC,-6.828135,39.300157,coastal
THE MWALIMU NYERERE MEMORIAL ACADEMY,120429-6,public,Dar Es Salaam,Kigamboni MC,,,coastal
THE NEW MWANZA,120447-8,private,Mwanza,Ilemela MC,-2.483833,32.907558,lake
THE R.N. KITINYA MEMORIAL,111877-7,private,Shinyanga,Shinyanga MC,-3.68261,33.41909,lake
THE SON OF MERCY,114278-5,private,Dar Es Salaam,Ilala MC,-6.966344,39.094555,coastal
THE VILLAGE OF HOPE,108263-5,private,Dodoma,Dodoma CC,-6.15256,35.80828,central
THEMI,107817-9,public,Arusha,Arusha CC,-3.39838,36.70107,northern
THEMI YA SIMBA,107818-7,public,Arusha,Arusha DC,-3.58101,36.78534001,northern
THERESIA MEMORIAL MEDICALCARE,122803-0,private,Kilimanjaro,Hai DC,-3.26694,37.23402,northern
THEREZA MEMORIAL,124137-1,private,Kagera,Bukoba MC,-1.33797,31.80804,lake
THIKIA,115277-6,private,Dodoma,Dodoma CC,,,central
THYROCARE,123667-8,private,Dar Es Salaam,Kinondoni MC,-6.78399,39.25599,coastal
TIARA,122559-8,private,Dar Es Salaam,Kigamboni MC,-6.82194,39.30322,coastal
TIB,111943-7,private,Tanga,Tanga CC,-5.07875,39.09994,coastal
TIBA,123283-4,private,Morogoro,Kilosa DC,-7.34625,36.32827,coastal
TIBA HEALTH CARE,109837-5,private,Dar Es Salaam,Ilala MC,-6.80378,39.28118,coastal
TIBHOKI,114642-2,private,Mwanza,Nyamagana MC,-2.5241250776206,32.893937013641,lake
TICD,120481-7,public,Arusha,Meru DC,-3.37907,36.805229,northern
TIFFANY DENTAL,111829-8,private,Dar Es Salaam,Ilala MC,-6.81357,39.27316,coastal
TIKAYA,107826-0,private,Dar Es Salaam,Ilala MC,-6.9565,39.10846,coastal
TIMIBRA,112881-8,private,Morogoro,Morogoro MC,,,coastal
TINDE,107827-8,public,Shinyanga,Shinyanga DC,-3.87068,33.19547,lake
Tindiga,107828-6,public,Morogoro,Kilosa DC,-6.88092,37.07823,coastal
TINDIGANI,107829-4,public,Kilimanjaro,Hai DC,-3.432795,37.142162,northern
TINDIGANI MATERNITY HOME,107830-2,private,Kilimanjaro,Moshi MC,-3.38248,37.33911,northern
TINGATINGA,107832-8,public,Arusha,Longido DC,-2.977327,36.956906,northern
TINGI,110331-6,public,Lindi,Kilwa DC,-8.510234,39.255847,southern
TINGI,107833-6,private,Ruvuma,Nyasa DC,-11.31487,35.05787,shighland
TINGINYA,107835-1,public,Ruvuma,Tunduru DC,-10.78031,37.96217,shighland
TIP TOP,104288-6,private,Dar Es Salaam,Ubungo MC,-6.80078,39.2299,coastal
TITYE,107837-7,public,Kigoma,Kasulu DC,-4.675228,30.295053,central
TKS,107838-5,private,Dar Es Salaam,Kinondoni MC,-6.80089,39.25891,coastal
TKT MISSION,122586-1,private,Kilimanjaro,Moshi MC,-3.34931,37.33804,northern
TLAWI,107839-3,private,Manyara,Mbulu TC,-3.92112,35.4764,northern
TLOMA,107840-1,public,Arusha,Karatu DC,-3.311363,35.671239,northern
TM,107841-9,private,Dar Es Salaam,Ubungo MC,-6.808728,39.237493,coastal
TMC,107843-5,private,Tabora,Tabora MC,-5.02534,32.80729,central
TMC,107845-0,private,Katavi,Mpanda MC,-6.338681,31.077913,shighland
TMHS,120586-3,private,Dar Es Salaam,Kinondoni MC,-6.67326,39.38275,coastal
TMHS,121020-2,private,Dar Es Salaam,Ilala MC,,,coastal
TMJ,107850-0,private,Dar Es Salaam,Kinondoni MC,-6.76724,39.26077,coastal
TMJ,110556-8,private,Dar Es Salaam,Temeke MC,-6.83834,39.26898,coastal
TMRC LYOBAHIKA,111672-2,private,Geita,Bukombe DC,,,lake
TNJ HEALTH CARE,120389-2,private,Mwanza,Nyamagana MC,-2.62769,32.94244,lake
TOANGOMA,107855-9,public,Dar Es Salaam,Temeke MC,-6.93643,39.31157,coastal
TOBSONS,108647-9,private,Dar Es Salaam,Kinondoni MC,-6.6402,39.164,coastal
TOGO,112739-8,private,Morogoro,Ulanga DC,,,coastal
Togotwe,107856-7,public,Tanga,Bumbuli DC,-4.86861,38.4656,coastal
TOLOHA,107861-7,public,Kilimanjaro,Mwanga DC,-3.714991,37.790581,northern
TOMONI,107862-5,public,Pwani,Kibiti DC,-7.62926,39.167989,coastal
TONGA,124231-2,public,Pwani,Chalinze DC,-6.47447,38.32861,coastal
TONGONI,107863-3,public,Tanga,Tanga CC,-5.21242,39.05972,coastal
TONGWE,107865-8,public,Tanga,Muheza DC,-5.11442,38.71214,coastal
TONTELA,109892-0,public,Songwe,Momba DC,-8.680803,32.38723,shighland
TONY,113060-8,private,Njombe,Wanging'ombe DC,-8.89415,34.58055,shighland
TOREZA,122233-0,private,Mara,Tarime DC,-1.393826,34.64657,lake
TORINA,111151-7,private,Iringa,Kilolo DC,-7.63941,36.07793,shighland
TORONTO,123968-0,private,Shinyanga,Kahama MC,-3.87915,32.76304,lake
TORONTO,113835-3,public,Njombe,Njombe TC,-9.66441,35.12046,shighland
Tosamaganga,107867-4,private,Iringa,Iringa DC,-7.81133,35.60286,shighland
TOSAMAGANGA,121573-0,private,Iringa,Iringa DC,-7.81133,35.60286,shighland
TOTAL CARE,107868-2,private,Arusha,Arusha CC,-3.39064,36.70467,northern
TOTOWE,109187-5,public,Songwe,Songwe DC,-8.539012,32.943249,shighland
TOWERO,110227-6,public,Morogoro,Morogoro MC,-6.86581,37.66856,coastal
TOWN,111475-0,public,Katavi,Mpanda MC,-6.349445,31.066106,shighland
TOWN,107871-6,public,Tabora,Tabora MC,-5.02744,32.784,central
TOWN,107872-4,public,Lindi,Lindi MC,-9.99899,39.71491,southern
TPC,122584-6,private,Kilimanjaro,Moshi DC,-10.36348,37.36291,northern
TPC,107874-0,public,Kilimanjaro,Moshi DC,-3.52841,37.3242,northern
TRACY,114229-8,private,Dodoma,Dodoma CC,,,central
TRAFFIC POLICE,107878-1,public,Dar Es Salaam,Ilala MC,-6.82427,39.26481,coastal
TRAS,113652-2,private,Arusha,Arusha DC,-3.35326,36.69612,northern
TRC,107882-3,public,Morogoro,Morogoro MC,-6.8196,37.68085,coastal
TRECIOUS MEDICAL,123864-1,private,Pwani,Kibaha DC,-6.73513,38.73095,coastal
TREMON,122276-9,private,Dar Es Salaam,Kigamboni MC,-6.84732,39.35393,coastal
TREZIA SAMARITAN,109461-4,private,Mbeya,Chunya DC,-8.521804,33.414313,shighland
TRINITY,113392-5,private,Mwanza,Nyamagana MC,-2.60434,32.93215,lake
TRINITY,122012-8,private,Shinyanga,Kahama MC,,,lake
TRINITY,113528-4,private,Dar Es Salaam,Temeke MC,-6.88624,39.25735,coastal
TRINITY,122585-3,private,Kilimanjaro,Hai DC,-3.24025,37.21003,northern
TRINITY MEDICAL  LABORATORY,114371-8,private,Kagera,Bukoba MC,-1.32726,31.80676,lake
TRINITY MEDICAL LABORATORY,121956-7,private,Kagera,Bukoba MC,-1.33201,31.79292,lake
TRIPHONIA,114483-1,private,Dar Es Salaam,Ubungo MC,-6.816316,39.238167,coastal
TRIPLE J MEDICAL,124170-2,private,Shinyanga,Kishapu DC,-3.55041,33.56059,lake
TRIPLE N,124954-9,private,Dar Es Salaam,Ilala MC,-6.97872,39.08251,coastal
TRIPLE S,123268-5,private,Ruvuma,Songea MC,-10.67153,35.59932,shighland
TRIPPLE R MBWAMBO,122005-2,private,Pwani,Chalinze DC,-6.635111,38.167599,coastal
TRL,110838-0,public,Tabora,Tabora MC,-5.02092,32.82076,central
TRL,107881-5,public,Kigoma,Kigoma Ujiji MC,-4.896921,29.63241,central
TRN HEALTHCARE,124375-7,private,Dar Es Salaam,Temeke MC,-6.54521,39.16211,coastal
TROPICANA,113317-2,private,Mwanza,Nyamagana MC,-2.62787,32.94364,lake
TRS HEALTH CLUB,115115-8,private,Kagera,Bukoba MC,-1.32538,31.81135,lake
True,113544-1,private,Arusha,Arusha CC,-3.41618,36.65687,northern
TRUE TRUST,122036-7,private,Morogoro,Gairo DC,,,coastal
TRULAB-MATITU,120682-0,private,Dar Es Salaam,Temeke MC,-6.90319,39.28399,coastal
TRUST,114235-5,private,Dodoma,Dodoma CC,,,central
TRUST  PRINMAT,113419-6,private,Geita,Geita TC,-2.88332,32.22421,lake
TRUST AND WATER,122154-8,private,Singida,Singida MC,,,central
TRUST EYE CENTRE AND SERVICES,121637-3,private,Kilimanjaro,Moshi MC,,,northern
TRUST G'S HEALTH,123872-4,private,Dodoma,Dodoma CC,-6.23904,35.83498,central
TRUST GOD,107887-2,private,Shinyanga,Msalala DC,-3.24334,32.46102,lake
TRUST HEALTH LABORATORY,121612-6,private,Mwanza,Ilemela MC,-2.52272,32.94224,lake
TRUST HEALTHCARE,113840-3,private,Dar Es Salaam,Kigamboni MC,-6.88015,39.40936,coastal
Trust M&H,121373-5,private,Dodoma,Dodoma CC,,,central
TRUST MEDICAL,113757-9,private,Pwani,Kisarawe DC,-6.79179,39.01556,coastal
TRUSTED HEALTH LABORATORIES,121115-0,private,Dar Es Salaam,Ilala MC,,,coastal
TRUSTED HEALTH MEDICAL,125095-0,private,Mwanza,Nyamagana MC,-2.50965,32.91864,lake
TRUSTS,123287-5,private,Dar Es Salaam,Kinondoni MC,-6.35275,39.12176,coastal
TS EYE CARE,112938-6,private,Tanga,Tanga CC,,,coastal
TSAWA,107888-0,public,Manyara,Mbulu TC,-3.82175,35.62888,northern
TSUNNY,112047-6,private,Dar Es Salaam,Kinondoni MC,-6.66771,39.18812,coastal
TUBUGWE,107893-0,public,Dodoma,Kongwa DC,-6.35873,36.63004,central
TUDARCO,123077-0,private,Dar Es Salaam,Kinondoni MC,-6.76005,39.23225,coastal
TUKAMISASA,107894-8,public,Pwani,Chalinze DC,-6.52093,38.21369,coastal
TUKUSI,107895-5,public,Arusha,Monduli DC,-3.67907,36.6055,northern
TUKUWA,107896-3,private,Rukwa,Sumbawanga DC,-7.68126,31.56034,shighland
TUKUWA ANNEX,111740-7,private,Rukwa,Sumbawanga DC,-7.50239,31.43508,shighland
TUKUYU,107897-1,public,Mbeya,Rungwe DC,-9.268476,33.640405,shighland
TUKUYU LUTHERAN,107898-9,private,Mbeya,Rungwe DC,-9.25196,33.64284,shighland
TUKUZI,107900-3,public,Ruvuma,Mbinga TC,-11.00331,34.93481,shighland
TULASHASHE,111467-7,private,Rukwa,Kalambo DC,-8.1734,31.312,shighland
TULASHASHE,113021-0,private,Kigoma,Kigoma Ujiji MC,-4.87908,29.63091,central
TULASHASHE,123841-9,private,Tabora,Nzega TC,-4.2316,33.2046,central
TULIANI KWACHAGA,111805-8,public,Tanga,Handeni DC,-5.651914,38.166269,coastal
TULIENI,107902-9,public,Ruvuma,Tunduru DC,-10.96973,37.75434,shighland
TULIENI,107901-1,public,Lindi,Lindi MC,-10.05591,39.63016,southern
TULIENI,121398-2,public,Mtwara,Newala DC,-10.71252,39.44892,southern
TULIENI,123149-7,public,Singida,Itigi DC,-6.14756,34.01352,central
TULIZO,107903-7,public,Mtwara,Masasi DC,-10.45696,39.09282,southern
TULO,110398-5,public,Morogoro,Morogoro DC,-7.23648,37.91635,coastal
TULYA,107906-0,private,Singida,Iramba DC,-4.12574,34.3315,central
TUMAIN,124413-6,private,Mwanza,Ilemela MC,-2.39166,33.07996,lake
TUMAIN,123482-2,private,Mtwara,Mtwara MC,-10.30312,40.17547,southern
TUMAINI,110103-9,private,Kagera,Muleba DC,-2.1394797,31.8193736,lake
TUMAINI,107915-1,private,Dodoma,Kongwa DC,-6.082198,36.645754,central
TUMAINI,107922-7,private,Kigoma,Kigoma DC,-4.60197,29.64129,central
TUMAINI,107918-5,private,Njombe,Njombe TC,-9.33189,34.76761,shighland
TUMAINI,109787-2,private,Geita,Mbogwe DC,-3.64631,32.162598,lake
TUMAINI,107921-9,private,Kagera,Biharamulo DC,-3.03719,31.2224,lake
TUMAINI,113102-8,private,Simiyu,Bariadi TC,-2.80033,33.98984,lake
TUMAINI,107924-3,private,Arusha,Meru DC,-3.3725,36.81893,northern
TUMAINI,114260-3,private,Dar Es Salaam,Ubungo MC,,,coastal
TUMAINI,123682-7,private,Simiyu,Maswa DC,-3.13989,33.52482,lake
TUMAINI,122158-9,private,Dodoma,Kondoa TC,,,central
TUMAINI,122782-6,private,Rukwa,Nkasi DC,,,shighland
Tumaini,123913-6,private,Simiyu,Busega DC,,,lake
TUMAINI,107909-4,private,Ruvuma,Songea MC,-10.67709,35.64922,shighland
TUMAINI,107926-8,private,Kilimanjaro,Same DC,-4.06649,37.73825,northern
TUMAINI,111001-4,private,Dodoma,Kondoa TC,-4.90754,35.78773,central
TUMAINI,113091-3,private,Ruvuma,Namtumbo DC,,,shighland
TUMAINI,112089-8,private,Mbeya,Kyela DC,-9.57361,33.77736,shighland
TUMAINI,113624-1,private,Dodoma,Mpwapwa DC,-6.34813,36.49029,central
TUMAINI,107912-8,private,Tanga,Tanga CC,-5.07139,39.08573,coastal
TUMAINI,107913-6,private,Arusha,Karatu DC,-3.43921,35.66995,northern
TUMAINI,109266-7,public,Manyara,Hanang DC,-4.52013,35.39999,northern
TUMAINI,114228-0,private,Dodoma,Dodoma CC,,,central
TUMAINI,114446-8,private,Tabora,Nzega TC,-4.2195,33.1902,central
TUMAINI,114471-6,private,Kagera,Muleba DC,-2.10312,31.48954,lake
TUMAINI,107929-2,private,Songwe,Mbozi DC,-9.02074,32.99891,shighland
TUMAINI,107917-7,private,Mtwara,Masasi DC,-10.52722,38.96964,southern
TUMAINI,114691-9,private,Simiyu,Busega DC,-2.24834,33.848313,lake
TUMAINI,104703-4,private,Katavi,Mpimbwe DC,-7.24733,31.39041,shighland
TUMAINI,107935-9,private,Arusha,Meru DC,-3.369636,37.062635,northern
TUMAINI,121624-1,private,Morogoro,Ifakara TC,,,coastal
TUMAINI,122050-8,private,Arusha,Karatu DC,,,northern
TUMAINI,121908-8,private,Singida,Manyoni DC,,,central
TUMAINI,123210-7,private,Tabora,Igunga DC,-4.29022,33.88421,central
TUMAINI JIPYA,107930-0,private,Iringa,Mafinga TC,-8.30157,35.30216,shighland
TUMAINI JIPYA,122120-9,private,Njombe,Ludewa DC,,,shighland
TUMAINI JIPYA,124068-8,private,Katavi,Mpanda MC,,,shighland
TUMAINI JIPYA,112753-9,private,Morogoro,Ulanga DC,-8.89713,36.71682,coastal
TUMAINI LAWATE,107932-6,private,Kilimanjaro,Siha DC,-3.22878,37.09917,northern
TUMAINI LETU BAKWATA,112444-5,private,Dar Es Salaam,Temeke MC,-6.94359,39.21492,coastal
TUMAINI MATUI,123586-0,private,Manyara,Kiteto DC,-5.38883,37.43662,northern
TUMAINI MEDICAL,122982-2,private,Dar Es Salaam,Temeke MC,-6.91861,39.27271,coastal
TUMAINI MEDICAL,121974-0,private,Dar Es Salaam,Ubungo MC,-6.48536,39.14213,coastal
TUMAINI MISSION,107933-4,private,Dar Es Salaam,Temeke MC,-6.95262,39.28305,coastal
TUMAINI MKATA,121243-0,private,Tanga,Handeni DC,-5.78478,38.28863,coastal
TUMAINI NYIHONGO MAABARA,124921-8,private,Shinyanga,Kahama MC,-3.82137,32.60394,lake
TUMAINI OBGY,112051-8,private,Mbeya,Mbeya CC,-8.90401,33.44215,shighland
TUMAINI UNIVERSITY MAKUMIRA,109652-8,private,Arusha,Meru DC,-3.36884,36.82861,northern
TUMAINI WAZAZI,112428-8,private,Shinyanga,Ushetu DC,-4.05031,32.0163,lake
TUMAINI WAZAZI,123168-7,private,Shinyanga,Kahama MC,-3.80597,32.60556,lake
TUMAINIJEMA,111967-6,private,Arusha,Arusha DC,-3.35025,36.64896,northern
TUMANYENE,114254-6,private,Pwani,Mkuranga DC,-7.00763,39.31494,coastal
TUMAPA,112782-8,private,Dodoma,Dodoma CC,-6.14618,35.7393,central
TUMATI,107936-7,public,Manyara,Mbulu DC,-4.04243,35.41969,northern
TUMBAKOSE,107937-5,public,Dodoma,Chemba DC,-5.41217,35.697426,central
TUMBI,107939-1,public,Ruvuma,Nyasa DC,-11.038141,34.62094,shighland
TUMBI,107942-5,public,Pwani,Kibaha TC,-6.784671,38.970903,coastal
TUMBI,107941-7,public,Tabora,Tabora MC,-5.07511,32.69651,central
TUMBI,107940-9,public,Tabora,Nzega DC,-4.606814,33.300288,central
TUMBILI,107944-1,public,Tabora,Sikonge DC,-5.46077,32.7715,central
TUMBO,124911-9,private,Simiyu,Bariadi TC,-2.81144,33.98293,lake
TUMSIFU,112770-3,private,Dodoma,Dodoma CC,-6.1808,35.74404,central
TUMUSIIME,123261-0,private,Kagera,Bukoba MC,-1.30522,31.77882,lake
TUNAJALI,114835-2,private,Pwani,Kibaha TC,-6.75495,38.93271,coastal
TUNAJALI,121289-3,private,Ruvuma,Songea MC,-10.677455,35.638195,shighland
TUNAJALI HEALTHCARE,125203-0,private,Ruvuma,Songea MC,-10.61559,35.65378,shighland
TUNAJALI MEDICAL,123291-7,private,Dar Es Salaam,Ubungo MC,-6.80042,39.20051,coastal
TUNDA LA ROHO,113955-9,private,Shinyanga,Ushetu DC,-4.21222,32.12322,lake
TUNDU,123813-8,public,Pwani,Mkuranga DC,-7.23167,39.05297,coastal
Tunduma,113074-9,public,Songwe,Tunduma TC,-9.31248,32.76487,shighland
TUNDUMA,108850-9,public,Songwe,Tunduma TC,-9.301648,32.763672,shighland
Tunduma TC,124827-7,public,Songwe,Tunduma TC,,,shighland
TUNDUMA WELLNESS,121340-4,private,Songwe,Tunduma TC,-9.2618,32.83017,shighland
TUNDURU,110950-3,private,Ruvuma,Tunduru DC,-11.04489,37.33299,shighland
TUNDURU,107946-6,public,Ruvuma,Tunduru DC,-11.04982,37.33648,shighland
Tunduru DC,124799-8,public,Ruvuma,Tunduru DC,,,shighland
TUNDURU YA LEO,107947-4,public,Lindi,Nachingwea DC,-10.3838,38.75685,southern
TUNDWI SONGANI,107948-2,public,Dar Es Salaam,Kigamboni MC,-7.10062,39.43264,coastal
TUNGAMALENGA GVT,107949-0,public,Iringa,Iringa DC,-7.83071,35.10007,shighland
TUNGAMALENGA LUTHERAN,107950-8,private,Iringa,Iringa DC,-7.83878,35.09666,shighland
TUNGULI,107952-4,private,Tanga,Kilindi DC,-5.94306,37.27343,coastal
TUNGUTUNGU,115012-7,public,Pwani,Bagamoyo DC,-6.57718,39.08501,coastal
Tunko,107953-2,public,Rukwa,Sumbawanga DC,-8.675392,32.16539,shighland
TUNUNGUO,110421-5,public,Morogoro,Morogoro DC,-7.0452,37.9578,coastal
TUNYENYE,107955-7,public,Mwanza,Sengerema DC,-2.7424,32.65101,lake
TUOMBE MUNGU,107956-5,public,Tabora,Kaliua DC,-5.09347,31.7073,central
TUPA,123275-0,private,Tanga,Tanga CC,-5.09673,39.12099,coastal
TUPENDANE,107957-3,public,Singida,Ikungi DC,-5.23838,34.92112,central
TUPENDANE,113615-9,public,Mtwara,Newala TC,,,southern
TUPONEGE,123924-3,private,Morogoro,Morogoro MC,,,coastal
TURA,107958-1,public,Tabora,Uyui DC,-5.49548,33.8428,central
TURA,121749-6,public,Tabora,Uyui DC,-5.29102,33.50432,central
TURIANI,108485-4,public,Morogoro,Mvomero DC,-6.14407,37.59172,coastal
TURIANI,107959-9,private,Morogoro,Mvomero DC,-6.138443,37.612225,coastal
TURUGETI,123151-3,public,Mara,Tarime DC,-1.28479,34.43254,lake
TURUKI,121864-3,public,Lindi,Liwale DC,-9.90065,37.88109,southern
TUSHABE,122660-4,private,Mwanza,Nyamagana MC,-2.52104,32.90994,lake
TUTU,123823-7,public,Singida,Iramba DC,-4.29453,34.44533,central
TUTUO,122209-0,private,Tabora,Sikonge DC,-5.49081,32.67483,central
Tutuo SDA,107962-3,private,Tabora,Sikonge DC,-5.48142,32.66222,central
TUWAENZI WAZEE,110306-8,private,Morogoro,Morogoro MC,-6.82707,37.68178,coastal
TUWEMACHO,111930-4,public,Ruvuma,Tunduru DC,-11.11217,37.39041,shighland
TWABAGONDOZI,107963-1,public,Kigoma,Kibondo DC,-3.5625,30.7341,central
TWAKE,113355-2,private,Mwanza,Nyamagana MC,-2.544645,32.9826367,lake
TWASALIE,107964-9,public,Pwani,Kibiti DC,-7.96994,39.3524,coastal
Twatwatwa,107965-6,public,Morogoro,Kilosa DC,-6.75631,37.31127,coastal
TWAZI,125149-5,private,Kilimanjaro,Same DC,-4.22884,38.03588,northern
TWENDEMBELE,107966-4,public,Ruvuma,Tunduru DC,-10.71561,37.17081,shighland
TWICA,124528-1,private,Dar Es Salaam,Ilala MC,-6.82435,39.18863,coastal
TWIGA OPTICAL,112893-3,private,Kilimanjaro,Moshi MC,,,northern
TWINS,113173-9,private,Shinyanga,Shinyanga MC,-3.67614,33.43713,lake
TWINS,114273-6,private,Morogoro,Morogoro MC,,,coastal
TWINS,124013-4,private,Morogoro,Morogoro MC,,,coastal
TWO HD,123284-2,private,Morogoro,Morogoro MC,-6.80887,37.63591,coastal
TWO WAYS,113613-4,private,Geita,Nyang'hwale DC,-3.20237,32.65012,lake
TYEGELO,107968-0,public,Singida,Iramba DC,-4.07007,34.49331,central
TYEME,107969-8,private,Singida,Iramba DC,-4.45174,34.23207,central
TYMA BUBUBU,110699-6,private,Dar Es Salaam,Temeke MC,-6.868252,39.255867,coastal
UBAGWE,107987-0,public,Shinyanga,Ushetu DC,-4.13831,32.0503,lake
UBARIKIWE,122804-8,private,Mbeya,Mbarali DC,,,shighland
UBARUKU,107988-8,public,Mbeya,Mbarali DC,-8.66668,34.316678,shighland
UBENA ESTATE,107990-4,public,Pwani,Chalinze DC,-6.62276,38.1962,coastal
UBENA PRISON,107991-2,public,Pwani,Chalinze DC,-6.63529,38.1669,coastal
UBENA ZOMOZI,108502-6,public,Pwani,Chalinze DC,-6.63462,38.17323,coastal
UBETU,107992-0,public,Kilimanjaro,Rombo DC,-3.05331,37.571436,northern
UBINGA,107993-8,public,Tabora,Nzega DC,-4.4511,33.3044,central
Ubungo MC,124652-9,public,Dar Es Salaam,Ubungo MC,,,coastal
UBWARI,107999-5,public,Tanga,Muheza DC,-5.16715,38.78128,coastal
UCHAMA,123314-7,public,Tabora,Nzega TC,-4.01712,33.01711,central
UCHAMA,123281-8,private,Tabora,Nzega TC,-4.18954,33.18255,central
UCHINDILE,108000-1,public,Morogoro,Mlimba DC,-8.7721,35.4101,coastal
UCHINDILE,123075-4,public,Morogoro,Mlimba DC,-8.7722,,coastal
UCHIRA GVT.,108486-2,public,Kilimanjaro,Moshi DC,-3.39633,37.48042,northern
UCHUNGA,108003-5,public,Shinyanga,Kishapu DC,-3.59827,33.76324,lake
UDAGAJI,111040-2,public,Morogoro,Mlimba DC,-8.593724,35.900962,coastal
UDEKWA,108007-6,public,Iringa,Kilolo DC,-7.75473,36.38931,shighland
UDINDE,108008-4,public,Songwe,Songwe DC,-8.10128,32.6175,shighland
UDIZUNGWA,123717-1,private,Mara,Tarime DC,-1.46813,34.52371,lake
UDOM,108009-2,public,Dodoma,Dodoma CC,-6.214189,35.796102,central
UDONJA,108010-0,public,Njombe,Wanging'ombe DC,-8.961672,34.685576,shighland
UDSM,108106-6,public,Dar Es Salaam,Ubungo MC,-6.77922,39.20814,coastal
UDUMKA,108011-8,public,Iringa,Iringa DC,-8.18316,35.53858,shighland
UFANA,108013-4,public,Manyara,Babati DC,-4.244761,35.361191,northern
UFIPA,108015-9,private,Rukwa,Sumbawanga MC,-7.961372,31.614635,shighland
UFIPA,122092-0,private,Dar Es Salaam,Ilala MC,,,coastal
UFIPA 02,123523-3,private,Dar Es Salaam,Ilala MC,-7.00538,39.07902,coastal
UFUFUO,110959-4,private,Kagera,Bukoba MC,-1.35363,31.79618,lake
UFUKONI,108016-7,public,Mtwara,Mtwara MC,-10.30724,40.16139,southern
UFULUMA,108017-5,public,Tabora,Uyui DC,-4.98108,32.3872,central
UFUNUO,110606-1,private,Dar Es Salaam,Ilala MC,-6.93838,39.18037,coastal
UFUNUO,122534-1,private,Mara,Tarime TC,-1.33929,34.38001,lake
UFYAMBE,122493-0,public,Iringa,Iringa DC,-8.08325,35.24001,shighland
UGABWA,108018-3,private,Njombe,Makete DC,-9.32237,34.13546,shighland
UGABWA,113694-4,public,Njombe,Makete DC,-9.32227,34.13571,shighland
UGAKA,108019-1,public,Tabora,Igunga DC,-4.37166,33.50116,central
UGALLA,108020-9,public,Katavi,Nsimbo DC,-5.78668,31.16353,shighland
UGANDILWA,124372-4,public,Mbeya,Mbarali DC,-8.74442,33.90861,shighland
UGANGA,108021-7,public,Njombe,Makete DC,-9.419332,34.145209,shighland
UGANO,108022-5,public,Ruvuma,Mbinga DC,-11.125868,34.821289,shighland
UGANSA,123835-1,public,Tabora,Kaliua DC,-5.05215,31.33377,central
UGEMBE,108023-3,public,Tabora,Nzega DC,-4.595484,32.971706,central
UGENZA,108024-1,public,Iringa,Mufindi DC,-8.33373,34.9525,shighland
UGESA,108025-8,public,Iringa,Mufindi DC,-8.27706,35.6018,shighland
UGHANDI,108026-6,public,Singida,Singida DC,-4.57054,34.72808,central
UGHANDI B,114036-7,public,Singida,Singida DC,-4.59764,34.72814,central
UGHAUGHA,113109-3,public,Singida,Singida MC,-4.90496,34.83833,central
UGOGONI,108027-4,public,Dodoma,Kongwa DC,-6.197958,36.420953,central
UGOWOLA,108028-2,public,Tabora,Uyui DC,-4.96703,32.35093,central
UHAFIWA,108030-8,public,Iringa,Mufindi DC,-8.50267,35.845,shighland
UHAI,121879-1,private,Dodoma,Kondoa TC,,,central
UHAI,124396-3,private,Dodoma,Dodoma CC,-6.13979,35.81971,central
UHAI BAPTIST,108032-4,private,Mbeya,Kyela DC,-9.41609,33.951742,shighland
UHAI BAPTIST,108033-2,private,Mbeya,Mbeya CC,-8.90809,33.46854,shighland
UHAKIKA,121977-3,private,Dar Es Salaam,Ilala MC,-6.92152,39.20386,coastal
UHAMAKA,108034-0,public,Singida,Singida MC,-4.736931,34.669771,central
UHAMBILA,111832-2,public,Iringa,Mufindi DC,-8.17806,35.1459,shighland
UHAMBINGETO,108035-7,private,Iringa,Kilolo DC,-7.55324,35.94819,shighland
UHAMBULE,108036-5,public,Mbeya,Mbarali DC,-8.82445,33.85182,shighland
UHAMBULE,108037-3,public,Njombe,Wanging'ombe DC,-8.88367,34.7162,shighland
UHASIBU,108038-1,public,Singida,Singida MC,-4.79651,34.71965,central
UHAZILI,109865-6,public,Tabora,Tabora MC,-5.025807,32.812727,central
UHEKULE,108039-9,public,Njombe,Wanging'ombe DC,-9.371744,34.55842,shighland
UHELELA,121410-5,public,Dodoma,Bahi DC,-5.90676,35.27831,central
UHEMELI,108040-7,public,Tabora,Nzega DC,-4.788139,33.245797,central
UHENGA,110867-9,public,Njombe,Wanging'ombe DC,-8.74164,34.71364,shighland
Uhondi,122064-9,private,Dar Es Salaam,Kinondoni MC,,,coastal
UHURU,113191-1,private,Tabora,Tabora MC,-5.01653,32.83826,central
UHURU,108543-0,public,Morogoro,Morogoro MC,-6.82517,37.66573,coastal
UHURU,113910-4,public,Tabora,Urambo DC,-5.07194,31.88749,central
UHURU BAKWATA,100284-9,private,Shinyanga,Shinyanga MC,-3.67147,33.42593,lake
UHUSU,125100-8,private,Morogoro,Mlimba DC,-8.32289,36.12806,coastal
UJAIRE,111692-0,public,Singida,Ikungi DC,-5.090431,34.89108,central
UJENZI MKOA,110811-7,public,Morogoro,Morogoro MC,-6.81666,37.65799,coastal
UJIJI,108046-4,public,Kigoma,Kigoma Ujiji MC,-4.916447,29.681303,central
UJIJI CENTRE,114467-4,private,Kigoma,Kigoma Ujiji MC,-4.911812,29.677113,central
UJINDILE,108047-2,public,Njombe,Wanging'ombe DC,-9.243634,34.503301,shighland
UJUNGU,108048-0,public,Singida,Iramba DC,-4.56622,34.10428,central
UJUNI,108049-8,public,Njombe,Makete DC,-9.128895,34.014729,shighland
UKALAWA,108050-6,public,Njombe,Njombe DC,-9.15938,35.29326,shighland
UKAMI,108051-4,public,Iringa,Mufindi DC,-8.55217,35.8173,shighland
UKANGE,108052-2,public,Njombe,Makete DC,,,shighland
UKARIMU,113856-9,private,Morogoro,Gairo DC,-6.13867,36.87598,coastal
UKENYENGE MENNONITE,108352-6,private,Shinyanga,Kishapu DC,-3.68041,33.67255,lake
Ukerewe DC,124768-3,public,Mwanza,Ukerewe DC,,,lake
UKINGWAMINZI,121605-0,public,Katavi,Mpimbwe DC,-7.17112,31.28815,shighland
UKIRIGURU,108054-8,public,Mwanza,Misungwi DC,-2.71256,33.02576,lake
UKIWAYUYU,120323-1,public,Ruvuma,Namtumbo DC,-10.35361,36.03001,shighland
UKOMBOZI,111939-5,private,Dar Es Salaam,Ubungo MC,-6.73578,39.12332,coastal
UKOMBOZI,108055-5,private,Mara,Bunda TC,-2.04385,33.87136,lake
UKONDAMOYO,114946-7,public,Tabora,Urambo DC,-5.08111,32.07477,central
UKONGA CHUO CHA MAAFISA MAGEREZA,110586-5,public,Dar Es Salaam,Ilala MC,-6.88259,39.18215,coastal
UKONGA MAGEREZA,103950-2,public,Dar Es Salaam,Ilala MC,-6.874661,39.179557,coastal
UKONGA PRISONS GENERAL   (UPGH),123135-6,public,Dar Es Salaam,Ilala MC,-6.88804,39.17875,coastal
UKUMBI,108061-3,public,Iringa,Kilolo DC,-8.10321,35.72459,shighland
UKUMBISIGANGA,108062-1,public,Tabora,Kaliua DC,-5.49641,31.5133,central
UKUNE,108063-9,public,Shinyanga,Ushetu DC,-4.02176,32.52416,lake
UKWAMA,108065-4,public,Njombe,Makete DC,-9.45342,34.217715,shighland
UKWANGA,114965-7,public,Tabora,Urambo DC,-4.82714,32.19399,central
UKWAVILA,108067-0,public,Mbeya,Mbarali DC,-8.713735,34.158419,shighland
UKWEGA,108068-8,public,Iringa,Kilolo DC,-7.93645,36.10157,shighland
ULAI,108069-6,public,Lindi,Nachingwea DC,-10.28245,38.64693,southern
ULAMAA   CENTRE,124113-2,private,Kilimanjaro,Moshi DC,-10.09887,37.52176,northern
ULAMBONI,123146-3,public,Ruvuma,Namtumbo DC,-10.96635,36.06041,shighland
Ulanga DC,124749-3,public,Morogoro,Ulanga DC,,,coastal
ULAYA,111204-4,public,Tabora,Igunga DC,-4.384666,33.429432,central
Ulaya,108070-4,public,Morogoro,Kilosa DC,-7.06863,36.90448,coastal
ULAYA MBUYUNI,124235-3,public,Morogoro,Kilosa DC,-7.04469,36.91431,coastal
Uleling'ombe,108072-0,public,Morogoro,Kilosa DC,-7.11428,36.5867,coastal
ULEMBWE,108073-8,public,Njombe,Wanging'ombe DC,-9.312146,34.636394,shighland
ULEMO,108074-6,public,Singida,Iramba DC,-4.41143,34.3982,central
ULENJE,108075-3,public,Mbeya,Mbeya DC,-8.94409,33.67279,shighland
ULETE,109773-2,private,Iringa,Iringa DC,-8.12184,35.39774,shighland
ULINDWANONI,108077-9,public,Tabora,Kaliua DC,-5.04104,31.73612,central
ULIWA,123433-5,public,Njombe,Njombe TC,-9.52514,34.86426,shighland
ULOLE,111557-5,public,Iringa,Mafinga TC,-8.324593,35.250043,shighland
ULOWA,108080-3,public,Shinyanga,Ushetu DC,-4.20947,32.13191,lake
ULUGURU,105515-1,private,Morogoro,Morogoro MC,-6.83034,37.66262,coastal
ULUMI,108083-7,public,Rukwa,Kalambo DC,-8.72775,31.72341,shighland
ULUMI MISSION,108084-5,private,Rukwa,Kalambo DC,-8.72597,31.72782,shighland
ULYAMPITI,110904-0,public,Singida,Ikungi DC,-5.20343,34.78604,central
ULYANKULU,108085-2,public,Tabora,Kaliua DC,-4.65372,32.174,central
UMANDA,101527-0,public,Tabora,Tabora MC,-4.86214,32.66372,central
UMATI,108089-4,private,Dodoma,Dodoma CC,-6.16308,35.739125,central
UMATI,108091-0,private,Ruvuma,Mbinga TC,-10.94558,34.9913,shighland
UMATI,109130-5,private,Ruvuma,Songea MC,-10.67414,35.66036,shighland
UMATI CLINIC,108094-4,private,Morogoro,Morogoro MC,-6.83123,37.65574,coastal
UMBA,113239-8,private,Tanga,Muheza DC,-5.16163,38.89313,coastal
UMBOGO,123919-3,public,Shinyanga,Msalala DC,-3.38537,32.45383,lake
UMBWE,108095-1,public,Kilimanjaro,Moshi DC,-3.22904,37.27554,northern
UMBWE RC,109569-4,private,Kilimanjaro,Moshi DC,-3.22786,37.27631,northern
UMOJA,108100-9,private,Tabora,Tabora MC,-5.020581,32.80231,central
UMOJA,111944-5,private,Tanga,Tanga CC,-5.07359,39.10402,coastal
UMOJA,114358-5,private,Mara,Serengeti DC,-1.83891,34.67612,lake
UMOJA,111706-8,private,Pwani,Kibaha DC,-6.70821,38.74126,coastal
UMOJA,108101-7,public,Mtwara,Mtwara MC,-10.26841,40.18983,southern
UMOJA,123688-4,private,Tabora,Kaliua DC,-5.05735,31.79777,central
UMOJA,121619-1,public,Arusha,Arusha DC,-3.33814,36.741954,northern
UMOJA,123164-6,private,Pwani,Chalinze DC,-6.65468,38.35822,coastal
UMOJA,124870-7,private,Dodoma,Mpwapwa DC,-6.70001,36.60001,central
UMOJA KIVULE,122788-3,private,Dar Es Salaam,Ilala MC,-6.94211,39.17809,coastal
UMOJA NGERENGERE,111046-9,private,Morogoro,Morogoro DC,-6.762155,38.127579,coastal
UMWEKATI,122375-9,public,Pwani,Rufiji DC,-7.99178,38.75392,coastal
UNANGO,108104-1,public,Ruvuma,Mbinga DC,-10.92988,34.89194,shighland
UNDOMO,108105-8,public,Tabora,Nzega TC,-4.143073,33.214886,central
UNHEALTH,108889-7,private,Mwanza,Nyamagana MC,-2.520986,32.90994,lake
Unicare,121318-0,private,Dar Es Salaam,Kinondoni MC,,,coastal
UNIFA KEKO MWANGA,125103-2,private,Dar Es Salaam,Temeke MC,-6.83629,39.27806,coastal
UNIQUE,110977-6,private,Rukwa,Sumbawanga MC,-7.95937,31.61506,shighland
UNIQUE,123734-6,private,Dar Es Salaam,Ilala MC,-6.80391,39.27867,coastal
UNIQUE HEALTH,124442-5,private,Dar Es Salaam,Ilala MC,-6.80391,39.27866,coastal
UNITY,112765-3,private,Dodoma,Dodoma CC,-6.17841,35.73981,central
UNIVERSITY OF DODOMA,122532-5,public,Dodoma,Dodoma CC,,,central
Unone,108107-4,public,Morogoro,Kilosa DC,-6.5959,37.0767,coastal
UNUNIO,108108-2,public,Dar Es Salaam,Kinondoni MC,-6.63164,39.17941,coastal
UNYAMBWA,108109-0,public,Singida,Singida MC,-4.80724,34.81425,central
UNYAMBWA,122613-3,public,Singida,Singida MC,-4.82734,34.81448,central
UNYAMIKUMBI,108110-8,public,Singida,Singida MC,-4.8996,34.80026,central
UNYAMPANDA,122382-5,public,Singida,Singida DC,-4.81035,34.74151,central
UNYANGALA,108111-6,public,Njombe,Makete DC,-9.400384,34.043797,shighland
UNYANGOGO,115310-5,public,Njombe,Makete DC,-9.24887,34.03095,shighland
UNYANKANYA,108112-4,public,Singida,Ikungi DC,-4.87353,34.88137,central
UNYIANGA,122618-2,public,Singida,Singida MC,-4.87954,34.71054,central
UOMBONI,108524-0,private,Kilimanjaro,Moshi DC,-3.25651,37.48836,northern
UPAMBO,124064-7,public,Tabora,Nzega DC,-4.33058,32.95239,central
UPAMI,109751-8,public,Njombe,Njombe DC,-9.058662,34.906498,shighland
UPANGA,112764-6,private,Dar Es Salaam,Ilala MC,-6.80591,39.27467,coastal
UPANGA,121027-7,private,Mtwara,Masasi TC,-10.73871,38.80668,southern
UPANGA EYE CENTRE (T) LIMITED,112780-2,private,Dar Es Salaam,Ilala MC,-6.80591,39.27467,coastal
UPANGWA,112654-9,private,Morogoro,Kilosa DC,-6.38543,37.34113,coastal
UPARO,108114-0,private,Kilimanjaro,Moshi DC,-3.35987,37.46172,northern
UPENDANO,108131-4,private,Dar Es Salaam,Temeke MC,-6.85253,39.26484,coastal
UPENDO,111283-8,private,Tanga,Korogwe DC,-4.88758,38.29109,coastal
UPENDO,113346-1,private,Mwanza,Ilemela MC,-2.30847,32.58409,lake
UPENDO,113431-1,private,Dar Es Salaam,Ilala MC,,,coastal
UPENDO,113131-7,private,Singida,Singida MC,-4.83484,34.75476,central
UPENDO,112182-1,private,Tabora,Igunga DC,-4.16461,33.52552,central
UPENDO,112529-3,private,Tabora,Tabora MC,,,central
UPENDO,113347-9,private,Mwanza,Ilemela MC,-2.50484,32.93147,lake
UPENDO,113859-3,private,Kilimanjaro,Moshi DC,-3.30782,37.34208,northern
UPENDO,114236-3,private,Dodoma,Dodoma CC,,,central
UPENDO,114283-5,private,Morogoro,Ifakara TC,,,coastal
UPENDO,114416-1,private,Pwani,Kibaha TC,,,coastal
UPENDO,114957-4,public,Tabora,Urambo DC,-5.22354,32.25198,central
UPENDO,108137-1,private,Kilimanjaro,Rombo DC,-2.99814,37.5639,northern
UPENDO,122080-5,private,Manyara,Mbulu DC,-4.07296,35.36469,northern
UPENDO,122836-0,public,Iringa,Mafinga TC,-8.28341,35.30321,shighland
Upendo,123438-4,private,Morogoro,Mlimba DC,,,coastal
UPENDO,108119-9,private,Arusha,Meru DC,-3.373487,36.784873,northern
UPENDO,109161-0,public,Mbeya,Chunya DC,-8.255657,33.249471,shighland
UPENDO,112655-6,private,Morogoro,Morogoro MC,,,coastal
UPENDO,113068-1,private,Ruvuma,Nyasa DC,-11.10099,34.64489,shighland
UPENDO,113185-3,private,Tabora,Nzega TC,-4.2201,33.1841,central
UPENDO,113046-7,private,Kagera,Muleba DC,-1.84111,31.65592,lake
UPENDO,108122-3,private,Kilimanjaro,Hai DC,-3.33401,37.14701,northern
UPENDO,114081-3,private,Songwe,Mbozi DC,-9.04632,32.98158,shighland
UPENDO,108118-1,private,Arusha,Arusha CC,-3.360182,36.696237,northern
UPENDO,111315-8,private,Pwani,Kibaha DC,-6.72958,38.73971,coastal
UPENDO,108121-5,private,Kigoma,Kigoma Ujiji MC,-4.881117,29.63279,central
UPENDO,111038-6,private,Morogoro,Mlimba DC,-8.92861,35.82456,coastal
UPENDO,120409-8,private,Singida,Iramba DC,,,central
UPENDO,121752-0,private,Mtwara,Mtwara MC,-10.26046,40.03469,southern
UPENDO,121350-3,private,Shinyanga,Ushetu DC,-4.20663,32.656628,lake
UPENDO,121246-3,private,Morogoro,Ulanga DC,,,coastal
UPENDO,122945-9,private,Kilimanjaro,Moshi DC,,,northern
upendo,121958-3,private,Pwani,Chalinze DC,-6.364878,38.574665,coastal
UPENDO,122588-7,private,Katavi,Mpanda MC,-6.33835,31.06924,shighland
UPENDO,123891-4,private,Tabora,Uyui DC,-4.85796,32.23762,central
Upendo,121916-1,private,Ruvuma,Songea MC,,,shighland
Upendo,122811-3,private,Ruvuma,Madaba DC,,,shighland
UPENDO,123863-3,private,Kagera,Missenyi DC,-1.13111,31.24291,lake
UPENDO - KASANDA,108130-6,private,Kigoma,Kakonko DC,-3.3807,30.8796,central
UPENDO .,111689-6,private,Njombe,Makambako TC,-8.86174,34.82988,shighland
UPENDO AFYA,122720-6,private,Pwani,Kibaha TC,-6.76025,38.93592,coastal
UPENDO CRCT,108133-0,private,Arusha,Karatu DC,-3.518781,35.335911,northern
UPENDO HEALTH,124119-9,private,Mbeya,Kyela DC,-9.49238,33.03828,shighland
UPENDO HEALTH MEDICAL,121999-7,private,Mtwara,Nanyumbu DC,-10.93948,38.37912,southern
UPENDO IKUNDA,108134-8,private,Dar Es Salaam,Kinondoni MC,-6.61572,39.09556,coastal
UPENDO MAM,110638-4,private,Dar Es Salaam,Temeke MC,-6.889744,39.281703,coastal
UPENDO MATERNITY HOME,111354-7,private,Pwani,Mkuranga DC,-7.10576,39.20847,coastal
Upendo Mazinde,122484-9,private,Tanga,Korogwe DC,,,coastal
Upendo Medical,121642-3,private,Mwanza,Nyamagana MC,-2.502505,32.9118667,lake
UPENDO MODERN,110734-1,private,Dar Es Salaam,Temeke MC,-6.89311,39.26503,coastal
UPENDO NTYUKA DODOMA,121525-0,private,Dodoma,Dodoma CC,,,central
UPENDO WA MUNGU,110109-6,private,Katavi,Mpimbwe DC,-7.47091,31.39239,shighland
UPENDO YOMBO RELI,121587-0,private,Dar Es Salaam,Temeke MC,-6.870498,39.229996,coastal
UPONDA,110579-0,public,Morogoro,Morogoro DC,-7.01909,37.7803,coastal
UPONDA,111356-2,public,Pwani,Kibiti DC,-7.57827,39.11398,coastal
UPONE,123533-2,private,Ruvuma,Songea MC,-10.67215,35.53805,shighland
UPONE CHARITABLE,108142-1,private,Arusha,Arusha CC,-3.376765,36.660904,northern
UPPER KITETE,108143-9,public,Arusha,Karatu DC,-3.243538,35.881809,northern
UPUGE,108144-7,public,Tabora,Uyui DC,-4.88333,33.0167,central
URAFIKI,108146-2,private,Mwanza,Nyamagana MC,-2.548208,32.9823,lake
URAFIKI,121756-1,private,Mara,Tarime DC,-1.46631,34.52206,lake
URAFIKI PRINMAT,111136-8,private,Geita,Chato DC,-2.37388,31.72511,lake
Urambo DC,124835-0,public,Tabora,Urambo DC,,,central
URASA,121519-3,private,Shinyanga,Kahama MC,,,lake
UROKI,108150-4,public,Kilimanjaro,Hai DC,-3.22011,37.20046,northern
URU KASKAZINI,108151-2,public,Kilimanjaro,Moshi DC,-3.26439,37.34521,northern
URU KUSINI,122362-7,public,Kilimanjaro,Moshi DC,,,northern
URU MISSION,108153-8,private,Kilimanjaro,Moshi DC,-3.25291,37.35431,northern
URUGHU,108154-6,public,Singida,Iramba DC,-4.65236,34.18623,central
URUMWA,113785-0,private,Pwani,Kibaha DC,-6.71964,38.74572,coastal
URWILA,108155-3,public,Katavi,Nsimbo DC,-6.43854,31.34528,shighland
USA,113129-1,private,Singida,Iramba DC,,,central
USA OPTICALS,123638-9,private,Arusha,Meru DC,-3.37322,36.84753,northern
USA RC,109814-4,private,Arusha,Meru DC,-3.37148,36.85934,northern
USA RIVER,108156-1,public,Arusha,Meru DC,-3.375364,36.848212,northern
USAGARA,113350-3,private,Mwanza,Misungwi DC,-2.682824,32.996188,lake
USAGARA,110866-1,private,Mwanza,Misungwi DC,-2.70012,33.00199,lake
USAGARA,101477-8,public,Mwanza,Misungwi DC,-2.68465,32.98506,lake
USAGARI,108158-7,public,Tabora,Uyui DC,-4.88601,32.5093,central
USALAMA,113478-2,private,Dar Es Salaam,Kinondoni MC,-6.61952,39.1143,coastal
USALULE,108161-1,public,Njombe,Wanging'ombe DC,-9.365912,34.611997,shighland
USAMBARA,108162-9,private,Tanga,Korogwe DC,-4.88804,38.2896,coastal
USANDA,108164-5,public,Shinyanga,Shinyanga DC,-3.83451,33.27595,lake
USANDA,112005-4,private,Arusha,Arusha CC,-3.42054,36.65796,northern
USANGANYA,108165-2,public,Tabora,Sikonge DC,-5.3982,32.6173,central
Usangi,108166-0,public,Kilimanjaro,Mwanga DC,-3.69492,37.66143,northern
USANGI,120672-1,public,Tabora,Kaliua DC,-4.91852,31.90004,central
USANGULE,124248-6,public,Morogoro,Malinyi DC,-8.82246,36.25512,coastal
USEMI,121523-5,private,Dodoma,Chamwino DC,,,central
USENGELINDETE,108168-6,public,Iringa,Iringa DC,-8.08105,35.27702,shighland
USESULA,108170-2,public,Tabora,Sikonge DC,-5.25311,32.6829,central
USEVYA,108171-0,public,Katavi,Mpimbwe DC,-7.10569,31.23431,shighland
USHETU,108173-6,public,Shinyanga,Ushetu DC,-4.16095,32.2629,lake
Ushetu DC,124806-1,public,Shinyanga,Ushetu DC,,,lake
USHINDI,122221-5,private,Morogoro,Malinyi DC,,,coastal
USHIRI,108174-4,public,Kilimanjaro,Rombo DC,-3.177372,37.590183,northern
USHIRIKA,108175-1,public,Geita,Mbogwe DC,-3.36841,32.26194,lake
USHIRIKA,123148-9,public,Geita,Mbogwe DC,-3.68167,32.37919,lake
USHIRIKA HEALTH  CENTRE,124336-9,private,Mbeya,Rungwe DC,-9.33188,33.74612,shighland
USHIROMBO,108177-7,public,Geita,Bukombe DC,-3.47096,31.90028,lake
USHONGO,120923-8,public,Tanga,Pangani DC,-5.54726,38.96738,coastal
USHORA MAGEREZA,108179-3,public,Singida,Iramba DC,-4.67995,34.25393,central
USIMAU,108192-6,private,Mwanza,Nyamagana MC,-2.52621,32.91576,lake
USIMBA,108180-1,public,Tabora,Kaliua DC,-5.01339,31.92377,central
USIMBA II,121075-6,public,Tabora,Kaliua DC,-5.32512,31.65212,central
USINDI,109804-5,public,Tabora,Kaliua DC,-5.08587,31.84557,central
USINGA,108181-9,public,Tabora,Kaliua DC,-5.669,31.284,central
USINGE,108458-1,public,Tabora,Kaliua DC,-5.09609,31.30504,central
USINGE,120673-9,public,Tabora,Kaliua DC,-5.09609,31.30504,central
USISYA,108183-5,public,Tabora,Urambo DC,-5.08618,32.2358,central
USOCHE,109893-8,public,Songwe,Momba DC,-8.458861,32.290069,shighland
USOHA MUUNGANO,122456-7,public,Mbeya,Mbeya DC,-8.95369,33.68609,shighland
USOKAMI,108184-3,private,Iringa,Mufindi DC,-8.23039,35.6889,shighland
USOLANGA,108185-0,private,Iringa,Iringa DC,-7.33463,35.95238,shighland
USOLANGA GVT,123117-4,public,Iringa,Iringa DC,-7.33463,35.95238,shighland
USONGA,120674-7,public,Tabora,Kaliua DC,-4.47775,32.00651,central
USSOKE,108186-8,public,Tabora,Urambo DC,-5.09286,32.31414,central
USSOKEMLIMANI,113911-2,public,Tabora,Urambo DC,-5.09132,31.9027,central
USSONGO GOV,108189-2,public,Tabora,Igunga DC,-4.29136,33.49419,central
USSONGO RC,108188-4,private,Tabora,Igunga DC,-4.30201,33.4884,central
UST,123875-7,private,Dar Es Salaam,Kinondoni MC,-6.68955,39.20163,coastal
USUKA,108190-0,public,Njombe,Wanging'ombe DC,-8.98056,34.65802,shighland
USULE,108191-8,public,Shinyanga,Shinyanga DC,-3.76544,33.19527,lake
USUNGA,108193-4,public,Tabora,Sikonge DC,-5.7074,32.9412,central
USUNGILO,121473-3,public,Njombe,Makete DC,-9.31242,34.27748,shighland
USURE,108195-9,public,Singida,Iramba DC,-4.65572,34.388,central
USWAA,108196-7,public,Kilimanjaro,Hai DC,-3.26329,37.21502,northern
USWAYA,108197-5,public,Tabora,Igunga DC,-4.695406,33.505415,central
USWEGE MEDICAL,120494-0,private,Dar Es Salaam,Temeke MC,-6.97797,39.20005,coastal
UTAHO A,123246-1,public,Singida,Ikungi DC,-4.96348,34.76257,central
UTALINGOLO,108198-3,public,Njombe,Njombe TC,-9.440913,34.728406,shighland
UTAMBALILA,108199-1,public,Songwe,Mbozi DC,-8.76024,32.61927,shighland
UTANTAMKE,120679-6,public,Tabora,Kaliua DC,-4.68289,32.29027,central
UTANZIWA,108200-7,private,Njombe,Makete DC,-9.310414,34.084741,shighland
UTAPOA,112492-4,private,Katavi,Mpanda MC,-6.34661,31.06692,shighland
UTEGI,108201-5,public,Mara,Rorya DC,-1.31848,34.22275,lake
UTELEWE,108202-3,public,Njombe,Wanging'ombe DC,-9.280273,34.593142,shighland
Utende,108204-9,public,Pwani,Mafia DC,-7.971671,39.74872,coastal
UTENDE,108203-1,public,Katavi,Mlele DC,-6.64988,32.0074,shighland
UTENGULE,108205-6,private,Njombe,Makete DC,-9.39757,34.03007,shighland
UTENGULE,115255-2,public,Njombe,Makambako TC,-8.94713,34.77922,shighland
UTENGULE,111152-5,public,Iringa,Kilolo DC,-7.97246,35.79228,shighland
UTENGULE,108206-4,public,Morogoro,Mlimba DC,-8.95321,35.8372,coastal
UTENGULE,108208-0,public,Njombe,Njombe TC,-9.552747,34.951004,shighland
UTENGULE,108207-2,public,Mbeya,Mbeya DC,-8.90754,33.33796,shighland
UTENGULE USANGU,109622-1,public,Mbeya,Mbarali DC,-8.67629,33.86412,shighland
UTIGA,114741-2,public,Njombe,Njombe TC,-9.39189,34.76794,shighland
UTIGA,122519-2,public,Njombe,Wanging'ombe DC,-8.83604,34.64464,shighland
UTILILI,108212-2,public,Njombe,Ludewa DC,-9.70425,34.43046,shighland
UTIMBE,108213-0,public,Mtwara,Masasi DC,-11.03351,38.94711,southern
UTIMULE,108214-8,public,Tabora,Sikonge DC,-5.978444,32.791211,central
Utinta,108215-5,public,Rukwa,Nkasi DC,-7.13333,30.5167,shighland
UTIRI,108216-3,public,Ruvuma,Mbinga TC,-10.87067,35.05611,shighland
UTUJA,108217-1,public,Tabora,Igunga DC,-4.660657,33.464973,central
UTUKUFU,123746-0,private,Tabora,Nzega TC,-4.21561,33.18771,central
UTUKUFU,124376-5,private,Dar Es Salaam,Ilala MC,-6.68047,39.69423,coastal
UTULIVU,112827-1,private,Geita,Geita TC,-2.87055,32.2345,lake
UTULIVU,114351-0,private,Mwanza,Kwimba DC,-2.79561,33.51796,lake
UTULIVU,123726-2,private,Geita,Geita TC,-2.87078,32.24444,lake
UTUNGE,108219-7,public,Pwani,Rufiji DC,-8.01218,38.85865,coastal
UTURO,108220-5,public,Mbeya,Mbarali DC,-8.80331,34.1388,shighland
UTURUKI,100167-6,private,Dar Es Salaam,Ilala MC,-6.83053,39.16801,coastal
UTWANGO,108222-1,public,Ruvuma,Namtumbo DC,,35.84946,shighland
UUWO,108223-9,private,Kilimanjaro,Moshi DC,-3.27123,37.58957,northern
UVINZA,108225-4,public,Kigoma,Uvinza DC,-5.07713,30.37036,central
UVINZA,108224-7,public,Kigoma,Uvinza DC,-5.11088,30.3899,central
Uvinza DC,124698-2,public,Kigoma,Uvinza DC,,,central
UWANJA WA TAIFA,122751-1,public,Morogoro,Morogoro MC,-6.79299,37.65293,coastal
UWANZA,108227-0,public,Singida,Iramba DC,-4.37815,34.49649,central
UWATA,120977-4,private,Mbeya,Mbeya CC,-8.92525,33.48247,shighland
UWATA,111636-7,private,Mbeya,Mbeya CC,-8.92557,33.48356,shighland
UYAHUDINI,115107-5,public,Ruvuma,Songea DC,-10.7088,35.511,shighland
UYOGO,110960-2,public,Tabora,Urambo DC,-4.91533,32.02967,central
UYOGO,108231-2,public,Shinyanga,Ushetu DC,-4.17872,32.34633,lake
UYOLE,108232-0,private,Mbeya,Mbeya CC,-8.91325,33.54269,shighland
UYOVU,108233-8,public,Geita,Bukombe DC,-3.33583,31.52579,lake
UYOVU PRINMAT,111788-6,private,Geita,Bukombe DC,-3.33773,31.52282,lake
UYOWA,108234-6,public,Tabora,Kaliua DC,-4.54376001,31.9651001,central
UYOWA,120676-2,public,Tabora,Kaliua DC,-4.54376,31.96514,central
UYUI,114003-7,public,Tabora,Uyui DC,,,central
Uyui DC,124836-8,public,Tabora,Uyui DC,,,central
UZAYR'S CHILD DEVELOPMENT AND LEARNING CENTRE,123487-1,private,Dar Es Salaam,Kinondoni MC,-6.7443,39.27775,coastal
UZENA,108236-1,public,Ruvuma,Mbinga TC,-11.018257,35.103147,shighland
Uzia,108237-9,public,Rukwa,Sumbawanga DC,-7.728587,31.612823,shighland
UZIMA,110293-8,private,Morogoro,Morogoro MC,-6.8148,37.66982,coastal
UZIMA,114602-6,private,Kilimanjaro,Moshi DC,-3.48991,37.43625,northern
UZIMA,112434-6,private,Dar Es Salaam,Ilala MC,,,coastal
UZIMA,112520-2,private,Tabora,Kaliua DC,-4.622627,32.162112,central
UZIMA,123522-5,private,Kigoma,Kasulu TC,-4.57391,30.09824,central
UZIMA,123534-0,private,Singida,Singida MC,,34.76818,central
UZIMA,123772-6,private,Arusha,Arusha DC,-3.31571,36.63881,northern
UZIMA KWANZA,122095-3,private,Mwanza,Nyamagana MC,-2.6253924,32.947112,lake
UZIMA KWANZA,124017-5,private,Mwanza,Nyamagana MC,-2.62743,32.94661,lake
UZIMA MISSION,108239-5,private,Pwani,Mkuranga DC,-6.97941,39.28865,coastal
UZIMA SELIAN,122143-1,private,Morogoro,Morogoro DC,,,coastal
V Serve,111430-5,private,Dar Es Salaam,Ilala MC,-6.817188,39.287056,coastal
VALE YOMBO RELI,122094-6,private,Dar Es Salaam,Temeke MC,,,coastal
VALESKA,124197-5,public,Arusha,Meru DC,-3.52683,36.88455,northern
VAMKEKENA SPECIALIZED OBGYN SPECIALIZED CLINIC,120267-0,private,Mbeya,Mbeya CC,-8.92271,33.42391,shighland
VANESA,113187-9,private,Tabora,Tabora MC,-5.01735,32.8055,central
VATCAN HEALTH LABORATORY,121530-0,private,Singida,Singida MC,,,central
VATICAN,113393-3,private,Mwanza,Sengerema DC,-2.38377,32.65595,lake
VATICANA,111248-1,private,Geita,Geita TC,-2.87965,32.22551,lake
VEMA,112664-8,private,Morogoro,Morogoro MC,-6.82375,37.65421,coastal
VENI,114292-6,private,Dar Es Salaam,Ubungo MC,,,coastal
VERITAS,123758-5,private,Kilimanjaro,Moshi MC,-3.34742,37.34394,northern
VERSATILE,124340-1,private,Arusha,Arusha CC,-3.36686,36.44078,northern
VERTEX,124594-3,private,Njombe,Makambako TC,-8.84084,34.80118,shighland
VEYULA,108293-2,private,Dodoma,Dodoma CC,-6.028831,35.75711,central
VEYULA MJI MPYA,120377-7,private,Dodoma,Dodoma CC,,,central
VIANZI,108244-5,public,Pwani,Mkuranga DC,-7.0407,39.33069,coastal
Vibrant,122118-3,private,Dodoma,Kongwa DC,,,central
VICTORIA,112009-6,private,Katavi,Mpanda MC,-6.33185,31.08226,shighland
VICTORIA,120388-4,private,Mwanza,Ilemela MC,-2.50629,32.92209,lake
VICTORIA,122211-6,private,Morogoro,Kilosa DC,,,coastal
VICTORIA   HEALTH  SERVICES,111217-6,private,Mtwara,Masasi TC,-10.72013,38.81947,southern
VICTORIA - KILIMAHEWA,108247-8,private,Mwanza,Ilemela MC,-2.49562,32.91525,lake
VICTORIA MEDICAL  SERVICES,122639-8,private,Pwani,Kibaha DC,-6.72471,38.75742,coastal
VICTORIOUS,122917-8,private,Dar Es Salaam,Kinondoni MC,-6.76697,39.24342,coastal
VICTORIOUS MEDICAL,123344-4,private,Dodoma,Dodoma CC,-6.14112,35.70309,central
VICTORY,113549-0,private,Arusha,Arusha CC,-3.37681,36.70717,northern
VICTORY,122736-2,private,Tanga,Tanga CC,-5.09901,39.08617,coastal
VICTORY,122152-2,private,Katavi,Mpanda MC,-6.33713,31.072472,shighland
VICTORY,124562-0,private,Lindi,Ruangwa DC,-10.06518,38.92746,southern
Vidunda,108250-2,public,Morogoro,Kilosa DC,-7.59684,36.96082,coastal
VIDUNDA MISSION,108251-0,private,Morogoro,Kilosa DC,-7.59717,36.96466,coastal
VIGWAZA,108252-8,public,Pwani,Chalinze DC,-6.67562,38.6177,coastal
VIHINGO,108254-4,public,Pwani,Kisarawe DC,-6.89578,38.71926,coastal
VIHINGO,108253-6,public,Dodoma,Kongwa DC,-6.185101,36.710315,central
VIKAWE,108459-9,public,Pwani,Kibaha TC,-6.66309,39.0486,coastal
VIKINDU,108258-5,public,Pwani,Mkuranga DC,-7.00672,39.2991,coastal
VIKONGE,122260-3,public,Katavi,Tanganyika DC,-6.18651,30.98739,shighland
Vikonje,108259-3,public,Dodoma,Dodoma CC,-6.103232,35.974299,central
VIKUGE,108260-1,public,Pwani,Kibaha DC,-6.78061,38.8622,coastal
VIKULA,110983-4,public,Iringa,Mufindi DC,-8.31285,35.55093,shighland
VIKUMBURU,108261-9,public,Pwani,Kisarawe DC,-7.43565,38.59592,coastal
VIKUNAI MEDICAL,125223-8,private,Dar Es Salaam,Temeke MC,-6.91139,39.30183,coastal
VIKURUTI,122297-5,public,Pwani,Kibaha DC,-6.67186,38.76303,coastal
VILABWA,111477-6,public,Pwani,Kisarawe DC,-6.96553,38.71534,coastal
VILIMAVITATU,108262-7,public,Manyara,Babati DC,-3.77939,35.86214,northern
VING'ANDI,108663-6,public,Pwani,Kisarawe DC,-7.25857,38.32657,coastal
VINGUNGUTI,108265-0,public,Dar Es Salaam,Ilala MC,-6.84832,39.22546,coastal
VIP,109598-3,private,Iringa,Iringa MC,-7.77615,35.69363,shighland
VIRA,112416-3,private,Ruvuma,Songea MC,-10.6746,35.6281,shighland
VISAKAZI,114762-8,public,Pwani,Chalinze DC,-6.63343,38.03728,coastal
VISARAKA,110804-2,public,Morogoro,Morogoro DC,-6.823992,38.18662,coastal
VISEZI,108269-2,public,Pwani,Chalinze DC,-6.74423,38.6316,coastal
VISHAK SIR,124614-9,private,Dar Es Salaam,Temeke MC,-6.94407,30.23321,coastal
VISIGA,108270-0,public,Pwani,Kibaha TC,-6.73373,38.7956,coastal
VISIGA,113759-5,public,Pwani,Kisarawe DC,-7.31318,38.79243,coastal
VISIGA SEMINARY,108271-8,private,Pwani,Kibaha TC,-6.73027,38.80461,coastal
VISION,124131-4,private,Arusha,Meru DC,-3.37538,36.76402,northern
VISION 360,112629-1,private,Dar Es Salaam,Ilala MC,-6.81616,39.28648,coastal
VISION 4 ALL EYE CARE CENTRE,124030-8,private,Kilimanjaro,Mwanga DC,-3.50601,37.69085,northern
VISION CARE,112316-5,private,Arusha,Arusha CC,-3.37181,36.68789,northern
VISION CARE,110773-9,private,Dar Es Salaam,Kinondoni MC,-6.76942,39.21891,coastal
VISION CARE,123188-5,private,Arusha,Arusha CC,-3.39788,36.70476,northern
VISION CARE - SINGIDA BRANCH,113183-8,private,Singida,Singida MC,-4.81638,34.75117,central
VISION CARE -GOBA BRANCH,121639-9,private,Dar Es Salaam,Ubungo MC,,,coastal
VISION DIAGNOSTIC CENTRE,121668-8,private,Ruvuma,Songea DC,,,shighland
VISION PERFECT LIMITED,112318-1,private,Arusha,Arusha CC,-3.37217,36.69415,northern
VISION PLUS LTD,111437-0,private,Dar Es Salaam,Ilala MC,-6.8183,39.28722,coastal
VISION PLUS LTD,112806-5,private,Dar Es Salaam,Kinondoni MC,-6.7497,39.24018,coastal
VISION PLUS LTD,110485-0,private,Dar Es Salaam,Kinondoni MC,,,coastal
VISTENSA,122275-1,private,Mara,Butiama DC,-1.67473,34.31167,lake
VITI,111085-7,public,Tanga,Lushoto DC,-4.65726,38.25412,coastal
VITOLIANY,114708-1,private,Kigoma,Kasulu TC,-4.556862,30.048223,central
VITULI,110021-3,public,Morogoro,Morogoro MC,-6.713611,37.645482,coastal
VIVAH,121425-3,private,Pwani,Mkuranga DC,-7.00458,39.3084,coastal
VIVIAN,122066-4,private,Tabora,Igunga DC,-4.290228,33.84805,central
VIVIANI,123309-7,private,Mbeya,Mbarali DC,-8.82588,33.85386,shighland
VIWANJASITINI,114012-8,public,Morogoro,Mlimba DC,-8.81475,35.80865,coastal
VIZIWAZIWA,108273-4,public,Pwani,Kibaha TC,-6.79182,38.9069,coastal
VOH,122976-4,private,Dar Es Salaam,Ilala MC,-6.96584,39.098003,coastal
VOH MEDICAL CLINIC,120387-6,private,Mwanza,Nyamagana MC,-2.58406,32.92074,lake
VOICE OF VICTORY,111010-5,private,Kilimanjaro,Moshi MC,-3.35499,37.34988,northern
VOTRE,122814-7,private,Dar Es Salaam,Ubungo MC,-6.78891,39.05432,coastal
VTG COMPANY LIMITED,121661-3,private,Dar Es Salaam,Ilala MC,,,coastal
VUAGHA,108275-9,public,Kilimanjaro,Mwanga DC,-3.71611,37.68628,northern
VUCHAMA NDAMBWE,108276-7,public,Kilimanjaro,Mwanga DC,-3.69149,37.62164,northern
VUCHAMA NGOFI,108277-5,public,Kilimanjaro,Mwanga DC,-3.59034,37.669,northern
VUGA,108280-9,public,Tanga,Bumbuli DC,-4.90628,38.33839,coastal
Vuga,122708-1,private,Tanga,Muheza DC,,,coastal
VUGIRI,108281-7,public,Tanga,Korogwe DC,-5.074554,38.454214,coastal
VUGWAMA,114070-6,public,Kilimanjaro,Same DC,-4.414578,37.953847,northern
VUJU,122772-7,public,Tanga,Kilindi DC,-5.92522,37.29557,coastal
VUMARI,108284-1,public,Kilimanjaro,Same DC,-4.02352,37.7355,northern
VUMILIA,108285-8,public,Tabora,Urambo DC,-5.06774,31.92634,central
VUMILIA,114961-6,public,Tabora,Urambo DC,-5.06802,31.94267,central
VUMILIA UKOONI,121516-9,public,Dar Es Salaam,Kigamboni MC,-6.94532,39.43151,coastal
VUNGU,125088-5,private,Songwe,Mbozi DC,-9.15125,32.99479,shighland
VUNJA,124105-8,private,Morogoro,Mvomero DC,-6.13778,37.63875,coastal
VUNTA,108286-6,public,Kilimanjaro,Same DC,-4.50082,37.9804,northern
VUO,108287-4,public,Tanga,Mkinga DC,-4.80556,39.15088,coastal
VYADIGWA,108290-8,public,Tanga,Kilindi DC,-5.79737,37.51786,coastal
VYERU,108292-4,public,Tanga,Mkinga DC,-4.95496,39.1382,coastal
WAAMA,108294-0,private,Manyara,Hanang DC,-4.75149,35.4252,northern
WAARABU MEDICAL HEALTH,123834-4,private,Dar Es Salaam,Kigamboni MC,-6.82262,39.30251,coastal
WACHAWASEME,122927-7,public,Tabora,Kaliua DC,-5.06212,31.37712,central
WACHAWASEME,113376-8,public,Katavi,Mlele DC,-6.73459,31.99464,shighland
WADOWE MEDICAL,123870-8,private,Dar Es Salaam,Ilala MC,-6.84712,39.16029,coastal
Wadugu,123825-2,private,Morogoro,Ulanga DC,,,coastal
WAEBRANIA,110675-6,private,Dar Es Salaam,Ilala MC,-6.90738,39.15209,coastal
WAGETE,108295-7,public,Mara,Serengeti DC,-1.915318,34.383919,lake
WAIFURAHA,122338-7,private,Arusha,Arusha CC,,,northern
WAILES,108296-5,private,Dar Es Salaam,Ilala MC,-6.813861,39.285857,coastal
WAIRO,122713-1,public,Dodoma,Chemba DC,-5.15832,35.52354,central
WAJA,111239-0,private,Geita,Geita TC,-2.87301,32.26574,lake
WAKURU,114559-8,private,Dar Es Salaam,Temeke MC,-6.86103,39.26197,coastal
WAKWETU,121071-5,private,Mtwara,Masasi DC,,,southern
WALLA,108299-9,public,Mwanza,Kwimba DC,-2.85771,33.34991,lake
WALTER,108300-5,private,Dar Es Salaam,Temeke MC,-6.8703701,39.26174,coastal
Wamaha laboratory,122082-1,private,Songwe,Momba DC,,,shighland
WAMBAJE MICO MEDICAL LABS AND CONSULTATION,120668-9,private,Dar Es Salaam,Kinondoni MC,,,coastal
WAMBELE,123375-8,private,Tanga,Muheza DC,,,coastal
WAMBELE,112131-8,private,Mwanza,Nyamagana MC,-2.53248,32.912464,lake
WAMBI,111736-5,private,Iringa,Mafinga TC,-8.30218,35.29449,shighland
WAMBISHE,114307-2,public,Mbeya,Mbeya DC,-8.85368,33.74115,shighland
WAMI DAKAWA,108305-4,public,Morogoro,Mvomero DC,-6.4358,37.5342,coastal
WAMI KUU,108306-2,public,Morogoro,Mvomero DC,-6.39623,37.46481,coastal
WAMI MBIGIRI,110881-0,public,Morogoro,Mvomero DC,-6.46306,37.48952,coastal
WAMI VIJANA,108308-8,public,Morogoro,Mvomero DC,-6.36717,37.4422,coastal
WAMIMBALWE,114473-2,public,Iringa,Mufindi DC,-8.3693,35.6133,shighland
Wampembe,108309-6,public,Rukwa,Nkasi DC,-7.8,30.783333,shighland
WAMSELE,123054-9,private,Dodoma,Dodoma CC,-6.17307,35.89452,central
WANGAMA,109272-5,public,Iringa,Iringa DC,-7.81357,35.78837,shighland
WANGAMA,108310-4,public,Njombe,Wanging'ombe DC,-9.171542,34.478783,shighland
WANGI,108312-0,public,Dodoma,Mpwapwa DC,-6.73979,36.2795,central
Wanging'ombe DC,124775-8,public,Njombe,Wanging'ombe DC,,,shighland
WANGUTWA,108314-6,public,Njombe,Wanging'ombe DC,-8.908379,34.673648,shighland
WANJIRO,113626-6,private,Arusha,Arusha CC,-3.416383,36.704574,northern
WANYERE,108315-3,public,Mara,Musoma DC,-1.84595,33.72932,lake
WANZANI,113846-0,public,Songwe,Songwe DC,-8.59321,33.03327,shighland
WARANGA,108317-9,public,Manyara,Hanang DC,-4.77884,35.49749,northern
WARIDI GENERAL,111699-5,private,Kigoma,Kasulu TC,-4.57144,30.10305,central
WARIKU,102325-8,public,Mara,Bunda TC,-1.93633,33.7778,lake
WARIKU,121306-5,public,Mara,Bunda TC,-1.93808,33.80002,lake
WASA,108319-5,public,Iringa,Iringa DC,-8.12767,35.23497,shighland
WASA RC,109284-0,private,Iringa,Iringa DC,-8.12224,35.23997,shighland
WASAFI OPTICAL CARE,112903-0,private,Kilimanjaro,Moshi MC,,,northern
WASSA,109944-9,public,Songwe,Mbozi DC,-9.031262,32.80856,shighland
WASSO,108321-1,private,Arusha,Ngorongoro DC,-2.06541,35.56342,northern
WATENDE,113118-4,private,Singida,Singida MC,,,central
Watende,121798-3,private,Singida,Singida MC,,,central
WATER OF LIFE,112586-3,private,Dar Es Salaam,Kinondoni MC,,,coastal
WATEULE,122150-6,private,Mbeya,Mbeya DC,-8.93858,33.34984,shighland
WAWATA,125178-4,private,Geita,Geita DC,-3.00436,31.55724,lake
WAYALLA CHARITABLE,121270-3,private,Mwanza,Ilemela MC,-2.54146,33.00622,lake
WAZAZI,108330-2,private,Manyara,Babati TC,-4.21754,35.74931,northern
WAZAZI DUTWA,109219-6,private,Simiyu,Bariadi DC,-2.51146,33.96864,lake
WAZAZI MAGUGU,108339-3,private,Manyara,Babati DC,-3.99993,35.77722,northern
WAZAZI MSONGA,108343-5,private,Geita,Bukombe DC,-3.46685,31.89468,lake
WAZAZI NKOMO,109197-4,private,Geita,Bukombe DC,-3.46442,31.89867,lake
WAZAZI NYANDEKWA,110112-0,private,Shinyanga,Kahama MC,-3.90947,32.503727,lake
WAZAZI TINDE,108351-8,private,Shinyanga,Shinyanga DC,-3.87631,33.19516,lake
WAZAZI-BINZA,108353-4,private,Simiyu,Maswa DC,-3.18344,33.77966,lake
WAZIRI,108159-5,private,Morogoro,Kilosa DC,-6.79576,36.9826,coastal
WAZO,108354-2,public,Dar Es Salaam,Kinondoni MC,-6.67195,39.16865,coastal
WAZO,112579-8,private,Dar Es Salaam,Kinondoni MC,,,coastal
WAZO HILL,113476-6,private,Dar Es Salaam,Kinondoni MC,-6.67719,39.15678,coastal
WAZOGO,124984-6,private,Dar Es Salaam,Temeke MC,-6.88991,39.22345,coastal
WAZOLE,113226-5,private,Tanga,Pangani DC,-5.42797,38.97155,coastal
WDA,111226-7,private,Arusha,Karatu DC,-3.584101,35.610607,northern
WE CARE,113282-8,private,Pwani,Bagamoyo DC,-6.59041,39.05929,coastal
We Care,122093-8,private,Dar Es Salaam,Kinondoni MC,,,coastal
WE CARE HEALTH MEDICAL,123547-2,private,Tanga,Handeni TC,-5.42739,38.02121,coastal
WECARE,123967-2,private,Dar Es Salaam,Ubungo MC,-6.79815,39.18561,coastal
WEGERO,108355-9,public,Mara,Butiama DC,-1.610912,34.194872,lake
WEIGITA,120819-8,public,Mara,Tarime DC,,,lake
WEJO,124949-9,private,Manyara,Babati TC,-4.20691,35.74201,northern
WELA,115046-5,public,Shinyanga,Kishapu DC,-3.62319,33.36921,lake
WELAMASONGA,108356-7,public,Mwanza,Magu DC,-2.57588,33.11337,lake
WELEDI,122149-8,private,Arusha,Arusha CC,,,northern
WELELA,114093-8,public,Njombe,Njombe DC,-9.01186,34.78622,shighland
WELINESS,113623-3,private,Arusha,Arusha CC,-3.386351,36.660058,northern
WELL POINT,110919-8,private,Arusha,Arusha CC,-3.40508,36.705694,northern
WELLA,108357-5,public,Tabora,Nzega DC,-4.157638,33.303728,central
WELLCARE,124879-8,private,Geita,Bukombe DC,-3.26452,31.53412,lake
WELLU 1,109905-0,public,Songwe,Mbozi DC,-9.06512,32.83916,shighland
WELLU II,109978-7,public,Songwe,Mbozi DC,-9.012171,33.110945,shighland
WEMA,114948-3,public,Tabora,Urambo DC,-5.18309,32.12898,central
WEMA,122801-4,private,Mbeya,Mbarali DC,,,shighland
WEMA,111947-8,private,Kagera,Bukoba MC,-1.33079,31.80549,lake
WEMA,112400-7,private,Geita,Geita DC,-3.006552,31.928967,lake
WEMA,111344-8,private,Dar Es Salaam,Ubungo MC,-6.79164,39.1472,coastal
WEMA,120967-5,private,Songwe,Mbozi DC,-8.97138,33.12517,shighland
Wema,121886-6,private,Singida,Ikungi DC,,,central
WEMA HEALTH,122655-4,private,Kagera,Karagwe DC,-1.73252,30.96601,lake
WEMBERE,108360-9,private,Singida,Iramba DC,-4.30743,34.27385,central
WEMBERE,122505-1,public,Singida,Iramba DC,-4.31621,34.26981,central
Wena Care Mapinga.,122753-7,private,Pwani,Bagamoyo DC,,,coastal
WENDA HIGH SCHOOL,121186-1,private,Mbeya,Mbeya DC,-8.56222,33.19599,shighland
WENDE,108362-5,public,Njombe,Njombe TC,-9.344448,34.796345,shighland
Wendele,114702-4,public,Shinyanga,Kahama MC,-3.76316,32.43334,lake
WENJE,108363-3,public,Ruvuma,Tunduru DC,-11.55908,36.91672,shighland
WERU,108364-1,public,Iringa,Iringa DC,-7.84844,35.49339,shighland
WERUWERU,108365-8,public,Kilimanjaro,Hai DC,-3.419409,37.299403,northern
WERUWERU RIVER,112278-7,private,Kilimanjaro,Hai DC,-3.32599,37.26114,northern
WESTLAND,121586-2,private,Dar Es Salaam,Ilala MC,,,coastal
WETO,113600-1,private,Arusha,Ngorongoro DC,-2.295109,35.691096,northern
WHITE HOPE,112323-1,private,Pwani,Kibaha TC,-6.74841,38.89268,coastal
WHITE PEARL DENTAL,125157-8,private,Mwanza,Nyamagana MC,-2.51402,32.90798,lake
WIBIA,108368-2,public,Singida,Ikungi DC,-4.99998,34.80879,central
WIGELEKELO,114569-7,public,Simiyu,Maswa DC,-3.284203,33.579656,lake
WIGO,123553-0,public,Geita,Geita DC,-3.20941,32.28441,lake
WIKICHI,108369-0,public,Njombe,Njombe TC,-9.332547,34.694429,shighland
WILHEM M-,124526-5,private,Mbeya,Rungwe DC,-9.14856,33.84245,shighland
WILIKO,108370-8,public,Dodoma,Chamwino DC,-6.665385,35.764371,central
WILL'S MEMORIAL,101286-3,private,Mara,Tarime DC,-1.255731,34.464031,lake
WILLE,113854-4,private,Morogoro,Gairo DC,-6.15251,36.87388,coastal
WILLIAMSON DIAMONDS,105805-6,public,Shinyanga,Kishapu DC,-3.53658,33.60056,lake
WILLY CARE,122132-4,private,Singida,Manyoni DC,,,central
WILOLESI,111554-2,private,Iringa,Mafinga TC,-8.296405,35.287103,shighland
WILOLESI GENERAL MEDICAL,112415-5,private,Ruvuma,Songea MC,-10.6651,35.6519,shighland
WILUNZE,108371-6,public,Dodoma,Chamwino DC,-6.127665,36.228355,central
WIMBA MAHANGO,109573-6,public,Mbeya,Mbarali DC,-8.722,33.65655,shighland
Wina,122117-5,private,Dodoma,Kongwa DC,,,central
WINDE,113122-6,private,Singida,Singida MC,-4.82453,34.76455,central
WINO,108373-2,public,Ruvuma,Madaba DC,-9.83659,35.3372,shighland
WINZA,108374-0,public,Dodoma,Mpwapwa DC,-7.02305,36.36015,central
WIPANGA,110163-3,public,Rukwa,Sumbawanga MC,-7.872532,31.630966,shighland
WISDOM,112218-3,private,Dodoma,Dodoma CC,-6.1399,35.81956,central
WISOLELE,114777-6,public,Shinyanga,Msalala DC,-3.5194583,32.488438,lake
WITA,108375-7,public,Tabora,Nzega DC,,,central
WITNESS HEALTH CARE,122266-0,private,Dar Es Salaam,Ilala MC,-6.2765,39.6121,coastal
WITO PRINMART,111534-4,private,Mbeya,Kyela DC,-9.57221,33.77159,shighland
WITULO,112914-7,private,Iringa,Iringa MC,,,shighland
WITULO,122126-6,private,Njombe,Ludewa DC,,,shighland
Wiyenzele,108376-5,public,Dodoma,Mpwapwa DC,-6.87342,36.11848,central
WIZETWI,123742-9,private,Dar Es Salaam,Temeke MC,-6.92261,39.27371,coastal
WOTCHAS HEALTH CARE,122290-0,private,Dar Es Salaam,Temeke MC,-6.53112,39.15152,coastal
WOTTA,108379-9,public,Dodoma,Mpwapwa DC,-6.68232,36.29503,central
WUKIRO,111251-5,public,Ruvuma,Mbinga DC,-10.934477,34.85936,shighland
XNJOVU,114315-5,private,Dar Es Salaam,Ilala MC,-6.93437,39.12427,coastal
Y&M EXPRESS LIMITED,121149-9,private,Dar Es Salaam,Kinondoni MC,-6.77115,39.26151,coastal
Y-LABORATORY,112902-2,private,Geita,Chato DC,-2.6385067,31.766903,lake
YAEDA CHINI,108381-5,public,Manyara,Mbulu DC,-3.974275,35.171024,northern
YAKOBI,108383-1,public,Njombe,Njombe TC,-9.417109,34.940776,shighland
YALA,123383-2,public,Songwe,Momba DC,-8.77429,32.44662,shighland
YALE YALE PUNA,110689-7,public,Dar Es Salaam,Kigamboni MC,-7.069186,39.53304,coastal
YAM MEDICAL,122999-6,private,Shinyanga,Shinyanga MC,-3.66485,33.41384,lake
YAMANI,120270-4,private,Dar Es Salaam,Kigamboni MC,,,coastal
YAMU,108525-7,private,Kilimanjaro,Moshi DC,-3.33485,37.44995,northern
YARUKI,123934-2,private,Morogoro,Kilosa DC,,,coastal
YASI,111709-2,private,Mara,Butiama DC,-1.76412,33.96943,lake
YEKA,125159-4,private,Singida,Iramba DC,-4.40659,35.35941,central
YENZEBWE,111767-0,public,Songwe,Ileje DC,-9.24441,33.13481,shighland
YJ BANANA,121954-2,private,Dar Es Salaam,Ilala MC,,,coastal
YMCA,108621-4,private,Kilimanjaro,Moshi MC,-3.34205,37.34399,northern
YOLLAS,123666-0,private,Dar Es Salaam,Kinondoni MC,-6.78633,39.24761,coastal
YOMBO,108388-0,public,Pwani,Bagamoyo DC,-6.58142,38.85032,coastal
YOMBO UFUNDI,108390-6,public,Dar Es Salaam,Ilala MC,-6.86042,39.2365,coastal
YOMBOLUKINGA,115320-4,public,Pwani,Kisarawe DC,-7.32264,38.71193,coastal
YONGWE,110575-8,public,Dar Es Salaam,Ilala MC,-6.999857,39.123364,coastal
YOUHEAL,123183-6,private,Arusha,Arusha CC,-3.38578,36.72323,northern
YUAJA,112936-0,private,Kigoma,Kigoma Ujiji MC,-4.85914,29.64697,central
YUDA,124120-7,private,Njombe,Makete DC,-8.97618,33.95361,shighland
YUFAMILI.,124397-1,private,Singida,Singida MC,-4.82874,34.72133,central
YUHAI,124171-0,private,Shinyanga,Kahama MC,-3.85057,32.63034,lake
YULANSONI,108393-0,private,Singida,Mkalama DC,-4.38115,34.57289,central
YUSTAR,122597-8,private,Dar Es Salaam,Ilala MC,-7.00096,39.15633,coastal
YUSTO,113883-3,private,Morogoro,Gairo DC,-6.13863,36.85954,coastal
YUSUPH,125180-0,private,Geita,Bukombe DC,-3.35031,31.53196,lake
ZABRON HEALTH,123012-7,private,Katavi,Tanganyika DC,-6.57993,30.90783,shighland
ZABURI HEALTH CARE,124163-7,private,Geita,Geita DC,-3.01183,31.93621,lake
ZACC,109710-4,private,Arusha,Monduli DC,-3.37109,35.84592,northern
ZACCI,100333-4,private,Arusha,Karatu DC,-3.34605,35.63338,northern
ZACHYNDA,124179-3,private,Tabora,Igunga DC,-4.05317,33.48749,central
ZACI,101350-7,private,Manyara,Mbulu TC,-3.855185,35.543867,northern
ZACI ILKIDING'A,109693-2,private,Arusha,Arusha DC,-3.32286,36.68443,northern
ZAFA,112247-2,private,Morogoro,Mvomero DC,-6.44994,37.52562,coastal
ZAGAYU,108400-3,public,Simiyu,Itilima DC,-2.97572,33.7718,lake
ZAI HEALTH LABORATORY,122688-5,private,Pwani,Bagamoyo DC,-6.54049,38.99123,coastal
ZAIDI   MEDICAL CENTRE,125225-3,private,Kagera,Karagwe DC,-1.59707,31.13992,lake
ZAIFA,113751-2,private,Dar Es Salaam,Temeke MC,-6.87127,39.26371,coastal
ZAINABU DISPENSARY,120378-5,private,Dodoma,Kondoa TC,-4.91215,35.80981,central
Zainabya,108402-9,private,Dar Es Salaam,Ilala MC,-6.81571,39.27314,coastal
ZAJILWA,108403-7,public,Dodoma,Chamwino DC,-5.484135,36.099494,central
ZAKARIA,124388-0,private,Pwani,Kibaha TC,-6.72375,38.94822,coastal
ZALU MEDICAL,123567-0,private,Mtwara,Newala TC,-10.64175,39.23765,southern
ZAMARAN HS,122088-8,private,Dar Es Salaam,Ilala MC,,,coastal
ZAMAX,113105-1,private,Simiyu,Busega DC,-2.24201,33.85366,lake
ZAMZAM,113012-9,private,Kigoma,Kigoma Ujiji MC,-4.91416,29.67856,central
ZANGO HEALTH CARE,111806-6,private,Dar Es Salaam,Temeke MC,-6.94848,39.22749,coastal
ZANGO ZAIDI,123756-9,private,Dar Es Salaam,Temeke MC,-6.94848,39.22749,coastal
Zanka,108407-8,public,Dodoma,Bahi DC,-5.844277,35.762478,central
ZANOFA,123506-8,private,Tanga,Tanga CC,-5.10652,39.03965,coastal
ZANZUI,108408-6,public,Simiyu,Itilima DC,-2.96341,33.81108,lake
ZASCO,122247-0,private,Shinyanga,Kahama MC,-3.83274,32.59666,lake
ZASHE,108409-4,public,Kigoma,Kigoma DC,-4.506519,29.654637,central
ZAWA,123981-3,public,Simiyu,Maswa DC,-3.01333,33.61833,lake
ZEBEYA,108410-2,public,Simiyu,Maswa DC,-3.20148,34.01668,lake
ZEBRA,110921-4,private,Arusha,Arusha CC,-3.366802,36.684627,northern
ZEDDY,114432-8,private,Mwanza,Nyamagana MC,,,lake
ZEGE,108702-2,public,Tanga,Korogwe DC,-4.968431,38.415622,coastal
ZEGERO,108411-0,public,Pwani,Kisarawe DC,-7.00034,38.71559,coastal
Zejele,108412-8,public,Dodoma,Bahi DC,-6.39697,35.393963,central
ZELEZETA,109941-5,public,Songwe,Mbozi DC,-9.000184,32.952395,shighland
ZEMAX,122107-6,private,Simiyu,Busega DC,-2.24262,33.853245,lake
ZENA,112608-5,private,Mbeya,Rungwe DC,-9.17042,33.53903,shighland
ZENER VICTORY,114408-8,private,Singida,Manyoni DC,-6.35674,35.21534,central
ZENETI,111634-2,public,Tanga,Muheza DC,-5.22188,38.65671,coastal
Zengerendete,109486-1,public,Njombe,Njombe TC,-9.35943,34.76002,shighland
ZEPISA,115086-1,public,Dodoma,Dodoma CC,-5.94584,35.92167,central
ZERUBABELI,121277-8,private,Mwanza,Ilemela MC,-2.50425,32.89888,lake
ZEZE,108414-4,public,Kigoma,Kasulu DC,-4.907705,30.059975,central
ZIADA,113169-7,private,Shinyanga,Kahama MC,-3.8358383,32.613308,lake
ZIBA,108415-1,public,Tabora,Igunga DC,-4.24146,33.40522,central
ZIBA,122193-6,private,Tabora,Igunga DC,-4.24016,33.40077,central
ZILLION,120904-8,private,Mwanza,Ilemela MC,-2.49238,32.90435,lake
Zimba,110224-3,public,Rukwa,Sumbawanga DC,-7.855676,31.825631,shighland
ZIMBILI,111480-0,public,Tanga,Lushoto DC,-4.43965,38.34425,coastal
Zinga,108417-7,public,Pwani,Bagamoyo DC,-6.53212,38.98666,coastal
ZINGA,112512-9,private,Pwani,Bagamoyo DC,-6.53562,38.97459,coastal
ZINGA KIBAONI,102581-6,public,Lindi,Kilwa DC,-9.45609,38.68395,southern
ZINGA MIGURUWE,104884-2,public,Lindi,Kilwa DC,-8.84775,38.8433,southern
ZINGIZIWA,108418-5,public,Dar Es Salaam,Ilala MC,-7.04637,39.09011,coastal
ZION,114217-3,private,Dodoma,Dodoma CC,,,central
ZION,114465-8,private,Simiyu,Maswa DC,,,lake
ZION HEALTH LABORATORY,120653-1,private,Kilimanjaro,Moshi DC,,,northern
ZIRAI,108419-3,public,Tanga,Muheza DC,-4.98327,38.65624,coastal
ZIWANI,108420-1,public,Mtwara,Mtwara DC,-10.342816,40.23929,southern
ZOBOGO,108422-7,public,Shinyanga,Shinyanga DC,-3.81722,33.1145,lake
ZOGOLO,108423-5,public,Tabora,Nzega TC,-4.0983,33.1506,central
ZOISA,108425-0,public,Dodoma,Kongwa DC,-5.688316,36.399796,central
ZOISSA SDA,122087-0,private,Dodoma,Kongwa DC,,,central
Zombo,108426-8,public,Morogoro,Kilosa DC,-6.96667,36.92167,coastal
ZOMOLA,120553-3,private,Dar Es Salaam,Ubungo MC,,,coastal
ZONGOMELA,108427-6,public,Shinyanga,Kahama MC,-3.86153,32.552065,lake
ZOOM EYE CARE,114188-6,private,Dar Es Salaam,Ilala MC,-6.80911,39.28349,coastal
ZUGIMLOLE,108429-2,public,Tabora,Kaliua DC,-5.32517001,31.652449001,central
ZUKHANY,121395-8,private,Dar Es Salaam,Ilala MC,,,coastal
ZULU,114182-9,private,Dar Es Salaam,Temeke MC,,,coastal
ZULU,111940-3,private,Dar Es Salaam,Ubungo MC,-6.80301,39.12629,coastal
Zumbe,121696-9,private,Tanga,Tanga CC,-5.10515,39.05453,coastal
ZUNZULI,108430-0,public,Shinyanga,Shinyanga DC,-3.32421,32.83933,lake
ZUZU,124210-6,public,Dodoma,Dodoma CC,-6.17454,35.64341,central
Zuzu,108431-8,public,Dodoma,Dodoma CC,-6.172144,35.640203,central
